v 0.9500 0.0000 0.0000
v 0.7200 0.0000 58.0000
v 0.8559 0.4122 0.0000
v 0.6487 0.3124 58.0000
v 0.5923 0.7427 0.0000
v 0.4489 0.5629 58.0000
v 0.2114 0.9262 0.0000
v 0.1602 0.7019 58.0000
v -0.2114 0.9262 0.0000
v -0.1602 0.7019 58.0000
v -0.5923 0.7427 0.0000
v -0.4489 0.5629 58.0000
v -0.8559 0.4122 0.0000
v -0.6487 0.3124 58.0000
v -0.9500 0.0000 0.0000
v -0.7200 0.0000 58.0000
v -0.8559 -0.4122 0.0000
v -0.6487 -0.3124 58.0000
v -0.5923 -0.7427 0.0000
v -0.4489 -0.5629 58.0000
v -0.2114 -0.9262 0.0000
v -0.1602 -0.7019 58.0000
v 0.2114 -0.9262 0.0000
v 0.1602 -0.7019 58.0000
v 0.5923 -0.7427 0.0000
v 0.4489 -0.5629 58.0000
v 0.8559 -0.4122 0.0000
v 0.6487 -0.3124 58.0000
v 0.9500 -0.0000 0.0000
v 0.7200 -0.0000 58.0000
v 0.0000 0.0000 58.0000
v 1.7200 0.0000 1.0000
v 1.4298 0.1018 0.6138
v 0.9602 0.0629 0.7613
v 0.9602 -0.0629 1.2387
v 1.4298 -0.1018 1.3862
v 1.7200 -0.0000 1.0000
v 1.4706 0.8906 1.1867
v 1.1695 0.8274 0.8004
v 0.7881 0.5509 0.9480
v 0.8533 0.4431 1.4254
v 1.2751 0.6531 1.5729
v 1.4706 0.8906 1.1867
v 0.7962 1.5229 1.3733
v 0.5713 1.3130 0.9871
v 0.3883 0.8788 1.1346
v 0.5000 0.8204 1.6120
v 0.7521 1.2185 1.7595
v 0.7962 1.5229 1.3733
v -0.1079 1.7143 1.5600
v -0.1914 1.4183 1.1738
v -0.1231 0.9521 1.3213
v 0.0028 0.9600 1.7987
v 0.0122 1.4311 1.9462
v -0.1079 1.7143 1.5600
v -0.9799 1.4099 1.7467
v -0.8981 1.1133 1.3605
v -0.5981 0.7500 1.5080
v -0.4945 0.8220 1.9853
v -0.7304 1.2298 2.1328
v -0.9799 1.4099 1.7467
v -1.5678 0.6980 1.9333
v -1.3442 0.4867 1.5472
v -0.8994 0.3313 1.6947
v -0.8480 0.4467 2.1720
v -1.2611 0.6733 2.3195
v -1.5678 0.6980 1.9333
v -1.7019 -0.2150 2.1200
v -1.4011 -0.2800 1.7338
v -0.9402 -0.1824 1.8813
v -0.9560 -0.0571 2.3587
v -1.4268 -0.0772 2.5062
v -1.7019 -0.2150 2.1200
v -1.3437 -1.0650 2.3067
v -1.0528 -0.9649 1.9205
v -0.7091 -0.6426 2.0680
v -0.7876 -0.5436 2.5453
v -1.1798 -0.8046 2.6928
v -1.3437 -1.0650 2.3067
v -0.5974 -1.6064 2.4933
v -0.4004 -1.3700 2.1072
v -0.2733 -0.9163 2.2547
v -0.3918 -0.8722 2.7320
v -0.5921 -1.2987 2.8795
v -0.5974 -1.6064 2.4933
v 0.3210 -1.6828 2.6800
v 0.3672 -1.3785 2.2939
v 0.2408 -0.9246 2.4414
v 0.1165 -0.9483 2.9186
v 0.1661 -1.4169 3.0661
v 0.3210 -1.6828 2.6800
v 1.1458 -1.2725 2.8667
v 1.0277 -0.9883 2.4806
v 0.6844 -0.6655 2.6280
v 0.5903 -0.7502 3.1053
v 0.8755 -1.1254 3.2528
v 1.1458 -1.2725 2.8667
v 1.6385 -0.4947 3.0533
v 1.3903 -0.3127 2.6673
v 0.9295 -0.2145 2.8147
v 0.8929 -0.3357 3.2919
v 1.3311 -0.5089 3.4394
v 1.6385 -0.4947 3.0533
v 1.6571 0.4255 3.2400
v 1.3505 0.4526 2.8539
v 0.9054 0.2979 3.0014
v 0.9369 0.1751 3.4786
v 1.4015 0.2540 3.6261
v 1.6571 0.4255 3.2400
v 1.1964 1.2218 3.4267
v 0.9201 1.0862 3.0406
v 0.6196 0.7233 3.1881
v 0.7101 0.6346 3.6653
v 1.0667 0.9426 3.8127
v 1.1964 1.2218 3.4267
v 0.3903 1.6641 3.6133
v 0.2241 1.4050 3.2273
v 0.1551 0.9389 3.3748
v 0.2786 0.9099 3.8519
v 0.4240 1.3581 3.9994
v 0.3903 1.6641 3.6133
v -0.5280 1.6249 3.8000
v -0.5359 1.3171 3.4140
v -0.3535 0.8827 3.5614
v -0.2328 0.9219 4.0386
v -0.3406 1.3806 4.1860
v -0.5280 1.6249 3.8000
v -1.2927 1.1159 3.9867
v -1.1402 0.8485 3.6007
v -0.7591 0.5713 3.7481
v -0.6761 0.6675 4.2252
v -1.0059 1.0040 4.3727
v -1.2927 1.1159 3.9867
v -1.6831 0.2847 4.1733
v -1.4141 0.1349 3.7873
v -0.9445 0.0953 3.9348
v -0.9233 0.2206 4.4119
v -1.3798 0.3376 4.5593
v -1.6831 0.2847 4.1733
v -1.5864 -0.6281 4.3600
v -1.2787 -0.6169 3.9740
v -0.8565 -0.4075 4.1215
v -0.9034 -0.2893 4.5985
v -1.3544 -0.4256 4.7460
v -1.5864 -0.6281 4.3600
v -1.0311 -1.3584 4.5467
v -0.7737 -1.1895 4.1607
v -0.5211 -0.7917 4.3081
v -0.6224 -0.7148 4.7852
v -0.9376 -1.0650 4.9326
v -1.0311 -1.3584 4.5467
v -0.1782 -1.6953 4.7333
v -0.0454 -1.4175 4.3474
v -0.0355 -0.9464 4.4948
v -0.1621 -0.9331 4.9719
v -0.2503 -1.3959 5.1193
v -0.1782 -1.6953 4.7333
v 0.7255 -1.5417 4.9200
v 0.6952 -1.2353 4.5341
v 0.4596 -0.8271 4.6815
v 0.3444 -0.8814 5.1585
v 0.5087 -1.3230 5.3059
v 0.7255 -1.5417 4.9200
v 1.4186 -0.9425 5.1067
v 1.2339 -0.6960 4.7208
v 0.8210 -0.4690 4.8682
v 0.7505 -0.5751 5.3452
v 1.1198 -0.8678 5.4926
v 1.4186 -0.9425 5.1067
v 1.7009 -0.0713 5.2933
v 1.4152 0.0439 4.9074
v 0.9444 0.0242 5.0548
v 0.9391 -0.1032 5.5318
v 1.4066 -0.1622 5.6792
v 1.7009 -0.0713 5.2933
v 1.4911 0.8198 5.4800
v 1.1871 0.7704 5.0941
v 0.7946 0.5096 5.2415
v 0.8560 0.3978 5.7185
v 1.2865 0.5895 5.8659
v 1.4911 0.8198 5.4800
v 0.8504 1.4730 5.6667
v 0.6159 1.2733 5.2808
v 0.4152 0.8469 5.4282
v 0.5258 0.7831 5.9051
v 0.7947 1.1700 6.0525
v 0.8504 1.4730 5.6667
v -0.0356 1.6997 5.8533
v -0.1328 1.4074 5.4675
v -0.0835 0.9387 5.6149
v 0.0442 0.9414 6.0918
v 0.0738 1.4117 6.2392
v -0.0356 1.6997 5.8533
v -0.9105 1.4348 6.0400
v -0.8423 1.1343 5.6542
v -0.5574 0.7590 5.8015
v -0.4495 0.8275 6.2785
v -0.6677 1.2451 6.4258
v -0.9105 1.4348 6.0400
v -1.5214 0.7552 6.2267
v -1.3074 0.5335 5.8408
v -0.8693 0.3601 5.9882
v -0.8124 0.4747 6.4651
v -1.2155 0.7188 6.6125
v -1.5214 0.7552 6.2267
v -1.6918 -0.1421 6.4133
v -1.3940 -0.2209 6.0275
v -0.9293 -0.1422 6.1749
v -0.9400 -0.0147 6.6518
v -1.4113 -0.0146 6.7991
v -1.6918 -0.1421 6.4133
v -1.3729 -0.9975 6.6000
v -1.0772 -0.9107 6.2142
v -0.7206 -0.6027 6.3616
v -0.7958 -0.4991 6.8384
v -1.1990 -0.7431 6.9858
v -1.3729 -0.9975 6.6000
v -0.6573 -1.5637 6.7867
v -0.4493 -1.3363 6.4009
v -0.3039 -0.8881 6.5482
v -0.4219 -0.8385 7.0251
v -0.6404 -1.2560 7.1724
v -0.6573 -1.5637 6.7867
v 0.2477 -1.6773 6.9733
v 0.3078 -1.3750 6.5876
v 0.2001 -0.9163 6.7349
v 0.0733 -0.9350 7.2117
v 0.1027 -1.4053 7.3591
v 0.2477 -1.6773 6.9733
v 1.0802 -1.3058 7.1600
v 0.9752 -1.0161 6.7743
v 0.6453 -0.6795 6.9216
v 0.5465 -0.7612 7.3984
v 0.8153 -1.1483 7.5457
v 1.0802 -1.3058 7.1600
v 1.5997 -0.5571 7.3467
v 1.3598 -0.3636 6.9609
v 0.9033 -0.2466 7.1083
v 0.8611 -0.3678 7.5851
v 1.2915 -0.5597 7.7324
v 1.5997 -0.5571 7.3467
v 1.6562 0.3520 7.5333
v 1.3507 0.3933 7.1476
v 0.8996 0.2568 7.2950
v 0.9263 0.1313 7.7717
v 1.3939 0.1901 7.9190
v 1.6562 0.3520 7.5333
v 1.2337 1.1585 7.7200
v 0.9510 1.0356 7.3343
v 0.6359 0.6852 7.4816
v 0.7238 0.5916 7.9584
v 1.0933 0.8841 8.1057
v 1.2337 1.1585 7.7200
v 0.4549 1.6293 7.9067
v 0.2767 1.3778 7.5210
v 0.1887 0.9148 7.6683
v 0.3125 0.8802 8.1450
v 0.4770 1.3218 8.2923
v 0.4549 1.6293 7.9067
v -0.4547 1.6286 8.0933
v -0.4769 1.3211 7.7077
v -0.3123 0.8795 7.8550
v -0.1885 0.9141 8.3317
v -0.2765 1.3770 8.4790
v -0.4547 1.6286 8.0933
v -1.2320 1.1570 8.2800
v -1.0917 0.8824 7.8944
v -0.7222 0.5900 8.0417
v -0.6341 0.6837 8.5183
v -0.9492 1.0342 8.6656
v -1.2320 1.1570 8.2800
v -1.6524 0.3512 8.4667
v -1.3902 0.1890 8.0810
v -0.9226 0.1303 8.2283
v -0.8959 0.2562 8.7050
v -1.3469 0.3928 8.8523
v -1.6524 0.3512 8.4667
v -1.5946 -0.5553 8.6533
v -1.2863 -0.5583 8.2677
v -0.8559 -0.3663 8.4150
v -0.8983 -0.2446 8.8917
v -1.3548 -0.3615 9.0389
v -1.5946 -0.5553 8.6533
v -1.0758 -1.3005 8.8400
v -0.8105 -1.1433 8.4544
v -0.5419 -0.7561 8.6017
v -0.6412 -0.6740 9.0783
v -0.9712 -1.0104 9.2256
v -1.0758 -1.3005 8.8400
v -0.2464 -1.6689 9.0267
v -0.1009 -1.3971 8.6411
v -0.0717 -0.9267 8.7884
v -0.1992 -0.9079 9.2650
v -0.3073 -1.3666 9.4122
v -0.2464 -1.6689 9.0267
v 0.6535 -1.5545 9.2133
v 0.6372 -1.2465 8.8278
v 0.4185 -0.8291 8.9750
v 0.2996 -0.8791 9.4516
v 0.4448 -1.3274 9.5989
v 0.6535 -1.5545 9.2133
v 1.3636 -0.9907 9.4000
v 1.1902 -0.7356 9.0145
v 0.7869 -0.4919 9.1617
v 0.7110 -0.5963 9.6383
v 1.0674 -0.9046 9.7855
v 1.3636 -0.9907 9.4000
v 1.6788 -0.1410 9.5867
v 1.3984 -0.0126 9.2011
v 0.9271 -0.0130 9.3484
v 0.9163 -0.1418 9.8249
v 1.3809 -0.2208 9.9722
v 1.6788 -0.1410 9.5867
v 1.5083 0.7488 9.7733
v 1.2019 0.7134 9.3878
v 0.7991 0.4688 9.5351
v 0.8565 0.3530 10.0116
v 1.2949 0.5261 10.1589
v 1.5083 0.7488 9.7733
v 0.9019 1.4212 9.9600
v 0.6581 1.2322 9.5745
v 0.4402 0.8143 9.7217
v 0.5494 0.7450 10.1983
v 0.8347 1.1201 10.3455
v 0.9019 1.4212 9.9600
v 0.0352 1.6821 10.1467
v -0.0755 1.3941 9.7612
v -0.0454 0.9238 9.9084
v 0.0840 0.9211 10.3849
v 0.1338 1.3897 10.5322
v 0.0352 1.6821 10.1467
v -0.8408 1.4564 10.3333
v -0.7864 1.1527 9.9479
v -0.5170 0.7660 10.0951
v -0.4049 0.8307 10.5716
v -0.6050 1.2574 10.7188
v -0.8408 1.4564 10.3333
v -1.4730 0.8098 10.5200
v -1.2692 0.5781 10.1345
v -0.8384 0.3870 10.2818
v -0.7760 0.5005 10.7582
v -1.1682 0.7618 10.9055
v -1.4730 0.8098 10.5200
v -1.6787 -0.0704 10.7067
v -1.3843 -0.1630 10.3212
v -0.9168 -0.1033 10.4685
v -0.9223 0.0262 10.9449
v -1.3931 0.0466 11.0921
v -1.6787 -0.0704 10.7067
v -1.3988 -0.9293 10.8933
v -1.0990 -0.8561 10.5079
v -0.7301 -0.5629 10.6551
v -0.8018 -0.4549 11.1315
v -1.2151 -0.6814 11.2788
v -1.3988 -0.9293 10.8933
v -0.7147 -1.5188 11.0800
v -0.4962 -1.3009 10.6946
v -0.3325 -0.8590 10.8418
v -0.4499 -0.8037 11.3182
v -0.6861 -1.2116 11.4654
v -0.7147 -1.5188 11.0800
v 0.1754 -1.6686 11.2667
v 0.2495 -1.3690 10.8813
v 0.1605 -0.9062 11.0285
v 0.0314 -0.9198 11.5048
v 0.0406 -1.3910 11.6521
v 0.1754 -1.6686 11.2667
v 1.0140 -1.3358 11.4533
v 0.9222 -1.0411 11.0680
v 0.6063 -0.6914 11.2152
v 0.5029 -0.7699 11.6915
v 0.7548 -1.1682 11.8387
v 1.0140 -1.3358 11.4533
v 1.5586 -0.6171 11.6400
v 1.3275 -0.4125 11.2546
v 0.8761 -0.2770 11.4018
v 0.8282 -0.3978 11.8782
v 1.2500 -0.6080 12.0254
v 1.5586 -0.6171 11.6400
v 1.6521 0.2794 11.8267
v 1.3484 0.3348 11.4413
v 0.8921 0.2168 11.5885
v 0.9138 0.0886 12.0648
v 1.3835 0.1273 12.2120
v 1.6521 0.2794 11.8267
v 1.2678 1.0943 12.0133
v 0.9793 0.9844 11.6280
v 0.6501 0.6471 11.7752
v 0.7351 0.5486 12.2515
v 1.1169 0.8250 12.3987
v 1.2678 1.0943 12.0133
v 0.5173 1.5921 12.2000
v 0.3274 1.3486 11.8147
v 0.2206 0.8896 11.9619
v 0.3444 0.8494 12.4381
v 0.5278 1.2835 12.5853
v 0.5173 1.5921 12.2000
v -0.3821 1.6290 12.3867
v -0.4184 1.3224 12.0014
v -0.2720 0.8744 12.1485
v -0.1452 0.9042 12.6248
v -0.2132 1.3705 12.7720
v -0.3821 1.6290 12.3867
v -1.1702 1.1949 12.5733
v -1.0425 0.9138 12.1881
v -0.6851 0.6065 12.3352
v -0.5920 0.6977 12.8114
v -0.8918 1.0614 12.9586
v -1.1702 1.1949 12.5733
v -1.6192 0.4157 12.7600
v -1.3643 0.2414 12.3747
v -0.8995 0.1636 12.5219
v -0.8670 0.2899 12.9981
v -1.3118 0.4458 13.1453
v -1.6192 0.4157 12.7600
v -1.5996 -0.4830 12.9467
v -1.2913 -0.5001 12.5614
v -0.8534 -0.3258 12.7086
v -0.8911 -0.2009 13.1848
v -1.3523 -0.2980 13.3319
v -1.5996 -0.4830 12.9467
v -1.1176 -1.2412 13.1333
v -0.8449 -1.0962 12.7481
v -0.5606 -0.7202 12.8953
v -0.6577 -0.6329 13.3714
v -1.0019 -0.9548 13.5186
v -1.1176 -1.2412 13.1333
v -0.3128 -1.6398 13.3200
v -0.1546 -1.3746 12.9348
v -0.1063 -0.9057 13.0819
v -0.2346 -0.8813 13.5581
v -0.3623 -1.3350 13.7052
v -0.3128 -1.6398 13.3200
v 0.5816 -1.5640 13.5067
v 0.5796 -1.2551 13.1215
v 0.3781 -0.8291 13.2686
v 0.2555 -0.8746 13.7447
v 0.3814 -1.3288 13.8919
v 0.5816 -1.5640 13.5067
v 1.3071 -1.0360 13.6933
v 1.1454 -0.7728 13.3082
v 0.7523 -0.5128 13.4553
v 0.6710 -0.6153 13.9314
v 1.0139 -0.9386 14.0785
v 1.3071 -1.0360 13.6933
v 1.6540 -0.2089 13.8800
v 1.3793 -0.0675 13.4948
v 0.9084 -0.0488 13.6420
v 0.8920 -0.1786 14.1180
v 1.3528 -0.2776 14.2652
v 1.6540 -0.2089 13.8800
v 1.5223 0.6778 14.0667
v 1.2141 0.6565 13.6815
v 0.8015 0.4285 13.8286
v 0.8548 0.3089 14.3047
v 1.3002 0.4629 14.4518
v 1.5223 0.6778 14.0667
v 0.9506 1.3677 14.2533
v 0.6979 1.1899 13.8682
v 0.4632 0.7812 14.0153
v 0.5707 0.7064 14.4914
v 0.8720 1.0689 14.6385
v 0.9506 1.3677 14.2533
v 0.1045 1.6615 14.4400
v -0.0195 1.3785 14.0549
v -0.0086 0.9073 14.2020
v 0.1222 0.8991 14.6780
v 0.1922 1.3652 14.8251
v 0.1045 1.6615 14.4400
v -0.7709 1.4747 14.6267
v -0.7305 1.1683 14.2416
v -0.4771 0.7710 14.3887
v -0.3608 0.8317 14.8647
v -0.5424 1.2666 15.0118
v -0.7709 1.4747 14.6267
v -1.4227 0.8616 14.8133
v -1.2295 0.6205 14.4283
v -0.8068 0.4119 14.5753
v -0.7388 0.5242 15.0513
v -1.1195 0.8021 15.1984
v -1.4227 0.8616 14.8133
v -1.6625 -0.0000 15.0000
v -1.3723 -0.1062 14.6149
v -0.9027 -0.0657 14.7620
v -0.9027 0.0657 15.2380
v -1.3723 0.1062 15.3851
v -1.6625 -0.0000 15.0000
v -1.4214 -0.8608 15.1867
v -1.1181 -0.8014 14.8016
v -0.7375 -0.5234 14.9487
v -0.8055 -0.4110 15.4246
v -1.2282 -0.6196 15.5717
v -1.4214 -0.8608 15.1867
v -0.7695 -1.4720 15.3733
v -0.5408 -1.2640 14.9883
v -0.3593 -0.8291 15.1354
v -0.4758 -0.7682 15.6113
v -0.7293 -1.1655 15.7584
v -0.7695 -1.4720 15.3733
v 0.1042 -1.6569 15.5600
v 0.1922 -1.3606 15.1750
v 0.1222 -0.8945 15.3221
v -0.0091 -0.9028 15.7979
v -0.0202 -1.3740 15.9450
v 0.1042 -1.6569 15.5600
v 0.9471 -1.3626 15.7467
v 0.8689 -1.0636 15.3617
v 0.5675 -0.7012 15.5087
v 0.4594 -0.7763 15.9846
v 0.6940 -1.1851 16.1317
v 0.9471 -1.3626 15.7467
v 1.5153 -0.6746 15.9333
v 1.2935 -0.4593 15.5484
v 0.8479 -0.3055 15.6954
v 0.7944 -0.4258 16.1713
v 1.2068 -0.6539 16.3183
v 1.5153 -0.6746 15.9333
v 1.6448 0.2078 16.1200
v 1.3435 0.2772 15.7350
v 0.8828 0.1779 15.8821
v 0.8993 0.0472 16.3579
v 1.3703 0.0657 16.5050
v 1.6448 0.2078 16.1200
v 1.2987 1.0293 16.3067
v 1.0050 0.9327 15.9217
v 0.6623 0.6090 16.0688
v 0.7442 0.5057 16.5446
v 1.1375 0.7655 16.6916
v 1.2987 1.0293 16.3067
v 0.5774 1.5525 16.4933
v 0.3762 1.3177 16.1084
v 0.2507 0.8633 16.2554
v 0.3743 0.8174 16.7312
v 0.5762 1.2433 16.8783
v 0.5774 1.5525 16.4933
v -0.3102 1.6263 16.6800
v -0.3607 1.3212 16.2951
v -0.2327 0.8676 16.4421
v -0.1030 0.8923 16.9179
v -0.1510 1.3612 17.0649
v -0.3102 1.6263 16.6800
v -1.1073 1.2298 16.8667
v -0.9925 0.9426 16.4818
v -0.6480 0.6210 16.6288
v -0.5498 0.7093 17.1045
v -0.8337 1.0856 17.2516
v -1.1073 1.2298 16.8667
v -1.5835 0.4781 17.0533
v -1.3365 0.2919 16.6685
v -0.8752 0.1952 16.8155
v -0.8370 0.3217 17.2912
v -1.2747 0.4965 17.4382
v -1.5835 0.4781 17.0533
v -1.6014 -0.4112 17.2400
v -1.2937 -0.4426 16.8551
v -0.8490 -0.2862 17.0021
v -0.8819 -0.1582 17.4779
v -1.3469 -0.2354 17.6249
v -1.6014 -0.4112 17.2400
v -1.1562 -1.1807 17.4267
v -0.8767 -1.0482 17.0418
v -0.5774 -0.6841 17.1888
v -0.6719 -0.5916 17.6645
v -1.0296 -0.8985 17.8115
v -1.1562 -1.1807 17.4267
v -0.3772 -1.6081 17.6133
v -0.2066 -1.3500 17.2285
v -0.1392 -0.8835 17.3755
v -0.2681 -0.8533 17.8512
v -0.4152 -1.3011 17.9982
v -0.3772 -1.6081 17.6133
v 0.5102 -1.5702 17.8000
v 0.5224 -1.2611 17.4152
v 0.3384 -0.8271 17.5622
v 0.2124 -0.8681 18.0378
v 0.3186 -1.3273 18.1848
v 0.5102 -1.5702 17.8000
v 1.2492 -1.0783 17.9867
v 1.0996 -0.8075 17.6019
v 0.7174 -0.5317 17.7489
v 0.6308 -0.6320 18.2245
v 0.9595 -0.9698 18.3715
v 1.2492 -1.0783 17.9867
v 1.6264 -0.2751 18.1733
v 1.3581 -0.1209 17.7886
v 0.8883 -0.0830 17.9355
v 0.8662 -0.2137 18.4111
v 1.3223 -0.3325 18.5581
v 1.6264 -0.2751 18.1733
v 1.5329 0.6069 18.3600
v 1.2236 0.5999 17.9752
v 0.8021 0.3889 18.1222
v 0.8509 0.2655 18.5978
v 1.3026 0.4003 18.7448
v 1.5329 0.6069 18.3600
v 0.9963 1.3126 18.5467
v 0.7353 1.1464 18.1619
v 0.4841 0.7476 18.3089
v 0.5898 0.6673 18.7844
v 0.9064 1.0165 18.9314
v 0.9963 1.3126 18.5467
v 0.1722 1.6381 18.7333
v 0.0350 1.3608 18.3486
v 0.0267 0.8895 18.4956
v 0.1588 0.8756 18.9711
v 0.2487 1.3383 19.1180
v 0.1722 1.6381 18.7333
v -0.7010 1.4897 18.9200
v -0.6747 1.1813 18.5353
v -0.4376 0.7739 18.6822
v -0.3174 0.8305 19.1578
v -0.4801 1.2729 19.3047
v -0.7010 1.4897 18.9200
v -1.3707 0.9107 19.1067
v -1.1885 0.6605 18.7220
v -0.7746 0.4348 18.8689
v -0.7010 0.5456 19.3444
v -1.0694 0.8397 19.4913
v -1.3707 0.9107 19.1067
v -1.6434 0.0689 19.2933
v -1.3580 -0.0508 18.9087
v -0.8871 -0.0294 19.0556
v -0.8815 0.1035 19.5311
v -1.3490 0.1643 19.6780
v -1.6434 0.0689 19.2933
v -1.4407 -0.7921 19.4800
v -1.1345 -0.7466 19.0954
v -0.7429 -0.4844 19.2423
v -0.8070 -0.3677 19.7177
v -1.2383 -0.5578 19.8646
v -1.4407 -0.7921 19.4800
v -0.8217 -1.4232 19.6667
v -0.5832 -1.2257 19.2820
v -0.3841 -0.7985 19.4290
v -0.4995 -0.7319 19.9044
v -0.7699 -1.1179 20.0513
v -0.8217 -1.4232 19.6667
v 0.0344 -1.6422 19.8533
v 0.1361 -1.3498 19.4687
v 0.0851 -0.8812 19.6156
v -0.0481 -0.8840 20.0910
v -0.0795 -1.3543 20.2379
v 0.0344 -1.6422 19.8533
v 0.8797 -1.3862 20.0400
v 0.8153 -1.0834 19.6554
v 0.5289 -0.7090 19.8023
v 0.4163 -0.7804 20.2777
v 0.6331 -1.1990 20.4246
v 0.8797 -1.3862 20.0400
v 1.4699 -0.7297 20.2267
v 1.2580 -0.5039 19.8421
v 0.8190 -0.3321 19.9890
v 0.7597 -0.4516 20.4643
v 1.1619 -0.6973 20.6112
v 1.4699 -0.7297 20.2267
v 1.6345 0.1373 20.4133
v 1.3363 0.2206 20.0288
v 0.8718 0.1402 20.1757
v 0.8830 0.0071 20.6510
v 1.3544 0.0053 20.7979
v 1.6345 0.1373 20.4133
v 1.3264 0.9637 20.6000
v 1.0281 0.8805 20.2155
v 0.6724 0.5711 20.3623
v 0.7510 0.4630 20.8377
v 1.1551 0.7056 20.9845
v 1.3264 0.9637 20.6000
v 0.6350 1.5107 20.7867
v 0.4229 1.2851 20.4021
v 0.2790 0.8362 20.5490
v 0.4022 0.7844 21.0243
v 0.6223 1.2012 21.1712
v 0.6350 1.5107 20.7867
v -0.2393 1.6204 20.9733
v -0.3039 1.3175 20.5888
v -0.1945 0.8590 20.7357
v -0.0621 0.8785 21.2110
v -0.0898 1.3491 21.3578
v -0.2393 1.6204 20.9733
v -1.0436 1.2615 21.1600
v -0.9420 0.9689 20.7755
v -0.6108 0.6334 20.9224
v -0.5077 0.7187 21.3976
v -0.7752 1.1069 21.5445
v -1.0436 1.2615 21.1600
v -1.5454 0.5382 21.3467
v -1.3070 0.3404 20.9622
v -0.8499 0.2251 21.1091
v -0.8059 0.3515 21.5843
v -1.2357 0.5450 21.7311
v -1.5454 0.5382 21.3467
v -1.5999 -0.3401 21.5333
v -1.2935 -0.3858 21.1489
v -0.8428 -0.2476 21.2957
v -0.8707 -0.1166 21.7709
v -1.3386 -0.1737 21.9178
v -1.5999 -0.3401 21.5333
v -1.1918 -1.1192 21.7200
v -0.9060 -0.9996 21.3356
v -0.5920 -0.6479 21.4824
v -0.6838 -0.5502 21.9576
v -1.0545 -0.8414 22.1044
v -1.1918 -1.1192 21.7200
v -0.4395 -1.5739 21.9067
v -0.2569 -1.3236 21.5223
v -0.1705 -0.8602 21.6691
v -0.2997 -0.8241 22.1442
v -0.4659 -1.2652 22.2911
v -0.4395 -1.5739 21.9067
v 0.4392 -1.5732 22.0933
v 0.4658 -1.2645 21.7089
v 0.2996 -0.8233 21.8558
v 0.1703 -0.8594 22.3309
v 0.2566 -1.3229 22.4777
v 0.4392 -1.5732 22.0933
v 1.1901 -1.1176 22.2800
v 1.0529 -0.8397 21.8956
v 0.6822 -0.5485 22.0424
v 0.5903 -0.6464 22.5176
v 0.9042 -0.9981 22.6644
v 1.1901 -1.1176 22.2800
v 1.5962 -0.3393 22.4667
v 1.3349 -0.1726 22.0823
v 0.8670 -0.1156 22.2291
v 0.8390 -0.2470 22.7042
v 1.2897 -0.3853 22.8510
v 1.5962 -0.3393 22.4667
v 1.5403 0.5364 22.6533
v 1.2305 0.5437 22.2690
v 0.8007 0.3500 22.4158
v 0.8449 0.2230 22.8909
v 1.3020 0.3382 23.0377
v 1.5403 0.5364 22.6533
v 1.0392 1.2562 22.8400
v 0.7703 1.1019 22.4557
v 0.5030 0.7136 22.6025
v 0.6067 0.6279 23.0775
v 0.9381 0.9632 23.2243
v 1.0392 1.2562 22.8400
v 0.2380 1.6121 23.0267
v 0.0879 1.3409 22.6424
v 0.0605 0.8702 22.7892
v 0.1936 0.8506 23.2642
v 0.3034 1.3090 23.4110
v 0.2380 1.6121 23.0267
v -0.6312 1.5015 23.2133
v -0.6192 1.1917 22.8290
v -0.3988 0.7750 22.9758
v -0.2747 0.8272 23.4508
v -0.4182 1.2762 23.5976
v -0.6312 1.5015 23.2133
v -1.3171 0.9569 23.4000
v -1.1464 0.6981 23.0157
v -0.7420 0.4558 23.1625
v -0.6628 0.5648 23.6375
v -1.0182 0.8746 23.7843
v -1.3171 0.9569 23.4000
v -1.6215 0.1362 23.5867
v -1.3415 0.0032 23.2024
v -0.8700 0.0054 23.3492
v -0.8588 0.1398 23.8241
v -1.3232 0.2206 23.9709
v -1.6215 0.1362 23.5867
v -1.4568 -0.7232 23.7733
v -1.1484 -0.6919 23.3891
v -0.7463 -0.4458 23.5359
v -0.8063 -0.3249 24.0108
v -1.2454 -0.4964 24.1576
v -1.4568 -0.7232 23.7733
v -0.8711 -1.3726 23.9600
v -0.6234 -1.1861 23.5758
v -0.4070 -0.7673 23.7225
v -0.5210 -0.6949 24.1975
v -0.8078 -1.0691 24.3442
v -0.8711 -1.3726 23.9600
v -0.0340 -1.6246 24.1467
v 0.0813 -1.3367 23.7625
v 0.0494 -0.8664 23.9092
v -0.0857 -0.8635 24.3841
v -0.1372 -1.3321 24.5309
v -0.0340 -1.6246 24.1467
v 0.8121 -1.4066 24.3333
v 0.7617 -1.1006 23.9492
v 0.4907 -0.7148 24.0959
v 0.3737 -0.7824 24.5708
v 0.5723 -1.2099 24.7175
v 0.8121 -1.4066 24.3333
v 1.4226 -0.7821 24.5200
v 1.2210 -0.5464 24.1358
v 0.7894 -0.3568 24.2826
v 0.7242 -0.4753 24.7574
v 1.1156 -0.7382 24.9042
v 1.4226 -0.7821 24.5200
v 1.6212 0.0679 24.7067
v 1.3267 0.1652 24.3225
v 0.8593 0.1037 24.4693
v 0.8649 -0.0315 24.9441
v 1.3358 -0.0536 25.0908
v 1.6212 0.0679 24.7067
v 1.3509 0.8975 24.8933
v 1.0485 0.8282 24.5092
v 0.6806 0.5335 24.6559
v 0.7555 0.4207 25.1307
v 1.1698 0.6457 25.2775
v 1.3509 0.8975 24.8933
v 0.6902 1.4668 25.0800
v 0.4675 1.2509 24.6959
v 0.3054 0.8082 24.8426
v 0.4280 0.7505 25.3174
v 0.6659 1.1575 25.4641
v 0.6902 1.4668 25.0800
v -0.1694 1.6115 25.2667
v -0.2481 1.3114 24.8826
v -0.1574 0.8487 25.0293
v -0.0225 0.8629 25.5040
v -0.0299 1.3343 25.6508
v -0.1694 1.6115 25.2667
v -0.9792 1.2900 25.4533
v -0.8911 0.9925 25.0693
v -0.5739 0.6438 25.2160
v -0.4658 0.7259 25.6907
v -0.7163 1.1252 25.8374
v -0.9792 1.2900 25.4533
v -1.5051 0.5959 25.6400
v -1.2757 0.3870 25.2559
v -0.8237 0.2531 25.4026
v -0.7737 0.3793 25.8774
v -1.1949 0.5912 26.0241
v -1.5051 0.5959 25.6400
v -1.5954 -0.2698 25.8267
v -1.2909 -0.3298 25.4426
v -0.8349 -0.2101 25.5893
v -0.8576 -0.0762 26.0640
v -1.3276 -0.1131 26.2107
v -1.5954 -0.2698 25.8267
v -1.2243 -1.0568 26.0133
v -0.9327 -0.9504 25.6293
v -0.6047 -0.6117 25.7760
v -0.6935 -0.5089 26.2507
v -1.0764 -0.7839 26.3973
v -1.2243 -1.0568 26.0133
v -0.4995 -1.5374 26.2000
v -0.3052 -1.2954 25.8160
v -0.2001 -0.8358 25.9627
v -0.3294 -0.7938 26.4373
v -0.5145 -1.2274 26.5840
v -0.4995 -1.5374 26.2000
v 0.3690 -1.5730 26.3867
v 0.4099 -1.2654 26.0027
v 0.2617 -0.8178 26.1494
v 0.1292 -0.8489 26.6240
v 0.1955 -1.3156 26.7706
v 0.3690 -1.5730 26.3867
v 1.1299 -1.1538 26.5733
v 1.0056 -0.8694 26.1894
v 0.6470 -0.5634 26.3360
v 0.5497 -0.6586 26.8106
v 0.8482 -1.0236 26.9573
v 1.1299 -1.1538 26.5733
v 1.5635 -0.4014 26.7600
v 1.3098 -0.2225 26.3761
v 0.8445 -0.1465 26.5227
v 0.8106 -0.2785 26.9973
v 1.2550 -0.4360 27.1439
v 1.5635 -0.4014 26.7600
v 1.5446 0.4663 26.9467
v 1.2349 0.4880 26.5627
v 0.7975 0.3120 26.7094
v 0.8369 0.1815 27.1839
v 1.2986 0.2769 27.3306
v 1.5446 0.4663 26.9467
v 1.0791 1.1984 27.1333
v 0.8029 1.0566 26.7494
v 0.5200 0.6794 26.8961
v 0.6214 0.5882 27.3706
v 0.9669 0.9089 27.5172
v 1.0791 1.1984 27.1333
v 0.3020 1.5833 27.3200
v 0.1392 1.3190 26.9361
v 0.0926 0.8498 27.0827
v 0.2267 0.8242 27.5573
v 0.3561 1.2776 27.7039
v 0.3020 1.5833 27.3200
v -0.5616 1.5101 27.5067
v -0.5640 1.1996 27.1228
v -0.3607 0.7742 27.2694
v -0.2328 0.8218 27.7439
v -0.3569 1.2766 27.8905
v -0.5616 1.5101 27.5067
v -1.2620 1.0003 27.6933
v -1.1033 0.7334 27.3095
v -0.7090 0.4748 27.4561
v -0.6242 0.5819 27.9306
v -0.9659 0.9066 28.0772
v -1.2620 1.0003 27.6933
v -1.5969 0.2017 27.8800
v -1.3228 0.0556 27.4962
v -0.8517 0.0387 27.6428
v -0.8345 0.1743 28.1172
v -1.2951 0.2751 28.2638
v -1.5969 0.2017 27.8800
v -1.4697 -0.6544 28.0667
v -1.1596 -0.6374 27.6829
v -0.7478 -0.4078 27.8295
v -0.8035 -0.2829 28.3039
v -1.2496 -0.4352 28.4505
v -1.4697 -0.6544 28.0667
v -0.9177 -1.3205 28.2533
v -0.6612 -1.1454 27.8695
v -0.4279 -0.7356 28.0161
v -0.5403 -0.6575 28.4905
v -0.8430 -1.0190 28.6371
v -0.9177 -1.3205 28.2533
v -0.1009 -1.6041 28.4400
v 0.0279 -1.3214 28.0562
v 0.0151 -0.8501 28.2028
v -0.1216 -0.8415 28.6772
v -0.1933 -1.3075 28.8238
v -0.1009 -1.6041 28.4400
v 0.7443 -1.4237 28.6267
v 0.7081 -1.1152 28.2429
v 0.4530 -0.7186 28.3895
v 0.3316 -0.7821 28.8638
v 0.5116 -1.2179 29.0104
v 0.7443 -1.4237 28.6267
v 1.3735 -0.8318 28.8133
v 1.1827 -0.5866 28.4296
v 0.7591 -0.3796 28.5762
v 0.6881 -0.4969 29.0505
v 1.0678 -0.7764 29.1971
v 1.3735 -0.8318 28.8133
v 1.6050 0.0000 29.0000
v 1.3148 0.1110 28.6163
v 0.8452 0.0686 28.7629
v 0.8452 -0.0686 29.2371
v 1.3148 -0.1110 29.3837
v 1.6050 0.0000 29.0000
v 1.3722 0.8310 29.1867
v 1.0664 0.7757 28.8030
v 0.6868 0.4962 28.9495
v 0.7579 0.3787 29.4238
v 1.1815 0.5857 29.5704
v 1.3722 0.8310 29.1867
v 0.7429 1.4210 29.3733
v 0.5099 1.2153 28.9897
v 0.3300 0.7795 29.1362
v 0.4517 0.7159 29.6105
v 0.7069 1.1123 29.7570
v 0.7429 1.4210 29.3733
v -0.1006 1.5995 29.5600
v -0.1934 1.3029 29.1763
v -0.1215 0.8369 29.3229
v 0.0157 0.8456 29.7971
v 0.0286 1.3169 29.9437
v -0.1006 1.5995 29.5600
v -0.9142 1.3154 29.7467
v -0.8400 1.0136 29.3630
v -0.5371 0.6523 29.5096
v -0.4242 0.7308 29.9838
v -0.6573 1.1406 30.1303
v -0.9142 1.3154 29.7467
v -1.4627 0.6513 29.9333
v -1.2429 0.4315 29.5497
v -0.7966 0.2794 29.6962
v -0.7407 0.4051 30.1704
v -1.1523 0.6349 30.3169
v -1.4627 0.6513 29.9333
v -1.5878 -0.2006 30.1200
v -1.2859 -0.2747 29.7364
v -0.8254 -0.1737 29.8829
v -0.8426 -0.0371 30.3571
v -1.3138 -0.0537 30.5036
v -1.5878 -0.2006 30.1200
v -1.2536 -0.9936 30.3067
v -0.9569 -0.9007 29.9231
v -0.6154 -0.5757 30.0696
v -0.7010 -0.4677 30.5437
v -1.0954 -0.7260 30.6902
v -1.2536 -0.9936 30.3067
v -0.5573 -1.4986 30.4933
v -0.3516 -1.2655 30.1098
v -0.2279 -0.8105 30.2563
v -0.3571 -0.7624 30.7304
v -0.5607 -1.1877 30.8769
v -0.5573 -1.4986 30.4933
v 0.2995 -1.5698 30.6800
v 0.3547 -1.2638 30.2965
v 0.2248 -0.8105 30.4430
v 0.0893 -0.8364 30.9170
v 0.1355 -1.3056 31.0635
v 0.2995 -1.5698 30.6800
v 1.0688 -1.1871 30.8667
v 0.9576 -0.8967 30.4831
v 0.6117 -0.5762 30.6296
v 0.5091 -0.6686 31.1037
v 0.7917 -1.0461 31.2502
v 1.0688 -1.1871 30.8667
v 1.5284 -0.4615 31.0533
v 1.2829 -0.2706 30.6698
v 0.8210 -0.1757 30.8163
v 0.7811 -0.3080 31.2903
v 1.2183 -0.4845 31.4368
v 1.5284 -0.4615 31.0533
v 1.5457 0.3969 31.2400
v 1.2368 0.4330 30.8565
v 0.7926 0.2748 31.0030
v 0.8269 0.1410 31.4770
v 1.2924 0.2164 31.6235
v 1.5457 0.3969 31.2400
v 1.1160 1.1396 31.4267
v 0.8330 1.0105 31.0432
v 0.5350 0.6451 31.1897
v 0.6338 0.5484 31.6637
v 0.9929 0.8540 31.8101
v 1.1160 1.1396 31.4267
v 0.3641 1.5521 31.6133
v 0.1888 1.2952 31.2299
v 0.1232 0.8282 31.3764
v 0.2579 0.7966 31.8503
v 0.4068 1.2440 31.9968
v 0.3641 1.5521 31.6133
v -0.4924 1.5155 31.8000
v -0.5093 1.2049 31.4166
v -0.3235 0.7715 31.5630
v -0.1918 0.8143 32.0370
v -0.2962 1.2741 32.1834
v -0.4924 1.5155 31.8000
v -1.2057 1.0407 31.9867
v -1.0592 0.7663 31.6033
v -0.6758 0.4918 31.7497
v -0.5853 0.5967 32.2236
v -0.9128 0.9359 32.3701
v -1.2057 1.0407 31.9867
v -1.5697 0.2655 32.1733
v -1.3022 0.1065 31.7900
v -0.8321 0.0704 31.9364
v -0.8090 0.2071 32.4103
v -1.2648 0.3277 32.5567
v -1.5697 0.2655 32.1733
v -1.4795 -0.5858 32.3600
v -1.1683 -0.5833 31.9766
v -0.7475 -0.3705 32.1231
v -0.7986 -0.2416 32.5969
v -1.2509 -0.3746 32.7434
v -1.4795 -0.5858 32.3600
v -0.9616 -1.2668 32.5467
v -0.6967 -1.1035 32.1633
v -0.4469 -0.7036 32.3097
v -0.5575 -0.6197 32.7836
v -0.8755 -0.9678 32.9300
v -0.9616 -1.2668 32.5467
v -0.1662 -1.5810 32.7333
v -0.0241 -1.3041 32.3500
v -0.0177 -0.8326 32.4964
v -0.1558 -0.8181 32.9702
v -0.2476 -1.2806 33.1167
v -0.1662 -1.5810 32.7333
v 0.6765 -1.4377 32.9200
v 0.6547 -1.1272 32.5367
v 0.4159 -0.7206 32.6831
v 0.2902 -0.7798 33.1569
v 0.4512 -1.2229 33.3033
v 0.6765 -1.4377 32.9200
v 1.3228 -0.8789 33.1067
v 1.1433 -0.6246 32.7234
v 0.7284 -0.4005 32.8698
v 0.6515 -0.5163 33.3435
v 1.0188 -0.8119 33.4899
v 1.3228 -0.8789 33.1067
v 1.5860 -0.0665 33.2933
v 1.3007 0.0581 32.9101
v 0.8298 0.0348 33.0565
v 0.8239 -0.1042 33.5302
v 1.2913 -0.1668 33.6766
v 1.5860 -0.0665 33.2933
v 1.3903 0.7644 33.4800
v 1.0818 0.7232 33.0968
v 0.6910 0.4593 33.2431
v 0.7581 0.3373 33.7169
v 1.1903 0.5259 33.8632
v 1.3903 0.7644 33.4800
v 0.7929 1.3734 33.6667
v 0.5502 1.1784 33.2834
v 0.3527 0.7502 33.4298
v 0.4733 0.6806 33.9035
v 0.7454 1.0657 34.0499
v 0.7929 1.3734 33.6667
v -0.0332 1.5847 33.8533
v -0.1398 1.2922 33.4701
v -0.0870 0.8236 33.6165
v 0.0524 0.8266 34.0902
v 0.0856 1.2969 34.2365
v -0.0332 1.5847 33.8533
v -0.8489 1.3377 34.0400
v -0.7887 1.0322 33.6568
v -0.5007 0.6588 33.8032
v -0.3829 0.7335 34.2768
v -0.5982 1.1531 34.4232
v -0.8489 1.3377 34.0400
v -1.4184 0.7041 34.2267
v -1.2086 0.4739 33.8435
v -0.7689 0.3038 33.9899
v -0.7068 0.4288 34.4635
v -1.1082 0.6762 34.6098
v -1.4184 0.7041 34.2267
v -1.5772 -0.1324 34.4133
v -1.2786 -0.2207 34.0302
v -0.8143 -0.1384 34.1765
v -0.8259 0.0007 34.6501
v -1.2975 0.0044 34.7965
v -1.5772 -0.1324 34.4133
v -1.2799 -0.9299 34.6000
v -0.9786 -0.8507 34.2169
v -0.6241 -0.5398 34.3632
v -0.7062 -0.4268 34.8368
v -1.1115 -0.6679 34.9831
v -1.2799 -0.9299 34.6000
v -0.6128 -1.4577 34.7867
v -0.3960 -1.2340 34.4036
v -0.2539 -0.7843 34.5499
v -0.3828 -0.7302 35.0234
v -0.6045 -1.1463 35.1698
v -0.6128 -1.4577 34.7867
v 0.2309 -1.5635 34.9733
v 0.3004 -1.2599 34.5903
v 0.1891 -0.8017 34.7366
v 0.0507 -0.8221 35.2101
v 0.0765 -1.2929 35.3564
v 0.2309 -1.5635 34.9733
v 1.0069 -1.2172 35.1600
v 0.9092 -0.9214 34.7769
v 0.5766 -0.5871 34.9233
v 0.4687 -0.6764 35.3967
v 0.7347 -1.0657 35.5431
v 1.0069 -1.2172 35.1600
v 1.4911 -0.5193 35.3467
v 1.2543 -0.3168 34.9636
v 0.7966 -0.2033 35.1099
v 0.7506 -0.3355 35.5834
v 1.1798 -0.5308 35.7297
v 1.4911 -0.5193 35.3467
v 1.5437 0.3281 35.5333
v 1.2362 0.3787 35.1503
v 0.7859 0.2387 35.2966
v 0.8151 0.1016 35.7701
v 1.2834 0.1569 35.9164
v 1.5437 0.3281 35.5333
v 1.1499 1.0798 35.7200
v 0.8607 0.9638 35.3370
v 0.5480 0.6108 35.4833
v 0.6440 0.5086 35.9567
v 1.0160 0.7984 36.1030
v 1.1499 1.0798 35.7200
v 0.4240 1.5186 35.9067
v 0.2366 1.2696 35.5237
v 0.1521 0.8056 35.6700
v 0.2872 0.7679 36.1434
v 0.4553 1.2085 36.2896
v 0.4240 1.5186 35.9067
v -0.4238 1.5178 36.0933
v -0.4551 1.2078 35.7104
v -0.2871 0.7671 35.8567
v -0.1519 0.8049 36.3300
v -0.2363 1.2688 36.4763
v -0.4238 1.5178 36.0933
v -1.1482 1.0782 36.2800
v -1.0144 0.7967 35.8971
v -0.6424 0.5069 36.0433
v -0.5463 0.6093 36.5167
v -0.8588 0.9624 36.6629
v -1.1482 1.0782 36.2800
v -1.5399 0.3273 36.4667
v -1.2797 0.1558 36.0838
v -0.8114 0.1006 36.2300
v -0.7821 0.2381 36.7033
v -1.2324 0.3782 36.8496
v -1.5399 0.3273 36.4667
v -1.4860 -0.5175 36.6533
v -1.1745 -0.5295 36.2704
v -0.7454 -0.3340 36.4167
v -0.7916 -0.2012 36.8900
v -1.2494 -0.3146 37.0362
v -1.4860 -0.5175 36.6533
v -1.0025 -1.2119 36.8400
v -0.7298 -1.0608 36.4571
v -0.4640 -0.6713 36.6034
v -0.5725 -0.5816 37.0766
v -0.9053 -0.9157 37.2229
v -1.0025 -1.2119 36.8400
v -0.2296 -1.5552 37.0267
v -0.0746 -1.2847 36.6438
v -0.0490 -0.8138 36.7900
v -0.1883 -0.7932 37.2633
v -0.3000 -1.2514 37.4095
v -0.2296 -1.5552 37.0267
v 0.6089 -1.4485 37.2133
v 0.6015 -1.1368 36.8305
v 0.3794 -0.7208 36.9767
v 0.2495 -0.7754 37.4499
v 0.3913 -1.2251 37.5962
v 0.6089 -1.4485 37.2133
v 1.2706 -0.9231 37.4000
v 1.1028 -0.6603 37.0172
v 0.6973 -0.4195 37.1634
v 0.6144 -0.5336 37.6366
v 0.9687 -0.8448 37.7828
v 1.2706 -0.9231 37.4000
v 1.5642 -0.1314 37.5867
v 1.2846 0.0067 37.2039
v 0.8130 0.0025 37.3501
v 0.8012 -0.1381 37.8232
v 1.2655 -0.2208 37.9695
v 1.5642 -0.1314 37.5867
v 1.4053 0.6976 37.7733
v 1.0946 0.6709 37.3906
v 0.6934 0.4230 37.5368
v 0.7562 0.2966 38.0099
v 1.1962 0.4663 38.1561
v 1.4053 0.6976 37.7733
v 0.8403 1.3241 37.9600
v 0.5883 1.1403 37.5772
v 0.3735 0.7204 37.7234
v 0.4928 0.6447 38.1966
v 0.7813 1.0178 38.3428
v 0.8403 1.3241 37.9600
v 0.0328 1.5671 38.1467
v -0.0876 1.2793 37.7639
v -0.0537 0.8089 37.9101
v 0.0876 0.8060 38.3832
v 0.1411 1.2745 38.5294
v 0.0328 1.5671 38.1467
v -0.7833 1.3568 38.3333
v -0.7373 1.0482 37.9506
v -0.4647 0.6634 38.0968
v -0.3422 0.7341 38.5699
v -0.5391 1.1626 38.7160
v -0.7833 1.3568 38.3333
v -1.3722 0.7544 38.5200
v -1.1730 0.5142 38.1373
v -0.7405 0.3263 38.2835
v -0.6723 0.4503 38.7565
v -1.0627 0.7149 38.9027
v -1.3722 0.7544 38.5200
v -1.5638 -0.0655 38.7067
v -1.2690 -0.1678 38.3240
v -0.8017 -0.1045 38.4702
v -0.8076 0.0370 38.9432
v -1.2786 0.0611 39.0893
v -1.5638 -0.0655 38.7067
v -1.3030 -0.8657 38.8933
v -0.9978 -0.8006 38.5107
v -0.6309 -0.5043 38.6568
v -0.7094 -0.3862 39.1298
v -1.1247 -0.6096 39.2760
v -1.3030 -0.8657 38.8933
v -0.6657 -1.4148 39.0800
v -0.4384 -1.2010 38.6974
v -0.2781 -0.7575 38.8435
v -0.4064 -0.6971 39.3165
v -0.6460 -1.1034 39.4626
v -0.6657 -1.4148 39.0800
v 0.1634 -1.5543 39.2667
v 0.2472 -1.2537 38.8841
v 0.1545 -0.7912 39.0302
v 0.0134 -0.8061 39.5031
v 0.0189 -1.2776 39.6493
v 0.1634 -1.5543 39.2667
v 0.9444 -1.2442 39.4533
v 0.8604 -0.9436 39.0708
v 0.5416 -0.5961 39.2169
v 0.4285 -0.6819 39.6898
v 0.6775 -1.0825 39.8359
v 0.9444 -1.2442 39.4533
v 1.4517 -0.5748 39.6400
v 1.2241 -0.3611 39.2574
v 0.7714 -0.2290 39.4036
v 0.7191 -0.3611 39.8764
v 1.1395 -0.5748 40.0226
v 1.4517 -0.5748 39.6400
v 1.5387 0.2602 39.8267
v 1.2334 0.3252 39.4441
v 0.7777 0.2036 39.5902
v 0.8014 0.0635 40.0631
v 1.2717 0.0985 40.2092
v 1.5387 0.2602 39.8267
v 1.1807 1.0192 40.0133
v 0.8859 0.9166 39.6308
v 0.5591 0.5765 39.7769
v 0.6520 0.4689 40.2497
v 1.0362 0.7425 40.3959
v 1.1807 1.0192 40.0133
v 0.4818 1.4827 40.2000
v 0.2826 1.2423 39.8175
v 0.1793 0.7821 39.9636
v 0.3146 0.7381 40.4364
v 0.5016 1.1711 40.5825
v 0.4818 1.4827 40.2000
v -0.3558 1.5171 40.3867
v -0.4017 1.2082 40.0042
v -0.2516 0.7611 40.1503
v -0.1130 0.7936 40.6230
v -0.1774 1.2608 40.7691
v -0.3558 1.5171 40.3867
v -1.0897 1.1128 40.5733
v -0.9690 0.8248 40.1909
v -0.6090 0.5201 40.3370
v -0.5072 0.6198 40.8097
v -0.8043 0.9861 40.9558
v -1.0897 1.1128 40.5733
v -1.5078 0.3871 40.7600
v -1.2554 0.2033 40.3776
v -0.7896 0.1291 40.5236
v -0.7542 0.2672 40.9964
v -1.1980 0.4267 41.1424
v -1.5078 0.3871 40.7600
v -1.4895 -0.4497 40.9467
v -1.1783 -0.4763 40.5643
v -0.7416 -0.2984 40.7103
v -0.7828 -0.1618 41.1830
v -1.2451 -0.2554 41.3291
v -1.4895 -0.4497 40.9467
v -1.0406 -1.1557 41.1333
v -0.7606 -1.0173 40.7509
v -0.4792 -0.6388 40.8970
v -0.5852 -0.5433 41.3697
v -0.9322 -0.8628 41.5157
v -1.0406 -1.1557 41.1333
v -0.2913 -1.5269 41.3200
v -0.1234 -1.2634 40.9376
v -0.0788 -0.7939 41.0837
v -0.2190 -0.7672 41.5563
v -0.3504 -1.2201 41.7024
v -0.2913 -1.5269 41.3200
v 0.5416 -1.4562 41.5067
v 0.5488 -1.1439 41.1243
v 0.3437 -0.7192 41.2704
v 0.2097 -0.7690 41.7430
v 0.3320 -1.2245 41.8890
v 0.5416 -1.4562 41.5067
v 1.2170 -0.9646 41.6933
v 1.0614 -0.6936 41.3110
v 0.6659 -0.4366 41.4570
v 0.5771 -0.5487 41.9296
v 0.9177 -0.8750 42.0757
v 1.2170 -0.9646 41.6933
v 1.5399 -0.1945 41.8800
v 1.2664 -0.0433 41.4977
v 0.7950 -0.0283 41.6437
v 0.7771 -0.1703 42.1163
v 1.2374 -0.2730 42.2623
v 1.5399 -0.1945 41.8800
v 1.4172 0.6310 42.0667
v 1.1050 0.6188 41.6844
v 0.6940 0.3873 41.8304
v 0.7522 0.2566 42.3029
v 1.1992 0.4071 42.4489
v 1.4172 0.6310 42.0667
v 0.8849 1.2732 42.2533
v 0.6241 1.1011 41.8711
v 0.3925 0.6902 42.0171
v 0.5101 0.6085 42.4896
v 0.8145 0.9688 42.6356
v 0.8849 1.2732 42.2533
v 0.0973 1.5467 42.4400
v -0.0367 1.2644 42.0578
v -0.0219 0.7930 42.2038
v 0.1211 0.7840 42.6762
v 0.1948 1.2498 42.8222
v 0.0973 1.5467 42.4400
v -0.7177 1.3728 42.6267
v -0.6860 1.0618 42.2445
v -0.4292 0.6662 42.3904
v -0.3021 0.7327 42.8629
v -0.4804 1.1693 43.0089
v -0.7177 1.3728 42.6267
v -1.3243 0.8020 42.8133
v -1.1362 0.5524 42.4311
v -0.7116 0.3471 42.5771
v -0.6373 0.4698 43.0495
v -1.0159 0.7510 43.1955
v -1.3243 0.8020 42.8133
v -1.5475 0.0000 43.0000
v -1.2573 -0.1162 42.6178
v -0.7877 -0.0718 42.7638
v -0.7877 0.0718 43.2362
v -1.2573 0.1162 43.3822
v -1.5475 0.0000 43.0000
v -1.3230 -0.8012 43.1867
v -1.0146 -0.7504 42.8045
v -0.6359 -0.4691 42.9505
v -0.7103 -0.3462 43.4228
v -1.1350 -0.5515 43.5688
v -1.3230 -0.8012 43.1867
v -0.7162 -1.3700 43.3733
v -0.4787 -1.1668 42.9912
v -0.3005 -0.7300 43.1372
v -0.4280 -0.6634 43.6095
v -0.6849 -1.0590 43.7555
v -0.7162 -1.3700 43.3733
v 0.0970 -1.5422 43.5600
v 0.1950 -1.2452 43.1779
v 0.1211 -0.7793 43.3238
v -0.0225 -0.7884 43.7962
v -0.0374 -1.2598 43.9421
v 0.0970 -1.5422 43.5600
v 0.8814 -1.2682 43.7467
v 0.8114 -0.9634 43.3646
v 0.5069 -0.6032 43.5105
v 0.3887 -0.6854 43.9828
v 0.6202 -1.0964 44.1287
v 0.8814 -1.2682 43.7467
v 1.4102 -0.6279 43.9333
v 1.1925 -0.4033 43.5513
v 0.7454 -0.2530 43.6972
v 0.6868 -0.3846 44.1695
v 1.0977 -0.6163 44.3154
v 1.4102 -0.6279 43.9333
v 1.5307 0.1934 44.1200
v 1.2282 0.2727 43.7380
v 0.7679 0.1697 43.8839
v 0.7860 0.0266 44.3561
v 1.2574 0.0413 44.5020
v 1.5307 0.1934 44.1200
v 1.2086 0.9579 44.3067
v 0.9086 0.8691 43.9247
v 0.5683 0.5425 44.0706
v 0.6579 0.4294 44.5428
v 1.0536 0.6862 44.6887
v 1.2086 0.9579 44.3067
v 0.5373 1.4447 44.4933
v 0.3267 1.2134 44.1113
v 0.2048 0.7577 44.2572
v 0.3401 0.7074 44.7294
v 0.5456 1.1320 44.8753
v 0.5373 1.4447 44.4933
v -0.2887 1.5133 44.6800
v -0.3491 1.2063 44.2980
v -0.2172 0.7535 44.4439
v -0.0754 0.7805 44.9161
v -0.1195 1.2501 45.0620
v -0.2887 1.5133 44.6800
v -1.0303 1.1443 44.8667
v -0.9230 0.8504 44.4847
v -0.5757 0.5313 44.6306
v -0.4683 0.6280 45.1027
v -0.7493 1.0069 45.2486
v -1.0303 1.1443 44.8667
v -1.4734 0.4448 45.0533
v -1.2294 0.2490 44.6714
v -0.7669 0.1560 44.8173
v -0.7251 0.2945 45.2894
v -1.1617 0.4730 45.4353
v -1.4734 0.4448 45.0533
v -1.4900 -0.3826 45.2400
v -1.1798 -0.4238 44.8581
v -0.7361 -0.2637 45.0040
v -0.7720 -0.1235 45.4760
v -1.2380 -0.1970 45.6219
v -1.4900 -0.3826 45.2400
v -1.0758 -1.0985 45.4267
v -0.7890 -0.9731 45.0448
v -0.4924 -0.6063 45.1907
v -0.5959 -0.5050 45.6627
v -0.9564 -0.8092 45.8085
v -1.0758 -1.0985 45.4267
v -0.3509 -1.4962 45.6133
v -0.1705 -1.2404 45.2315
v -0.1069 -0.7730 45.3773
v -0.2480 -0.7399 45.8493
v -0.3988 -1.1869 45.9952
v -0.3509 -1.4962 45.6133
v 0.4747 -1.4608 45.8000
v 0.4965 -1.1486 45.4182
v 0.3088 -0.7158 45.5640
v 0.1709 -0.7606 46.0360
v 0.2734 -1.2211 46.1818
v 0.4747 -1.4608 45.8000
v 1.1622 -1.0032 45.9867
v 1.0192 -0.7247 45.6049
v 0.6344 -0.4518 45.7507
v 0.5396 -0.5616 46.2226
v 0.8658 -0.9024 46.3685
v 1.1622 -1.0032 45.9867
v 1.5130 -0.2559 46.1733
v 1.2464 -0.0917 45.7915
v 0.7759 -0.0576 45.9374
v 0.7517 -0.2008 46.4093
v 1.2072 -0.3233 46.5551
v 1.5130 -0.2559 46.1733
v 1.4260 0.5646 46.3600
v 1.1129 0.5670 45.9782
v 0.6928 0.3524 46.1241
v 0.7463 0.2174 46.5959
v 1.1994 0.3485 46.7418
v 1.4260 0.5646 46.3600
v 0.9268 1.2210 46.5467
v 0.6577 1.0610 46.1649
v 0.4096 0.6598 46.3107
v 0.5253 0.5719 46.7826
v 0.8450 0.9188 46.9284
v 0.9268 1.2210 46.5467
v 0.1602 1.5238 46.7333
v 0.0128 1.2474 46.3516
v 0.0084 0.7757 46.4974
v 0.1531 0.7605 46.9693
v 0.2468 1.2229 47.1151
v 0.1602 1.5238 46.7333
v -0.6520 1.3857 46.9200
v -0.6350 1.0729 46.5383
v -0.3944 0.6672 46.6841
v -0.2627 0.7292 47.1559
v -0.4219 1.1732 47.3017
v -0.6520 1.3857 46.9200
v -1.2749 0.8470 47.1067
v -1.0984 0.5883 46.7250
v -0.6823 0.3659 46.8708
v -0.6018 0.4872 47.3426
v -0.9680 0.7846 47.4883
v -1.2749 0.8470 47.1067
v -1.5285 0.0641 47.2933
v -1.2435 -0.0659 46.9117
v -0.7725 -0.0405 47.0575
v -0.7664 0.1050 47.5292
v -1.2336 0.1697 47.6750
v -1.5285 0.0641 47.2933
v -1.3400 -0.7366 47.4800
v -1.0288 -0.7002 47.0984
v -0.6390 -0.4345 47.2441
v -0.7093 -0.3067 47.7159
v -1.1425 -0.4935 47.8616
v -1.3400 -0.7366 47.4800
v -0.7642 -1.3236 47.6667
v -0.5168 -1.1313 47.2851
v -0.3211 -0.7021 47.4308
v -0.4474 -0.6291 47.9025
v -0.7213 -1.0132 48.0483
v -0.7642 -1.3236 47.6667
v 0.0320 -1.5272 47.8533
v 0.1440 -1.2346 47.4717
v 0.0891 -0.7661 47.6175
v -0.0569 -0.7691 48.0892
v -0.0922 -1.2396 48.2349
v 0.0320 -1.5272 47.8533
v 0.8181 -1.2891 48.0400
v 0.7624 -0.9808 47.6584
v 0.4727 -0.6085 47.8042
v 0.3493 -0.6867 48.2758
v 0.5628 -1.1074 48.4216
v 0.8181 -1.2891 48.0400
v 1.3669 -0.6785 48.2267
v 1.1595 -0.4436 47.8451
v 0.7188 -0.2752 47.9909
v 0.6538 -0.4062 48.4625
v 1.0544 -0.6554 48.6082
v 1.3669 -0.6785 48.2267
v 1.5199 0.1276 48.4133
v 1.2208 0.2213 48.0318
v 0.7567 0.1369 48.1775
v 0.7689 -0.0088 48.6491
v 1.2406 -0.0146 48.7948
v 1.5199 0.1276 48.4133
v 1.2333 0.8961 48.6000
v 0.9290 0.8213 48.2185
v 0.5757 0.5087 48.3642
v 0.6617 0.3903 48.8358
v 1.0682 0.6297 48.9815
v 1.2333 0.8961 48.6000
v 0.5905 1.4047 48.7867
v 0.3688 1.1830 48.4052
v 0.2285 0.7326 48.5509
v 0.3635 0.6759 49.0224
v 0.5872 1.0912 49.1681
v 0.5905 1.4047 48.7867
v -0.2225 1.5066 48.9733
v -0.2974 1.2022 48.5919
v -0.1840 0.7443 48.7376
v -0.0390 0.7657 49.2091
v -0.0628 1.2368 49.3548
v -0.2225 1.5066 48.9733
v -0.9703 1.1729 49.1600
v -0.8767 0.8736 48.7786
v -0.5425 0.5407 48.9243
v -0.4295 0.6342 49.3957
v -0.6939 1.0249 49.5414
v -0.9703 1.1729 49.1600
v -1.4368 0.5003 49.3467
v -1.2018 0.2928 48.9653
v -0.7434 0.1812 49.1109
v -0.6952 0.3198 49.5824
v -1.1237 0.5170 49.7281
v -1.4368 0.5003 49.3467
v -1.4874 -0.3162 49.5333
v -1.1789 -0.3720 49.1520
v -0.7290 -0.2300 49.2976
v -0.7595 -0.0864 49.7690
v -1.2283 -0.1396 49.9147
v -1.4874 -0.3162 49.5333
v -1.1080 -1.0404 49.7200
v -0.8150 -0.9284 49.3386
v -0.5038 -0.5739 49.4843
v -0.6044 -0.4668 49.9557
v -0.9778 -0.7551 50.1014
v -1.1080 -1.0404 49.7200
v -0.4085 -1.4632 49.9067
v -0.2159 -1.2156 49.5253
v -0.1334 -0.7511 49.6710
v -0.2750 -0.7116 50.1423
v -0.4450 -1.1517 50.2880
v -0.4085 -1.4632 49.9067
v 0.4083 -1.4624 50.0933
v 0.4449 -1.1509 49.7120
v 0.2748 -0.7109 49.8577
v 0.1332 -0.7504 50.3290
v 0.2157 -1.2149 50.4746
v 0.4083 -1.4624 50.0933
v 1.1063 -1.0389 50.2800
v 0.9762 -0.7534 49.8987
v 0.6028 -0.4651 50.0444
v 0.5020 -0.5724 50.5156
v 0.8132 -0.9270 50.6613
v 1.1063 -1.0389 50.2800
v 1.4837 -0.3154 50.4667
v 1.2246 -0.1385 50.0854
v 0.7558 -0.0854 50.2310
v 0.7252 -0.2294 50.7023
v 1.1750 -0.3716 50.8479
v 1.4837 -0.3154 50.4667
v 1.4317 0.4986 50.6533
v 1.1185 0.5157 50.2721
v 0.6900 0.3183 50.4177
v 0.7384 0.1791 50.8889
v 1.1969 0.2905 51.0346
v 1.4317 0.4986 50.6533
v 0.9659 1.1676 50.8400
v 0.6890 1.0200 50.4588
v 0.4248 0.6291 50.6044
v 0.5384 0.5351 51.0756
v 0.8728 0.8679 51.2212
v 0.9659 1.1676 50.8400
v 0.2212 1.4983 51.0267
v 0.0607 1.2286 50.6455
v 0.0373 0.7574 50.7911
v 0.1832 0.7359 51.2623
v 0.2970 1.1937 51.4079
v 0.2212 1.4983 51.0267
v -0.5866 1.3955 51.2133
v -0.5843 1.0817 50.8322
v -0.3602 0.6665 50.9778
v -0.2241 0.7237 51.4489
v -0.3640 1.1742 51.5945
v -0.5866 1.3955 51.2133
v -1.2240 0.8893 51.4000
v -1.0595 0.6220 51.0189
v -0.6528 0.3830 51.1644
v -0.5659 0.5025 51.6356
v -0.9190 0.8154 51.7811
v -1.2240 0.8893 51.4000
v -1.5069 0.1265 51.5867
v -1.2277 -0.0169 51.2056
v -0.7560 -0.0107 51.3511
v -0.7436 0.1366 51.8222
v -1.2077 0.2214 51.9678
v -1.5069 0.1265 51.5867
v -1.3538 -0.6721 51.7733
v -1.0407 -0.6502 51.3922
v -0.6404 -0.4005 51.5378
v -0.7062 -0.2680 52.0089
v -1.1471 -0.4358 52.1544
v -1.3538 -0.6721 51.7733
v -0.8095 -1.2755 51.9600
v -0.5528 -1.0947 51.5789
v -0.3399 -0.6737 51.7245
v -0.4649 -0.5944 52.1955
v -0.7551 -0.9663 52.3411
v -0.8095 -1.2755 51.9600
v -0.0316 -1.5096 52.1467
v 0.0943 -1.2220 51.7656
v 0.0583 -0.7515 51.9112
v -0.0898 -0.7484 52.3822
v -0.1454 -1.2169 52.5277
v -0.0316 -1.5096 52.1467
v 0.7546 -1.3070 52.3333
v 0.7133 -0.9957 51.9523
v 0.4389 -0.6119 52.0979
v 0.3105 -0.6860 52.5688
v 0.5056 -1.1156 52.7144
v 0.7546 -1.3070 52.3333
v 1.3218 -0.7267 52.5200
v 1.1253 -0.4817 52.1390
v 0.6917 -0.2957 52.2845
v 0.6203 -0.4256 52.7555
v 1.0097 -0.6920 52.9010
v 1.3218 -0.7267 52.5200
v 1.5063 0.0631 52.7067
v 1.2113 0.1709 52.3257
v 0.7441 0.1055 52.4712
v 0.7503 -0.0428 52.9421
v 1.2214 -0.0690 53.0876
v 1.5063 0.0631 52.7067
v 1.2551 0.8339 52.8933
v 0.9469 0.7734 52.5124
v 0.5812 0.4753 52.6579
v 0.6634 0.3516 53.1288
v 1.0799 0.5732 53.2743
v 1.2551 0.8339 52.8933
v 0.6413 1.3628 53.0800
v 0.4089 1.1514 52.6991
v 0.2505 0.7069 52.8446
v 0.3850 0.6436 53.3154
v 0.6265 1.0490 53.4609
v 0.6413 1.3628 53.0800
v -0.1574 1.4971 53.2667
v -0.2467 1.1959 52.8858
v -0.1519 0.7337 53.0313
v -0.0040 0.7492 53.5021
v -0.0074 1.2210 53.6476
v -0.1574 1.4971 53.2667
v -0.9097 1.1984 53.4533
v -0.8301 0.8945 53.0725
v -0.5096 0.5483 53.2179
v -0.3910 0.6382 53.6887
v -0.6383 1.0401 53.8342
v -0.9097 1.1984 53.4533
v -1.3982 0.5536 53.6400
v -1.1727 0.3348 53.2592
v -0.7192 0.2047 53.4046
v -0.6644 0.3431 53.8754
v -1.0840 0.5588 54.0208
v -1.3982 0.5536 53.6400
v -1.4820 -0.2507 53.8267
v -1.1757 -0.3211 53.4458
v -0.7204 -0.1974 53.5913
v -0.7453 -0.0505 54.0620
v -1.2159 -0.0834 54.2075
v -1.4820 -0.2507 53.8267
v -1.1372 -0.9816 54.0133
v -0.8387 -0.8833 53.6325
v -0.5133 -0.5416 53.7780
v -0.6108 -0.4287 54.2487
v -0.9963 -0.7007 54.3941
v -1.1372 -0.9816 54.0133
v -0.4640 -1.4280 54.2000
v -0.2595 -1.1893 53.8192
v -0.1583 -0.7285 53.9647
v -0.3001 -0.6824 54.4353
v -0.4891 -1.1147 54.5808
v -0.4640 -1.4280 54.2000
v 0.3427 -1.4611 54.3867
v 0.3940 -1.1510 54.0059
v 0.2419 -0.7043 54.1514
v 0.0965 -0.7384 54.6220
v 0.1588 -1.2061 54.7674
v 0.3427 -1.4611 54.3867
v 1.0495 -1.0717 54.5733
v 0.9328 -0.7798 54.1926
v 0.5712 -0.4766 54.3380
v 0.4645 -0.5811 54.8086
v 0.7601 -0.9489 54.9541
v 1.0495 -1.0717 54.5733
v 1.4521 -0.3728 54.7600
v 1.2011 -0.1835 54.3793
v 0.7348 -0.1115 54.5247
v 0.6976 -0.2563 54.9953
v 1.1409 -0.4178 55.1407
v 1.4521 -0.3728 54.7600
v 1.4345 0.4331 54.9467
v 1.1217 0.4651 54.5660
v 0.6855 0.2851 54.7114
v 0.7287 0.1419 55.1819
v 1.1916 0.2334 55.3273
v 1.4345 0.4331 54.9467
v 1.0021 1.1130 55.1333
v 0.7180 0.9783 54.7527
v 0.4381 0.5984 54.8981
v 0.5493 0.4983 55.3686
v 0.8979 0.8163 55.5140
v 1.0021 1.1130 55.1333
v 0.2805 1.4704 55.3200
v 0.1071 1.2080 54.9394
v 0.0646 0.7381 55.0848
v 0.2117 0.7100 55.5552
v 0.3451 1.1626 55.7006
v 0.2805 1.4704 55.3200
v -0.5215 1.4023 55.5067
v -0.5340 1.0880 55.1261
v -0.3269 0.6640 55.2714
v -0.1864 0.7163 55.7419
v -0.3067 1.1725 55.8873
v -0.5215 1.4023 55.5067
v -1.1719 0.9288 55.6933
v -1.0198 0.6535 55.3128
v -0.6230 0.3981 55.4581
v -0.5299 0.5157 55.9285
v -0.8691 0.8437 56.0739
v -1.1719 0.9288 55.6933
v -1.4828 0.1873 55.8800
v -1.2101 0.0305 55.4994
v -0.7384 0.0177 55.6448
v -0.7196 0.1665 56.1152
v -1.1797 0.2714 56.2606
v -1.4828 0.1873 55.8800
v -1.3647 -0.6076 56.0667
v -1.0502 -0.6005 55.6861
v -0.6400 -0.3671 55.8315
v -0.7011 -0.2300 56.3018
v -1.1490 -0.3786 56.4472
v -1.3647 -0.6076 56.0667
v -0.8521 -1.2260 56.2533
v -0.5867 -1.0571 55.8728
v -0.3568 -0.6450 56.0182
v -0.4802 -0.5593 56.4885
v -0.7863 -0.9184 56.6338
v -0.8521 -1.2260 56.2533
v -0.0937 -1.4894 56.4400
v 0.0459 -1.2074 56.0595
v 0.0290 -0.7358 56.2049
v -0.1210 -0.7263 56.6751
v -0.1969 -1.1921 56.8205
v -0.0937 -1.4894 56.4400
v 0.6910 -1.3218 56.6267
v 0.6644 -1.0082 56.2462
v 0.4057 -0.6136 56.3915
v 0.2724 -0.6833 56.8618
v 0.4487 -1.1210 57.0071
v 0.6910 -1.3218 56.6267
v 1.2751 -0.7723 56.8133
v 1.0900 -0.5177 56.4329
v 0.6642 -0.3143 56.5782
v 0.5863 -0.4431 57.0484
v 0.9638 -0.7261 57.1938
v 1.2751 -0.7723 56.8133
v 1.4900 0.0000 57.0000
v 1.1998 0.1219 56.6196
v 0.7302 0.0753 56.7649
v 0.7302 -0.0753 57.2351
v 1.1998 -0.1219 57.3804
v 1.4900 0.0000 57.0000
v 1.4000 0.0000 -3.0000
v 0.6000 0.0000 0.5000
v 1.2124 0.7000 -3.0000
v 0.5196 0.3000 0.5000
v 0.7000 1.2124 -3.0000
v 0.3000 0.5196 0.5000
v 0.0000 1.4000 -3.0000
v 0.0000 0.6000 0.5000
v -0.7000 1.2124 -3.0000
v -0.3000 0.5196 0.5000
v -1.2124 0.7000 -3.0000
v -0.5196 0.3000 0.5000
v -1.4000 0.0000 -3.0000
v -0.6000 0.0000 0.5000
v -1.2124 -0.7000 -3.0000
v -0.5196 -0.3000 0.5000
v -0.7000 -1.2124 -3.0000
v -0.3000 -0.5196 0.5000
v -0.0000 -1.4000 -3.0000
v -0.0000 -0.6000 0.5000
v 0.7000 -1.2124 -3.0000
v 0.3000 -0.5196 0.5000
v 1.2124 -0.7000 -3.0000
v 0.5196 -0.3000 0.5000
v 1.4000 -0.0000 -3.0000
v 0.6000 -0.0000 0.5000
v 0.0000 0.0000 -3.0000
v 0.1600 0.0000 -5.5000
v 0.0500 0.0000 -2.0000
v 0.0000 0.1600 -5.5000
v 0.0000 0.0500 -2.0000
v -0.1600 0.0000 -5.5000
v -0.0500 0.0000 -2.0000
v -0.0000 -0.1600 -5.5000
v -0.0000 -0.0500 -2.0000
v 0.1600 -0.0000 -5.5000
v 0.0500 -0.0000 -2.0000
v 0.0000 0.0000 -5.5000
v 0.1600 0.0000 -5.5000
v 0.0500 0.0000 -2.0000
v 0.0000 0.1600 -5.5000
v 0.0000 0.0500 -2.0000
v -0.1600 0.0000 -5.5000
v -0.0500 0.0000 -2.0000
v -0.0000 -0.1600 -5.5000
v -0.0000 -0.0500 -2.0000
v 0.1600 -0.0000 -5.5000
v 0.0500 -0.0000 -2.0000
v 0.0000 0.0000 -5.5000
v 0.1600 0.0000 -5.5000
v 0.0500 0.0000 -2.0000
v 0.0000 0.1600 -5.5000
v 0.0000 0.0500 -2.0000
v -0.1600 0.0000 -5.5000
v -0.0500 0.0000 -2.0000
v -0.0000 -0.1600 -5.5000
v -0.0000 -0.0500 -2.0000
v 0.1600 -0.0000 -5.5000
v 0.0500 -0.0000 -2.0000
v 0.0000 0.0000 -5.5000
v 0.1600 0.0000 -5.5000
v 0.0500 0.0000 -2.0000
v 0.0000 0.1600 -5.5000
v 0.0000 0.0500 -2.0000
v -0.1600 0.0000 -5.5000
v -0.0500 0.0000 -2.0000
v -0.0000 -0.1600 -5.5000
v -0.0000 -0.0500 -2.0000
v 0.1600 -0.0000 -5.5000
v 0.0500 -0.0000 -2.0000
v 0.0000 0.0000 -5.5000
v 0.1600 0.0000 -5.5000
v 0.0500 0.0000 -2.0000
v 0.0000 0.1600 -5.5000
v 0.0000 0.0500 -2.0000
v -0.1600 0.0000 -5.5000
v -0.0500 0.0000 -2.0000
v -0.0000 -0.1600 -5.5000
v -0.0000 -0.0500 -2.0000
v 0.1600 -0.0000 -5.5000
v 0.0500 -0.0000 -2.0000
v 0.0000 0.0000 -5.5000
v 0.1600 0.0000 -5.5000
v 0.0500 0.0000 -2.0000
v 0.0000 0.1600 -5.5000
v 0.0000 0.0500 -2.0000
v -0.1600 0.0000 -5.5000
v -0.0500 0.0000 -2.0000
v -0.0000 -0.1600 -5.5000
v -0.0000 -0.0500 -2.0000
v 0.1600 -0.0000 -5.5000
v 0.0500 -0.0000 -2.0000
v 0.0000 0.0000 -5.5000
v 0.1600 0.0000 -5.5000
v 0.0500 0.0000 -2.0000
v 0.0000 0.1600 -5.5000
v 0.0000 0.0500 -2.0000
v -0.1600 0.0000 -5.5000
v -0.0500 0.0000 -2.0000
v -0.0000 -0.1600 -5.5000
v -0.0000 -0.0500 -2.0000
v 0.1600 -0.0000 -5.5000
v 0.0500 -0.0000 -2.0000
v 0.0000 0.0000 -5.5000
v 0.1600 0.0000 -5.5000
v 0.0500 0.0000 -2.0000
v 0.0000 0.1600 -5.5000
v 0.0000 0.0500 -2.0000
v -0.1600 0.0000 -5.5000
v -0.0500 0.0000 -2.0000
v -0.0000 -0.1600 -5.5000
v -0.0000 -0.0500 -2.0000
v 0.1600 -0.0000 -5.5000
v 0.0500 -0.0000 -2.0000
v 0.0000 0.0000 -5.5000
v 0.1600 0.0000 -5.5000
v 0.0500 0.0000 -2.0000
v 0.0000 0.1600 -5.5000
v 0.0000 0.0500 -2.0000
v -0.1600 0.0000 -5.5000
v -0.0500 0.0000 -2.0000
v -0.0000 -0.1600 -5.5000
v -0.0000 -0.0500 -2.0000
v 0.1600 -0.0000 -5.5000
v 0.0500 -0.0000 -2.0000
v 0.0000 0.0000 -5.5000
vt 0.0000 0.0000
vt 0.0000 10.0000
vt 0.0714 0.0000
vt 0.0714 10.0000
vt 0.1429 0.0000
vt 0.1429 10.0000
vt 0.2143 0.0000
vt 0.2143 10.0000
vt 0.2857 0.0000
vt 0.2857 10.0000
vt 0.3571 0.0000
vt 0.3571 10.0000
vt 0.4286 0.0000
vt 0.4286 10.0000
vt 0.5000 0.0000
vt 0.5000 10.0000
vt 0.5714 0.0000
vt 0.5714 10.0000
vt 0.6429 0.0000
vt 0.6429 10.0000
vt 0.7143 0.0000
vt 0.7143 10.0000
vt 0.7857 0.0000
vt 0.7857 10.0000
vt 0.8571 0.0000
vt 0.8571 10.0000
vt 0.9286 0.0000
vt 0.9286 10.0000
vt 1.0000 0.0000
vt 1.0000 10.0000
vt 0.5000 10.0000
vt 0.0000 0.0000
vt 0.0000 0.2000
vt 0.0000 0.4000
vt 0.0000 0.6000
vt 0.0000 0.8000
vt 0.0000 1.0000
vt 0.0867 0.0000
vt 0.0867 0.2000
vt 0.0867 0.4000
vt 0.0867 0.6000
vt 0.0867 0.8000
vt 0.0867 1.0000
vt 0.1733 0.0000
vt 0.1733 0.2000
vt 0.1733 0.4000
vt 0.1733 0.6000
vt 0.1733 0.8000
vt 0.1733 1.0000
vt 0.2600 0.0000
vt 0.2600 0.2000
vt 0.2600 0.4000
vt 0.2600 0.6000
vt 0.2600 0.8000
vt 0.2600 1.0000
vt 0.3467 0.0000
vt 0.3467 0.2000
vt 0.3467 0.4000
vt 0.3467 0.6000
vt 0.3467 0.8000
vt 0.3467 1.0000
vt 0.4333 0.0000
vt 0.4333 0.2000
vt 0.4333 0.4000
vt 0.4333 0.6000
vt 0.4333 0.8000
vt 0.4333 1.0000
vt 0.5200 0.0000
vt 0.5200 0.2000
vt 0.5200 0.4000
vt 0.5200 0.6000
vt 0.5200 0.8000
vt 0.5200 1.0000
vt 0.6067 0.0000
vt 0.6067 0.2000
vt 0.6067 0.4000
vt 0.6067 0.6000
vt 0.6067 0.8000
vt 0.6067 1.0000
vt 0.6933 0.0000
vt 0.6933 0.2000
vt 0.6933 0.4000
vt 0.6933 0.6000
vt 0.6933 0.8000
vt 0.6933 1.0000
vt 0.7800 0.0000
vt 0.7800 0.2000
vt 0.7800 0.4000
vt 0.7800 0.6000
vt 0.7800 0.8000
vt 0.7800 1.0000
vt 0.8667 0.0000
vt 0.8667 0.2000
vt 0.8667 0.4000
vt 0.8667 0.6000
vt 0.8667 0.8000
vt 0.8667 1.0000
vt 0.9533 0.0000
vt 0.9533 0.2000
vt 0.9533 0.4000
vt 0.9533 0.6000
vt 0.9533 0.8000
vt 0.9533 1.0000
vt 1.0400 0.0000
vt 1.0400 0.2000
vt 1.0400 0.4000
vt 1.0400 0.6000
vt 1.0400 0.8000
vt 1.0400 1.0000
vt 1.1267 0.0000
vt 1.1267 0.2000
vt 1.1267 0.4000
vt 1.1267 0.6000
vt 1.1267 0.8000
vt 1.1267 1.0000
vt 1.2133 0.0000
vt 1.2133 0.2000
vt 1.2133 0.4000
vt 1.2133 0.6000
vt 1.2133 0.8000
vt 1.2133 1.0000
vt 1.3000 0.0000
vt 1.3000 0.2000
vt 1.3000 0.4000
vt 1.3000 0.6000
vt 1.3000 0.8000
vt 1.3000 1.0000
vt 1.3867 0.0000
vt 1.3867 0.2000
vt 1.3867 0.4000
vt 1.3867 0.6000
vt 1.3867 0.8000
vt 1.3867 1.0000
vt 1.4733 0.0000
vt 1.4733 0.2000
vt 1.4733 0.4000
vt 1.4733 0.6000
vt 1.4733 0.8000
vt 1.4733 1.0000
vt 1.5600 0.0000
vt 1.5600 0.2000
vt 1.5600 0.4000
vt 1.5600 0.6000
vt 1.5600 0.8000
vt 1.5600 1.0000
vt 1.6467 0.0000
vt 1.6467 0.2000
vt 1.6467 0.4000
vt 1.6467 0.6000
vt 1.6467 0.8000
vt 1.6467 1.0000
vt 1.7333 0.0000
vt 1.7333 0.2000
vt 1.7333 0.4000
vt 1.7333 0.6000
vt 1.7333 0.8000
vt 1.7333 1.0000
vt 1.8200 0.0000
vt 1.8200 0.2000
vt 1.8200 0.4000
vt 1.8200 0.6000
vt 1.8200 0.8000
vt 1.8200 1.0000
vt 1.9067 0.0000
vt 1.9067 0.2000
vt 1.9067 0.4000
vt 1.9067 0.6000
vt 1.9067 0.8000
vt 1.9067 1.0000
vt 1.9933 0.0000
vt 1.9933 0.2000
vt 1.9933 0.4000
vt 1.9933 0.6000
vt 1.9933 0.8000
vt 1.9933 1.0000
vt 2.0800 0.0000
vt 2.0800 0.2000
vt 2.0800 0.4000
vt 2.0800 0.6000
vt 2.0800 0.8000
vt 2.0800 1.0000
vt 2.1667 0.0000
vt 2.1667 0.2000
vt 2.1667 0.4000
vt 2.1667 0.6000
vt 2.1667 0.8000
vt 2.1667 1.0000
vt 2.2533 0.0000
vt 2.2533 0.2000
vt 2.2533 0.4000
vt 2.2533 0.6000
vt 2.2533 0.8000
vt 2.2533 1.0000
vt 2.3400 0.0000
vt 2.3400 0.2000
vt 2.3400 0.4000
vt 2.3400 0.6000
vt 2.3400 0.8000
vt 2.3400 1.0000
vt 2.4267 0.0000
vt 2.4267 0.2000
vt 2.4267 0.4000
vt 2.4267 0.6000
vt 2.4267 0.8000
vt 2.4267 1.0000
vt 2.5133 0.0000
vt 2.5133 0.2000
vt 2.5133 0.4000
vt 2.5133 0.6000
vt 2.5133 0.8000
vt 2.5133 1.0000
vt 2.6000 0.0000
vt 2.6000 0.2000
vt 2.6000 0.4000
vt 2.6000 0.6000
vt 2.6000 0.8000
vt 2.6000 1.0000
vt 2.6867 0.0000
vt 2.6867 0.2000
vt 2.6867 0.4000
vt 2.6867 0.6000
vt 2.6867 0.8000
vt 2.6867 1.0000
vt 2.7733 0.0000
vt 2.7733 0.2000
vt 2.7733 0.4000
vt 2.7733 0.6000
vt 2.7733 0.8000
vt 2.7733 1.0000
vt 2.8600 0.0000
vt 2.8600 0.2000
vt 2.8600 0.4000
vt 2.8600 0.6000
vt 2.8600 0.8000
vt 2.8600 1.0000
vt 2.9467 0.0000
vt 2.9467 0.2000
vt 2.9467 0.4000
vt 2.9467 0.6000
vt 2.9467 0.8000
vt 2.9467 1.0000
vt 3.0333 0.0000
vt 3.0333 0.2000
vt 3.0333 0.4000
vt 3.0333 0.6000
vt 3.0333 0.8000
vt 3.0333 1.0000
vt 3.1200 0.0000
vt 3.1200 0.2000
vt 3.1200 0.4000
vt 3.1200 0.6000
vt 3.1200 0.8000
vt 3.1200 1.0000
vt 3.2067 0.0000
vt 3.2067 0.2000
vt 3.2067 0.4000
vt 3.2067 0.6000
vt 3.2067 0.8000
vt 3.2067 1.0000
vt 3.2933 0.0000
vt 3.2933 0.2000
vt 3.2933 0.4000
vt 3.2933 0.6000
vt 3.2933 0.8000
vt 3.2933 1.0000
vt 3.3800 0.0000
vt 3.3800 0.2000
vt 3.3800 0.4000
vt 3.3800 0.6000
vt 3.3800 0.8000
vt 3.3800 1.0000
vt 3.4667 0.0000
vt 3.4667 0.2000
vt 3.4667 0.4000
vt 3.4667 0.6000
vt 3.4667 0.8000
vt 3.4667 1.0000
vt 3.5533 0.0000
vt 3.5533 0.2000
vt 3.5533 0.4000
vt 3.5533 0.6000
vt 3.5533 0.8000
vt 3.5533 1.0000
vt 3.6400 0.0000
vt 3.6400 0.2000
vt 3.6400 0.4000
vt 3.6400 0.6000
vt 3.6400 0.8000
vt 3.6400 1.0000
vt 3.7267 0.0000
vt 3.7267 0.2000
vt 3.7267 0.4000
vt 3.7267 0.6000
vt 3.7267 0.8000
vt 3.7267 1.0000
vt 3.8133 0.0000
vt 3.8133 0.2000
vt 3.8133 0.4000
vt 3.8133 0.6000
vt 3.8133 0.8000
vt 3.8133 1.0000
vt 3.9000 0.0000
vt 3.9000 0.2000
vt 3.9000 0.4000
vt 3.9000 0.6000
vt 3.9000 0.8000
vt 3.9000 1.0000
vt 3.9867 0.0000
vt 3.9867 0.2000
vt 3.9867 0.4000
vt 3.9867 0.6000
vt 3.9867 0.8000
vt 3.9867 1.0000
vt 4.0733 0.0000
vt 4.0733 0.2000
vt 4.0733 0.4000
vt 4.0733 0.6000
vt 4.0733 0.8000
vt 4.0733 1.0000
vt 4.1600 0.0000
vt 4.1600 0.2000
vt 4.1600 0.4000
vt 4.1600 0.6000
vt 4.1600 0.8000
vt 4.1600 1.0000
vt 4.2467 0.0000
vt 4.2467 0.2000
vt 4.2467 0.4000
vt 4.2467 0.6000
vt 4.2467 0.8000
vt 4.2467 1.0000
vt 4.3333 0.0000
vt 4.3333 0.2000
vt 4.3333 0.4000
vt 4.3333 0.6000
vt 4.3333 0.8000
vt 4.3333 1.0000
vt 4.4200 0.0000
vt 4.4200 0.2000
vt 4.4200 0.4000
vt 4.4200 0.6000
vt 4.4200 0.8000
vt 4.4200 1.0000
vt 4.5067 0.0000
vt 4.5067 0.2000
vt 4.5067 0.4000
vt 4.5067 0.6000
vt 4.5067 0.8000
vt 4.5067 1.0000
vt 4.5933 0.0000
vt 4.5933 0.2000
vt 4.5933 0.4000
vt 4.5933 0.6000
vt 4.5933 0.8000
vt 4.5933 1.0000
vt 4.6800 0.0000
vt 4.6800 0.2000
vt 4.6800 0.4000
vt 4.6800 0.6000
vt 4.6800 0.8000
vt 4.6800 1.0000
vt 4.7667 0.0000
vt 4.7667 0.2000
vt 4.7667 0.4000
vt 4.7667 0.6000
vt 4.7667 0.8000
vt 4.7667 1.0000
vt 4.8533 0.0000
vt 4.8533 0.2000
vt 4.8533 0.4000
vt 4.8533 0.6000
vt 4.8533 0.8000
vt 4.8533 1.0000
vt 4.9400 0.0000
vt 4.9400 0.2000
vt 4.9400 0.4000
vt 4.9400 0.6000
vt 4.9400 0.8000
vt 4.9400 1.0000
vt 5.0267 0.0000
vt 5.0267 0.2000
vt 5.0267 0.4000
vt 5.0267 0.6000
vt 5.0267 0.8000
vt 5.0267 1.0000
vt 5.1133 0.0000
vt 5.1133 0.2000
vt 5.1133 0.4000
vt 5.1133 0.6000
vt 5.1133 0.8000
vt 5.1133 1.0000
vt 5.2000 0.0000
vt 5.2000 0.2000
vt 5.2000 0.4000
vt 5.2000 0.6000
vt 5.2000 0.8000
vt 5.2000 1.0000
vt 5.2867 0.0000
vt 5.2867 0.2000
vt 5.2867 0.4000
vt 5.2867 0.6000
vt 5.2867 0.8000
vt 5.2867 1.0000
vt 5.3733 0.0000
vt 5.3733 0.2000
vt 5.3733 0.4000
vt 5.3733 0.6000
vt 5.3733 0.8000
vt 5.3733 1.0000
vt 5.4600 0.0000
vt 5.4600 0.2000
vt 5.4600 0.4000
vt 5.4600 0.6000
vt 5.4600 0.8000
vt 5.4600 1.0000
vt 5.5467 0.0000
vt 5.5467 0.2000
vt 5.5467 0.4000
vt 5.5467 0.6000
vt 5.5467 0.8000
vt 5.5467 1.0000
vt 5.6333 0.0000
vt 5.6333 0.2000
vt 5.6333 0.4000
vt 5.6333 0.6000
vt 5.6333 0.8000
vt 5.6333 1.0000
vt 5.7200 0.0000
vt 5.7200 0.2000
vt 5.7200 0.4000
vt 5.7200 0.6000
vt 5.7200 0.8000
vt 5.7200 1.0000
vt 5.8067 0.0000
vt 5.8067 0.2000
vt 5.8067 0.4000
vt 5.8067 0.6000
vt 5.8067 0.8000
vt 5.8067 1.0000
vt 5.8933 0.0000
vt 5.8933 0.2000
vt 5.8933 0.4000
vt 5.8933 0.6000
vt 5.8933 0.8000
vt 5.8933 1.0000
vt 5.9800 0.0000
vt 5.9800 0.2000
vt 5.9800 0.4000
vt 5.9800 0.6000
vt 5.9800 0.8000
vt 5.9800 1.0000
vt 6.0667 0.0000
vt 6.0667 0.2000
vt 6.0667 0.4000
vt 6.0667 0.6000
vt 6.0667 0.8000
vt 6.0667 1.0000
vt 6.1533 0.0000
vt 6.1533 0.2000
vt 6.1533 0.4000
vt 6.1533 0.6000
vt 6.1533 0.8000
vt 6.1533 1.0000
vt 6.2400 0.0000
vt 6.2400 0.2000
vt 6.2400 0.4000
vt 6.2400 0.6000
vt 6.2400 0.8000
vt 6.2400 1.0000
vt 6.3267 0.0000
vt 6.3267 0.2000
vt 6.3267 0.4000
vt 6.3267 0.6000
vt 6.3267 0.8000
vt 6.3267 1.0000
vt 6.4133 0.0000
vt 6.4133 0.2000
vt 6.4133 0.4000
vt 6.4133 0.6000
vt 6.4133 0.8000
vt 6.4133 1.0000
vt 6.5000 0.0000
vt 6.5000 0.2000
vt 6.5000 0.4000
vt 6.5000 0.6000
vt 6.5000 0.8000
vt 6.5000 1.0000
vt 6.5867 0.0000
vt 6.5867 0.2000
vt 6.5867 0.4000
vt 6.5867 0.6000
vt 6.5867 0.8000
vt 6.5867 1.0000
vt 6.6733 0.0000
vt 6.6733 0.2000
vt 6.6733 0.4000
vt 6.6733 0.6000
vt 6.6733 0.8000
vt 6.6733 1.0000
vt 6.7600 0.0000
vt 6.7600 0.2000
vt 6.7600 0.4000
vt 6.7600 0.6000
vt 6.7600 0.8000
vt 6.7600 1.0000
vt 6.8467 0.0000
vt 6.8467 0.2000
vt 6.8467 0.4000
vt 6.8467 0.6000
vt 6.8467 0.8000
vt 6.8467 1.0000
vt 6.9333 0.0000
vt 6.9333 0.2000
vt 6.9333 0.4000
vt 6.9333 0.6000
vt 6.9333 0.8000
vt 6.9333 1.0000
vt 7.0200 0.0000
vt 7.0200 0.2000
vt 7.0200 0.4000
vt 7.0200 0.6000
vt 7.0200 0.8000
vt 7.0200 1.0000
vt 7.1067 0.0000
vt 7.1067 0.2000
vt 7.1067 0.4000
vt 7.1067 0.6000
vt 7.1067 0.8000
vt 7.1067 1.0000
vt 7.1933 0.0000
vt 7.1933 0.2000
vt 7.1933 0.4000
vt 7.1933 0.6000
vt 7.1933 0.8000
vt 7.1933 1.0000
vt 7.2800 0.0000
vt 7.2800 0.2000
vt 7.2800 0.4000
vt 7.2800 0.6000
vt 7.2800 0.8000
vt 7.2800 1.0000
vt 7.3667 0.0000
vt 7.3667 0.2000
vt 7.3667 0.4000
vt 7.3667 0.6000
vt 7.3667 0.8000
vt 7.3667 1.0000
vt 7.4533 0.0000
vt 7.4533 0.2000
vt 7.4533 0.4000
vt 7.4533 0.6000
vt 7.4533 0.8000
vt 7.4533 1.0000
vt 7.5400 0.0000
vt 7.5400 0.2000
vt 7.5400 0.4000
vt 7.5400 0.6000
vt 7.5400 0.8000
vt 7.5400 1.0000
vt 7.6267 0.0000
vt 7.6267 0.2000
vt 7.6267 0.4000
vt 7.6267 0.6000
vt 7.6267 0.8000
vt 7.6267 1.0000
vt 7.7133 0.0000
vt 7.7133 0.2000
vt 7.7133 0.4000
vt 7.7133 0.6000
vt 7.7133 0.8000
vt 7.7133 1.0000
vt 7.8000 0.0000
vt 7.8000 0.2000
vt 7.8000 0.4000
vt 7.8000 0.6000
vt 7.8000 0.8000
vt 7.8000 1.0000
vt 7.8867 0.0000
vt 7.8867 0.2000
vt 7.8867 0.4000
vt 7.8867 0.6000
vt 7.8867 0.8000
vt 7.8867 1.0000
vt 7.9733 0.0000
vt 7.9733 0.2000
vt 7.9733 0.4000
vt 7.9733 0.6000
vt 7.9733 0.8000
vt 7.9733 1.0000
vt 8.0600 0.0000
vt 8.0600 0.2000
vt 8.0600 0.4000
vt 8.0600 0.6000
vt 8.0600 0.8000
vt 8.0600 1.0000
vt 8.1467 0.0000
vt 8.1467 0.2000
vt 8.1467 0.4000
vt 8.1467 0.6000
vt 8.1467 0.8000
vt 8.1467 1.0000
vt 8.2333 0.0000
vt 8.2333 0.2000
vt 8.2333 0.4000
vt 8.2333 0.6000
vt 8.2333 0.8000
vt 8.2333 1.0000
vt 8.3200 0.0000
vt 8.3200 0.2000
vt 8.3200 0.4000
vt 8.3200 0.6000
vt 8.3200 0.8000
vt 8.3200 1.0000
vt 8.4067 0.0000
vt 8.4067 0.2000
vt 8.4067 0.4000
vt 8.4067 0.6000
vt 8.4067 0.8000
vt 8.4067 1.0000
vt 8.4933 0.0000
vt 8.4933 0.2000
vt 8.4933 0.4000
vt 8.4933 0.6000
vt 8.4933 0.8000
vt 8.4933 1.0000
vt 8.5800 0.0000
vt 8.5800 0.2000
vt 8.5800 0.4000
vt 8.5800 0.6000
vt 8.5800 0.8000
vt 8.5800 1.0000
vt 8.6667 0.0000
vt 8.6667 0.2000
vt 8.6667 0.4000
vt 8.6667 0.6000
vt 8.6667 0.8000
vt 8.6667 1.0000
vt 8.7533 0.0000
vt 8.7533 0.2000
vt 8.7533 0.4000
vt 8.7533 0.6000
vt 8.7533 0.8000
vt 8.7533 1.0000
vt 8.8400 0.0000
vt 8.8400 0.2000
vt 8.8400 0.4000
vt 8.8400 0.6000
vt 8.8400 0.8000
vt 8.8400 1.0000
vt 8.9267 0.0000
vt 8.9267 0.2000
vt 8.9267 0.4000
vt 8.9267 0.6000
vt 8.9267 0.8000
vt 8.9267 1.0000
vt 9.0133 0.0000
vt 9.0133 0.2000
vt 9.0133 0.4000
vt 9.0133 0.6000
vt 9.0133 0.8000
vt 9.0133 1.0000
vt 9.1000 0.0000
vt 9.1000 0.2000
vt 9.1000 0.4000
vt 9.1000 0.6000
vt 9.1000 0.8000
vt 9.1000 1.0000
vt 9.1867 0.0000
vt 9.1867 0.2000
vt 9.1867 0.4000
vt 9.1867 0.6000
vt 9.1867 0.8000
vt 9.1867 1.0000
vt 9.2733 0.0000
vt 9.2733 0.2000
vt 9.2733 0.4000
vt 9.2733 0.6000
vt 9.2733 0.8000
vt 9.2733 1.0000
vt 9.3600 0.0000
vt 9.3600 0.2000
vt 9.3600 0.4000
vt 9.3600 0.6000
vt 9.3600 0.8000
vt 9.3600 1.0000
vt 9.4467 0.0000
vt 9.4467 0.2000
vt 9.4467 0.4000
vt 9.4467 0.6000
vt 9.4467 0.8000
vt 9.4467 1.0000
vt 9.5333 0.0000
vt 9.5333 0.2000
vt 9.5333 0.4000
vt 9.5333 0.6000
vt 9.5333 0.8000
vt 9.5333 1.0000
vt 9.6200 0.0000
vt 9.6200 0.2000
vt 9.6200 0.4000
vt 9.6200 0.6000
vt 9.6200 0.8000
vt 9.6200 1.0000
vt 9.7067 0.0000
vt 9.7067 0.2000
vt 9.7067 0.4000
vt 9.7067 0.6000
vt 9.7067 0.8000
vt 9.7067 1.0000
vt 9.7933 0.0000
vt 9.7933 0.2000
vt 9.7933 0.4000
vt 9.7933 0.6000
vt 9.7933 0.8000
vt 9.7933 1.0000
vt 9.8800 0.0000
vt 9.8800 0.2000
vt 9.8800 0.4000
vt 9.8800 0.6000
vt 9.8800 0.8000
vt 9.8800 1.0000
vt 9.9667 0.0000
vt 9.9667 0.2000
vt 9.9667 0.4000
vt 9.9667 0.6000
vt 9.9667 0.8000
vt 9.9667 1.0000
vt 10.0533 0.0000
vt 10.0533 0.2000
vt 10.0533 0.4000
vt 10.0533 0.6000
vt 10.0533 0.8000
vt 10.0533 1.0000
vt 10.1400 0.0000
vt 10.1400 0.2000
vt 10.1400 0.4000
vt 10.1400 0.6000
vt 10.1400 0.8000
vt 10.1400 1.0000
vt 10.2267 0.0000
vt 10.2267 0.2000
vt 10.2267 0.4000
vt 10.2267 0.6000
vt 10.2267 0.8000
vt 10.2267 1.0000
vt 10.3133 0.0000
vt 10.3133 0.2000
vt 10.3133 0.4000
vt 10.3133 0.6000
vt 10.3133 0.8000
vt 10.3133 1.0000
vt 10.4000 0.0000
vt 10.4000 0.2000
vt 10.4000 0.4000
vt 10.4000 0.6000
vt 10.4000 0.8000
vt 10.4000 1.0000
vt 10.4867 0.0000
vt 10.4867 0.2000
vt 10.4867 0.4000
vt 10.4867 0.6000
vt 10.4867 0.8000
vt 10.4867 1.0000
vt 10.5733 0.0000
vt 10.5733 0.2000
vt 10.5733 0.4000
vt 10.5733 0.6000
vt 10.5733 0.8000
vt 10.5733 1.0000
vt 10.6600 0.0000
vt 10.6600 0.2000
vt 10.6600 0.4000
vt 10.6600 0.6000
vt 10.6600 0.8000
vt 10.6600 1.0000
vt 10.7467 0.0000
vt 10.7467 0.2000
vt 10.7467 0.4000
vt 10.7467 0.6000
vt 10.7467 0.8000
vt 10.7467 1.0000
vt 10.8333 0.0000
vt 10.8333 0.2000
vt 10.8333 0.4000
vt 10.8333 0.6000
vt 10.8333 0.8000
vt 10.8333 1.0000
vt 10.9200 0.0000
vt 10.9200 0.2000
vt 10.9200 0.4000
vt 10.9200 0.6000
vt 10.9200 0.8000
vt 10.9200 1.0000
vt 11.0067 0.0000
vt 11.0067 0.2000
vt 11.0067 0.4000
vt 11.0067 0.6000
vt 11.0067 0.8000
vt 11.0067 1.0000
vt 11.0933 0.0000
vt 11.0933 0.2000
vt 11.0933 0.4000
vt 11.0933 0.6000
vt 11.0933 0.8000
vt 11.0933 1.0000
vt 11.1800 0.0000
vt 11.1800 0.2000
vt 11.1800 0.4000
vt 11.1800 0.6000
vt 11.1800 0.8000
vt 11.1800 1.0000
vt 11.2667 0.0000
vt 11.2667 0.2000
vt 11.2667 0.4000
vt 11.2667 0.6000
vt 11.2667 0.8000
vt 11.2667 1.0000
vt 11.3533 0.0000
vt 11.3533 0.2000
vt 11.3533 0.4000
vt 11.3533 0.6000
vt 11.3533 0.8000
vt 11.3533 1.0000
vt 11.4400 0.0000
vt 11.4400 0.2000
vt 11.4400 0.4000
vt 11.4400 0.6000
vt 11.4400 0.8000
vt 11.4400 1.0000
vt 11.5267 0.0000
vt 11.5267 0.2000
vt 11.5267 0.4000
vt 11.5267 0.6000
vt 11.5267 0.8000
vt 11.5267 1.0000
vt 11.6133 0.0000
vt 11.6133 0.2000
vt 11.6133 0.4000
vt 11.6133 0.6000
vt 11.6133 0.8000
vt 11.6133 1.0000
vt 11.7000 0.0000
vt 11.7000 0.2000
vt 11.7000 0.4000
vt 11.7000 0.6000
vt 11.7000 0.8000
vt 11.7000 1.0000
vt 11.7867 0.0000
vt 11.7867 0.2000
vt 11.7867 0.4000
vt 11.7867 0.6000
vt 11.7867 0.8000
vt 11.7867 1.0000
vt 11.8733 0.0000
vt 11.8733 0.2000
vt 11.8733 0.4000
vt 11.8733 0.6000
vt 11.8733 0.8000
vt 11.8733 1.0000
vt 11.9600 0.0000
vt 11.9600 0.2000
vt 11.9600 0.4000
vt 11.9600 0.6000
vt 11.9600 0.8000
vt 11.9600 1.0000
vt 12.0467 0.0000
vt 12.0467 0.2000
vt 12.0467 0.4000
vt 12.0467 0.6000
vt 12.0467 0.8000
vt 12.0467 1.0000
vt 12.1333 0.0000
vt 12.1333 0.2000
vt 12.1333 0.4000
vt 12.1333 0.6000
vt 12.1333 0.8000
vt 12.1333 1.0000
vt 12.2200 0.0000
vt 12.2200 0.2000
vt 12.2200 0.4000
vt 12.2200 0.6000
vt 12.2200 0.8000
vt 12.2200 1.0000
vt 12.3067 0.0000
vt 12.3067 0.2000
vt 12.3067 0.4000
vt 12.3067 0.6000
vt 12.3067 0.8000
vt 12.3067 1.0000
vt 12.3933 0.0000
vt 12.3933 0.2000
vt 12.3933 0.4000
vt 12.3933 0.6000
vt 12.3933 0.8000
vt 12.3933 1.0000
vt 12.4800 0.0000
vt 12.4800 0.2000
vt 12.4800 0.4000
vt 12.4800 0.6000
vt 12.4800 0.8000
vt 12.4800 1.0000
vt 12.5667 0.0000
vt 12.5667 0.2000
vt 12.5667 0.4000
vt 12.5667 0.6000
vt 12.5667 0.8000
vt 12.5667 1.0000
vt 12.6533 0.0000
vt 12.6533 0.2000
vt 12.6533 0.4000
vt 12.6533 0.6000
vt 12.6533 0.8000
vt 12.6533 1.0000
vt 12.7400 0.0000
vt 12.7400 0.2000
vt 12.7400 0.4000
vt 12.7400 0.6000
vt 12.7400 0.8000
vt 12.7400 1.0000
vt 12.8267 0.0000
vt 12.8267 0.2000
vt 12.8267 0.4000
vt 12.8267 0.6000
vt 12.8267 0.8000
vt 12.8267 1.0000
vt 12.9133 0.0000
vt 12.9133 0.2000
vt 12.9133 0.4000
vt 12.9133 0.6000
vt 12.9133 0.8000
vt 12.9133 1.0000
vt 13.0000 0.0000
vt 13.0000 0.2000
vt 13.0000 0.4000
vt 13.0000 0.6000
vt 13.0000 0.8000
vt 13.0000 1.0000
vt 13.0867 0.0000
vt 13.0867 0.2000
vt 13.0867 0.4000
vt 13.0867 0.6000
vt 13.0867 0.8000
vt 13.0867 1.0000
vt 13.1733 0.0000
vt 13.1733 0.2000
vt 13.1733 0.4000
vt 13.1733 0.6000
vt 13.1733 0.8000
vt 13.1733 1.0000
vt 13.2600 0.0000
vt 13.2600 0.2000
vt 13.2600 0.4000
vt 13.2600 0.6000
vt 13.2600 0.8000
vt 13.2600 1.0000
vt 13.3467 0.0000
vt 13.3467 0.2000
vt 13.3467 0.4000
vt 13.3467 0.6000
vt 13.3467 0.8000
vt 13.3467 1.0000
vt 13.4333 0.0000
vt 13.4333 0.2000
vt 13.4333 0.4000
vt 13.4333 0.6000
vt 13.4333 0.8000
vt 13.4333 1.0000
vt 13.5200 0.0000
vt 13.5200 0.2000
vt 13.5200 0.4000
vt 13.5200 0.6000
vt 13.5200 0.8000
vt 13.5200 1.0000
vt 13.6067 0.0000
vt 13.6067 0.2000
vt 13.6067 0.4000
vt 13.6067 0.6000
vt 13.6067 0.8000
vt 13.6067 1.0000
vt 13.6933 0.0000
vt 13.6933 0.2000
vt 13.6933 0.4000
vt 13.6933 0.6000
vt 13.6933 0.8000
vt 13.6933 1.0000
vt 13.7800 0.0000
vt 13.7800 0.2000
vt 13.7800 0.4000
vt 13.7800 0.6000
vt 13.7800 0.8000
vt 13.7800 1.0000
vt 13.8667 0.0000
vt 13.8667 0.2000
vt 13.8667 0.4000
vt 13.8667 0.6000
vt 13.8667 0.8000
vt 13.8667 1.0000
vt 13.9533 0.0000
vt 13.9533 0.2000
vt 13.9533 0.4000
vt 13.9533 0.6000
vt 13.9533 0.8000
vt 13.9533 1.0000
vt 14.0400 0.0000
vt 14.0400 0.2000
vt 14.0400 0.4000
vt 14.0400 0.6000
vt 14.0400 0.8000
vt 14.0400 1.0000
vt 14.1267 0.0000
vt 14.1267 0.2000
vt 14.1267 0.4000
vt 14.1267 0.6000
vt 14.1267 0.8000
vt 14.1267 1.0000
vt 14.2133 0.0000
vt 14.2133 0.2000
vt 14.2133 0.4000
vt 14.2133 0.6000
vt 14.2133 0.8000
vt 14.2133 1.0000
vt 14.3000 0.0000
vt 14.3000 0.2000
vt 14.3000 0.4000
vt 14.3000 0.6000
vt 14.3000 0.8000
vt 14.3000 1.0000
vt 14.3867 0.0000
vt 14.3867 0.2000
vt 14.3867 0.4000
vt 14.3867 0.6000
vt 14.3867 0.8000
vt 14.3867 1.0000
vt 14.4733 0.0000
vt 14.4733 0.2000
vt 14.4733 0.4000
vt 14.4733 0.6000
vt 14.4733 0.8000
vt 14.4733 1.0000
vt 14.5600 0.0000
vt 14.5600 0.2000
vt 14.5600 0.4000
vt 14.5600 0.6000
vt 14.5600 0.8000
vt 14.5600 1.0000
vt 14.6467 0.0000
vt 14.6467 0.2000
vt 14.6467 0.4000
vt 14.6467 0.6000
vt 14.6467 0.8000
vt 14.6467 1.0000
vt 14.7333 0.0000
vt 14.7333 0.2000
vt 14.7333 0.4000
vt 14.7333 0.6000
vt 14.7333 0.8000
vt 14.7333 1.0000
vt 14.8200 0.0000
vt 14.8200 0.2000
vt 14.8200 0.4000
vt 14.8200 0.6000
vt 14.8200 0.8000
vt 14.8200 1.0000
vt 14.9067 0.0000
vt 14.9067 0.2000
vt 14.9067 0.4000
vt 14.9067 0.6000
vt 14.9067 0.8000
vt 14.9067 1.0000
vt 14.9933 0.0000
vt 14.9933 0.2000
vt 14.9933 0.4000
vt 14.9933 0.6000
vt 14.9933 0.8000
vt 14.9933 1.0000
vt 15.0800 0.0000
vt 15.0800 0.2000
vt 15.0800 0.4000
vt 15.0800 0.6000
vt 15.0800 0.8000
vt 15.0800 1.0000
vt 15.1667 0.0000
vt 15.1667 0.2000
vt 15.1667 0.4000
vt 15.1667 0.6000
vt 15.1667 0.8000
vt 15.1667 1.0000
vt 15.2533 0.0000
vt 15.2533 0.2000
vt 15.2533 0.4000
vt 15.2533 0.6000
vt 15.2533 0.8000
vt 15.2533 1.0000
vt 15.3400 0.0000
vt 15.3400 0.2000
vt 15.3400 0.4000
vt 15.3400 0.6000
vt 15.3400 0.8000
vt 15.3400 1.0000
vt 15.4267 0.0000
vt 15.4267 0.2000
vt 15.4267 0.4000
vt 15.4267 0.6000
vt 15.4267 0.8000
vt 15.4267 1.0000
vt 15.5133 0.0000
vt 15.5133 0.2000
vt 15.5133 0.4000
vt 15.5133 0.6000
vt 15.5133 0.8000
vt 15.5133 1.0000
vt 15.6000 0.0000
vt 15.6000 0.2000
vt 15.6000 0.4000
vt 15.6000 0.6000
vt 15.6000 0.8000
vt 15.6000 1.0000
vt 15.6867 0.0000
vt 15.6867 0.2000
vt 15.6867 0.4000
vt 15.6867 0.6000
vt 15.6867 0.8000
vt 15.6867 1.0000
vt 15.7733 0.0000
vt 15.7733 0.2000
vt 15.7733 0.4000
vt 15.7733 0.6000
vt 15.7733 0.8000
vt 15.7733 1.0000
vt 15.8600 0.0000
vt 15.8600 0.2000
vt 15.8600 0.4000
vt 15.8600 0.6000
vt 15.8600 0.8000
vt 15.8600 1.0000
vt 15.9467 0.0000
vt 15.9467 0.2000
vt 15.9467 0.4000
vt 15.9467 0.6000
vt 15.9467 0.8000
vt 15.9467 1.0000
vt 16.0333 0.0000
vt 16.0333 0.2000
vt 16.0333 0.4000
vt 16.0333 0.6000
vt 16.0333 0.8000
vt 16.0333 1.0000
vt 16.1200 0.0000
vt 16.1200 0.2000
vt 16.1200 0.4000
vt 16.1200 0.6000
vt 16.1200 0.8000
vt 16.1200 1.0000
vt 16.2067 0.0000
vt 16.2067 0.2000
vt 16.2067 0.4000
vt 16.2067 0.6000
vt 16.2067 0.8000
vt 16.2067 1.0000
vt 16.2933 0.0000
vt 16.2933 0.2000
vt 16.2933 0.4000
vt 16.2933 0.6000
vt 16.2933 0.8000
vt 16.2933 1.0000
vt 16.3800 0.0000
vt 16.3800 0.2000
vt 16.3800 0.4000
vt 16.3800 0.6000
vt 16.3800 0.8000
vt 16.3800 1.0000
vt 16.4667 0.0000
vt 16.4667 0.2000
vt 16.4667 0.4000
vt 16.4667 0.6000
vt 16.4667 0.8000
vt 16.4667 1.0000
vt 16.5533 0.0000
vt 16.5533 0.2000
vt 16.5533 0.4000
vt 16.5533 0.6000
vt 16.5533 0.8000
vt 16.5533 1.0000
vt 16.6400 0.0000
vt 16.6400 0.2000
vt 16.6400 0.4000
vt 16.6400 0.6000
vt 16.6400 0.8000
vt 16.6400 1.0000
vt 16.7267 0.0000
vt 16.7267 0.2000
vt 16.7267 0.4000
vt 16.7267 0.6000
vt 16.7267 0.8000
vt 16.7267 1.0000
vt 16.8133 0.0000
vt 16.8133 0.2000
vt 16.8133 0.4000
vt 16.8133 0.6000
vt 16.8133 0.8000
vt 16.8133 1.0000
vt 16.9000 0.0000
vt 16.9000 0.2000
vt 16.9000 0.4000
vt 16.9000 0.6000
vt 16.9000 0.8000
vt 16.9000 1.0000
vt 16.9867 0.0000
vt 16.9867 0.2000
vt 16.9867 0.4000
vt 16.9867 0.6000
vt 16.9867 0.8000
vt 16.9867 1.0000
vt 17.0733 0.0000
vt 17.0733 0.2000
vt 17.0733 0.4000
vt 17.0733 0.6000
vt 17.0733 0.8000
vt 17.0733 1.0000
vt 17.1600 0.0000
vt 17.1600 0.2000
vt 17.1600 0.4000
vt 17.1600 0.6000
vt 17.1600 0.8000
vt 17.1600 1.0000
vt 17.2467 0.0000
vt 17.2467 0.2000
vt 17.2467 0.4000
vt 17.2467 0.6000
vt 17.2467 0.8000
vt 17.2467 1.0000
vt 17.3333 0.0000
vt 17.3333 0.2000
vt 17.3333 0.4000
vt 17.3333 0.6000
vt 17.3333 0.8000
vt 17.3333 1.0000
vt 17.4200 0.0000
vt 17.4200 0.2000
vt 17.4200 0.4000
vt 17.4200 0.6000
vt 17.4200 0.8000
vt 17.4200 1.0000
vt 17.5067 0.0000
vt 17.5067 0.2000
vt 17.5067 0.4000
vt 17.5067 0.6000
vt 17.5067 0.8000
vt 17.5067 1.0000
vt 17.5933 0.0000
vt 17.5933 0.2000
vt 17.5933 0.4000
vt 17.5933 0.6000
vt 17.5933 0.8000
vt 17.5933 1.0000
vt 17.6800 0.0000
vt 17.6800 0.2000
vt 17.6800 0.4000
vt 17.6800 0.6000
vt 17.6800 0.8000
vt 17.6800 1.0000
vt 17.7667 0.0000
vt 17.7667 0.2000
vt 17.7667 0.4000
vt 17.7667 0.6000
vt 17.7667 0.8000
vt 17.7667 1.0000
vt 17.8533 0.0000
vt 17.8533 0.2000
vt 17.8533 0.4000
vt 17.8533 0.6000
vt 17.8533 0.8000
vt 17.8533 1.0000
vt 17.9400 0.0000
vt 17.9400 0.2000
vt 17.9400 0.4000
vt 17.9400 0.6000
vt 17.9400 0.8000
vt 17.9400 1.0000
vt 18.0267 0.0000
vt 18.0267 0.2000
vt 18.0267 0.4000
vt 18.0267 0.6000
vt 18.0267 0.8000
vt 18.0267 1.0000
vt 18.1133 0.0000
vt 18.1133 0.2000
vt 18.1133 0.4000
vt 18.1133 0.6000
vt 18.1133 0.8000
vt 18.1133 1.0000
vt 18.2000 0.0000
vt 18.2000 0.2000
vt 18.2000 0.4000
vt 18.2000 0.6000
vt 18.2000 0.8000
vt 18.2000 1.0000
vt 18.2867 0.0000
vt 18.2867 0.2000
vt 18.2867 0.4000
vt 18.2867 0.6000
vt 18.2867 0.8000
vt 18.2867 1.0000
vt 18.3733 0.0000
vt 18.3733 0.2000
vt 18.3733 0.4000
vt 18.3733 0.6000
vt 18.3733 0.8000
vt 18.3733 1.0000
vt 18.4600 0.0000
vt 18.4600 0.2000
vt 18.4600 0.4000
vt 18.4600 0.6000
vt 18.4600 0.8000
vt 18.4600 1.0000
vt 18.5467 0.0000
vt 18.5467 0.2000
vt 18.5467 0.4000
vt 18.5467 0.6000
vt 18.5467 0.8000
vt 18.5467 1.0000
vt 18.6333 0.0000
vt 18.6333 0.2000
vt 18.6333 0.4000
vt 18.6333 0.6000
vt 18.6333 0.8000
vt 18.6333 1.0000
vt 18.7200 0.0000
vt 18.7200 0.2000
vt 18.7200 0.4000
vt 18.7200 0.6000
vt 18.7200 0.8000
vt 18.7200 1.0000
vt 18.8067 0.0000
vt 18.8067 0.2000
vt 18.8067 0.4000
vt 18.8067 0.6000
vt 18.8067 0.8000
vt 18.8067 1.0000
vt 18.8933 0.0000
vt 18.8933 0.2000
vt 18.8933 0.4000
vt 18.8933 0.6000
vt 18.8933 0.8000
vt 18.8933 1.0000
vt 18.9800 0.0000
vt 18.9800 0.2000
vt 18.9800 0.4000
vt 18.9800 0.6000
vt 18.9800 0.8000
vt 18.9800 1.0000
vt 19.0667 0.0000
vt 19.0667 0.2000
vt 19.0667 0.4000
vt 19.0667 0.6000
vt 19.0667 0.8000
vt 19.0667 1.0000
vt 19.1533 0.0000
vt 19.1533 0.2000
vt 19.1533 0.4000
vt 19.1533 0.6000
vt 19.1533 0.8000
vt 19.1533 1.0000
vt 19.2400 0.0000
vt 19.2400 0.2000
vt 19.2400 0.4000
vt 19.2400 0.6000
vt 19.2400 0.8000
vt 19.2400 1.0000
vt 19.3267 0.0000
vt 19.3267 0.2000
vt 19.3267 0.4000
vt 19.3267 0.6000
vt 19.3267 0.8000
vt 19.3267 1.0000
vt 19.4133 0.0000
vt 19.4133 0.2000
vt 19.4133 0.4000
vt 19.4133 0.6000
vt 19.4133 0.8000
vt 19.4133 1.0000
vt 19.5000 0.0000
vt 19.5000 0.2000
vt 19.5000 0.4000
vt 19.5000 0.6000
vt 19.5000 0.8000
vt 19.5000 1.0000
vt 19.5867 0.0000
vt 19.5867 0.2000
vt 19.5867 0.4000
vt 19.5867 0.6000
vt 19.5867 0.8000
vt 19.5867 1.0000
vt 19.6733 0.0000
vt 19.6733 0.2000
vt 19.6733 0.4000
vt 19.6733 0.6000
vt 19.6733 0.8000
vt 19.6733 1.0000
vt 19.7600 0.0000
vt 19.7600 0.2000
vt 19.7600 0.4000
vt 19.7600 0.6000
vt 19.7600 0.8000
vt 19.7600 1.0000
vt 19.8467 0.0000
vt 19.8467 0.2000
vt 19.8467 0.4000
vt 19.8467 0.6000
vt 19.8467 0.8000
vt 19.8467 1.0000
vt 19.9333 0.0000
vt 19.9333 0.2000
vt 19.9333 0.4000
vt 19.9333 0.6000
vt 19.9333 0.8000
vt 19.9333 1.0000
vt 20.0200 0.0000
vt 20.0200 0.2000
vt 20.0200 0.4000
vt 20.0200 0.6000
vt 20.0200 0.8000
vt 20.0200 1.0000
vt 20.1067 0.0000
vt 20.1067 0.2000
vt 20.1067 0.4000
vt 20.1067 0.6000
vt 20.1067 0.8000
vt 20.1067 1.0000
vt 20.1933 0.0000
vt 20.1933 0.2000
vt 20.1933 0.4000
vt 20.1933 0.6000
vt 20.1933 0.8000
vt 20.1933 1.0000
vt 20.2800 0.0000
vt 20.2800 0.2000
vt 20.2800 0.4000
vt 20.2800 0.6000
vt 20.2800 0.8000
vt 20.2800 1.0000
vt 20.3667 0.0000
vt 20.3667 0.2000
vt 20.3667 0.4000
vt 20.3667 0.6000
vt 20.3667 0.8000
vt 20.3667 1.0000
vt 20.4533 0.0000
vt 20.4533 0.2000
vt 20.4533 0.4000
vt 20.4533 0.6000
vt 20.4533 0.8000
vt 20.4533 1.0000
vt 20.5400 0.0000
vt 20.5400 0.2000
vt 20.5400 0.4000
vt 20.5400 0.6000
vt 20.5400 0.8000
vt 20.5400 1.0000
vt 20.6267 0.0000
vt 20.6267 0.2000
vt 20.6267 0.4000
vt 20.6267 0.6000
vt 20.6267 0.8000
vt 20.6267 1.0000
vt 20.7133 0.0000
vt 20.7133 0.2000
vt 20.7133 0.4000
vt 20.7133 0.6000
vt 20.7133 0.8000
vt 20.7133 1.0000
vt 20.8000 0.0000
vt 20.8000 0.2000
vt 20.8000 0.4000
vt 20.8000 0.6000
vt 20.8000 0.8000
vt 20.8000 1.0000
vt 20.8867 0.0000
vt 20.8867 0.2000
vt 20.8867 0.4000
vt 20.8867 0.6000
vt 20.8867 0.8000
vt 20.8867 1.0000
vt 20.9733 0.0000
vt 20.9733 0.2000
vt 20.9733 0.4000
vt 20.9733 0.6000
vt 20.9733 0.8000
vt 20.9733 1.0000
vt 21.0600 0.0000
vt 21.0600 0.2000
vt 21.0600 0.4000
vt 21.0600 0.6000
vt 21.0600 0.8000
vt 21.0600 1.0000
vt 21.1467 0.0000
vt 21.1467 0.2000
vt 21.1467 0.4000
vt 21.1467 0.6000
vt 21.1467 0.8000
vt 21.1467 1.0000
vt 21.2333 0.0000
vt 21.2333 0.2000
vt 21.2333 0.4000
vt 21.2333 0.6000
vt 21.2333 0.8000
vt 21.2333 1.0000
vt 21.3200 0.0000
vt 21.3200 0.2000
vt 21.3200 0.4000
vt 21.3200 0.6000
vt 21.3200 0.8000
vt 21.3200 1.0000
vt 21.4067 0.0000
vt 21.4067 0.2000
vt 21.4067 0.4000
vt 21.4067 0.6000
vt 21.4067 0.8000
vt 21.4067 1.0000
vt 21.4933 0.0000
vt 21.4933 0.2000
vt 21.4933 0.4000
vt 21.4933 0.6000
vt 21.4933 0.8000
vt 21.4933 1.0000
vt 21.5800 0.0000
vt 21.5800 0.2000
vt 21.5800 0.4000
vt 21.5800 0.6000
vt 21.5800 0.8000
vt 21.5800 1.0000
vt 21.6667 0.0000
vt 21.6667 0.2000
vt 21.6667 0.4000
vt 21.6667 0.6000
vt 21.6667 0.8000
vt 21.6667 1.0000
vt 21.7533 0.0000
vt 21.7533 0.2000
vt 21.7533 0.4000
vt 21.7533 0.6000
vt 21.7533 0.8000
vt 21.7533 1.0000
vt 21.8400 0.0000
vt 21.8400 0.2000
vt 21.8400 0.4000
vt 21.8400 0.6000
vt 21.8400 0.8000
vt 21.8400 1.0000
vt 21.9267 0.0000
vt 21.9267 0.2000
vt 21.9267 0.4000
vt 21.9267 0.6000
vt 21.9267 0.8000
vt 21.9267 1.0000
vt 22.0133 0.0000
vt 22.0133 0.2000
vt 22.0133 0.4000
vt 22.0133 0.6000
vt 22.0133 0.8000
vt 22.0133 1.0000
vt 22.1000 0.0000
vt 22.1000 0.2000
vt 22.1000 0.4000
vt 22.1000 0.6000
vt 22.1000 0.8000
vt 22.1000 1.0000
vt 22.1867 0.0000
vt 22.1867 0.2000
vt 22.1867 0.4000
vt 22.1867 0.6000
vt 22.1867 0.8000
vt 22.1867 1.0000
vt 22.2733 0.0000
vt 22.2733 0.2000
vt 22.2733 0.4000
vt 22.2733 0.6000
vt 22.2733 0.8000
vt 22.2733 1.0000
vt 22.3600 0.0000
vt 22.3600 0.2000
vt 22.3600 0.4000
vt 22.3600 0.6000
vt 22.3600 0.8000
vt 22.3600 1.0000
vt 22.4467 0.0000
vt 22.4467 0.2000
vt 22.4467 0.4000
vt 22.4467 0.6000
vt 22.4467 0.8000
vt 22.4467 1.0000
vt 22.5333 0.0000
vt 22.5333 0.2000
vt 22.5333 0.4000
vt 22.5333 0.6000
vt 22.5333 0.8000
vt 22.5333 1.0000
vt 22.6200 0.0000
vt 22.6200 0.2000
vt 22.6200 0.4000
vt 22.6200 0.6000
vt 22.6200 0.8000
vt 22.6200 1.0000
vt 22.7067 0.0000
vt 22.7067 0.2000
vt 22.7067 0.4000
vt 22.7067 0.6000
vt 22.7067 0.8000
vt 22.7067 1.0000
vt 22.7933 0.0000
vt 22.7933 0.2000
vt 22.7933 0.4000
vt 22.7933 0.6000
vt 22.7933 0.8000
vt 22.7933 1.0000
vt 22.8800 0.0000
vt 22.8800 0.2000
vt 22.8800 0.4000
vt 22.8800 0.6000
vt 22.8800 0.8000
vt 22.8800 1.0000
vt 22.9667 0.0000
vt 22.9667 0.2000
vt 22.9667 0.4000
vt 22.9667 0.6000
vt 22.9667 0.8000
vt 22.9667 1.0000
vt 23.0533 0.0000
vt 23.0533 0.2000
vt 23.0533 0.4000
vt 23.0533 0.6000
vt 23.0533 0.8000
vt 23.0533 1.0000
vt 23.1400 0.0000
vt 23.1400 0.2000
vt 23.1400 0.4000
vt 23.1400 0.6000
vt 23.1400 0.8000
vt 23.1400 1.0000
vt 23.2267 0.0000
vt 23.2267 0.2000
vt 23.2267 0.4000
vt 23.2267 0.6000
vt 23.2267 0.8000
vt 23.2267 1.0000
vt 23.3133 0.0000
vt 23.3133 0.2000
vt 23.3133 0.4000
vt 23.3133 0.6000
vt 23.3133 0.8000
vt 23.3133 1.0000
vt 23.4000 0.0000
vt 23.4000 0.2000
vt 23.4000 0.4000
vt 23.4000 0.6000
vt 23.4000 0.8000
vt 23.4000 1.0000
vt 23.4867 0.0000
vt 23.4867 0.2000
vt 23.4867 0.4000
vt 23.4867 0.6000
vt 23.4867 0.8000
vt 23.4867 1.0000
vt 23.5733 0.0000
vt 23.5733 0.2000
vt 23.5733 0.4000
vt 23.5733 0.6000
vt 23.5733 0.8000
vt 23.5733 1.0000
vt 23.6600 0.0000
vt 23.6600 0.2000
vt 23.6600 0.4000
vt 23.6600 0.6000
vt 23.6600 0.8000
vt 23.6600 1.0000
vt 23.7467 0.0000
vt 23.7467 0.2000
vt 23.7467 0.4000
vt 23.7467 0.6000
vt 23.7467 0.8000
vt 23.7467 1.0000
vt 23.8333 0.0000
vt 23.8333 0.2000
vt 23.8333 0.4000
vt 23.8333 0.6000
vt 23.8333 0.8000
vt 23.8333 1.0000
vt 23.9200 0.0000
vt 23.9200 0.2000
vt 23.9200 0.4000
vt 23.9200 0.6000
vt 23.9200 0.8000
vt 23.9200 1.0000
vt 24.0067 0.0000
vt 24.0067 0.2000
vt 24.0067 0.4000
vt 24.0067 0.6000
vt 24.0067 0.8000
vt 24.0067 1.0000
vt 24.0933 0.0000
vt 24.0933 0.2000
vt 24.0933 0.4000
vt 24.0933 0.6000
vt 24.0933 0.8000
vt 24.0933 1.0000
vt 24.1800 0.0000
vt 24.1800 0.2000
vt 24.1800 0.4000
vt 24.1800 0.6000
vt 24.1800 0.8000
vt 24.1800 1.0000
vt 24.2667 0.0000
vt 24.2667 0.2000
vt 24.2667 0.4000
vt 24.2667 0.6000
vt 24.2667 0.8000
vt 24.2667 1.0000
vt 24.3533 0.0000
vt 24.3533 0.2000
vt 24.3533 0.4000
vt 24.3533 0.6000
vt 24.3533 0.8000
vt 24.3533 1.0000
vt 24.4400 0.0000
vt 24.4400 0.2000
vt 24.4400 0.4000
vt 24.4400 0.6000
vt 24.4400 0.8000
vt 24.4400 1.0000
vt 24.5267 0.0000
vt 24.5267 0.2000
vt 24.5267 0.4000
vt 24.5267 0.6000
vt 24.5267 0.8000
vt 24.5267 1.0000
vt 24.6133 0.0000
vt 24.6133 0.2000
vt 24.6133 0.4000
vt 24.6133 0.6000
vt 24.6133 0.8000
vt 24.6133 1.0000
vt 24.7000 0.0000
vt 24.7000 0.2000
vt 24.7000 0.4000
vt 24.7000 0.6000
vt 24.7000 0.8000
vt 24.7000 1.0000
vt 24.7867 0.0000
vt 24.7867 0.2000
vt 24.7867 0.4000
vt 24.7867 0.6000
vt 24.7867 0.8000
vt 24.7867 1.0000
vt 24.8733 0.0000
vt 24.8733 0.2000
vt 24.8733 0.4000
vt 24.8733 0.6000
vt 24.8733 0.8000
vt 24.8733 1.0000
vt 24.9600 0.0000
vt 24.9600 0.2000
vt 24.9600 0.4000
vt 24.9600 0.6000
vt 24.9600 0.8000
vt 24.9600 1.0000
vt 25.0467 0.0000
vt 25.0467 0.2000
vt 25.0467 0.4000
vt 25.0467 0.6000
vt 25.0467 0.8000
vt 25.0467 1.0000
vt 25.1333 0.0000
vt 25.1333 0.2000
vt 25.1333 0.4000
vt 25.1333 0.6000
vt 25.1333 0.8000
vt 25.1333 1.0000
vt 25.2200 0.0000
vt 25.2200 0.2000
vt 25.2200 0.4000
vt 25.2200 0.6000
vt 25.2200 0.8000
vt 25.2200 1.0000
vt 25.3067 0.0000
vt 25.3067 0.2000
vt 25.3067 0.4000
vt 25.3067 0.6000
vt 25.3067 0.8000
vt 25.3067 1.0000
vt 25.3933 0.0000
vt 25.3933 0.2000
vt 25.3933 0.4000
vt 25.3933 0.6000
vt 25.3933 0.8000
vt 25.3933 1.0000
vt 25.4800 0.0000
vt 25.4800 0.2000
vt 25.4800 0.4000
vt 25.4800 0.6000
vt 25.4800 0.8000
vt 25.4800 1.0000
vt 25.5667 0.0000
vt 25.5667 0.2000
vt 25.5667 0.4000
vt 25.5667 0.6000
vt 25.5667 0.8000
vt 25.5667 1.0000
vt 25.6533 0.0000
vt 25.6533 0.2000
vt 25.6533 0.4000
vt 25.6533 0.6000
vt 25.6533 0.8000
vt 25.6533 1.0000
vt 25.7400 0.0000
vt 25.7400 0.2000
vt 25.7400 0.4000
vt 25.7400 0.6000
vt 25.7400 0.8000
vt 25.7400 1.0000
vt 25.8267 0.0000
vt 25.8267 0.2000
vt 25.8267 0.4000
vt 25.8267 0.6000
vt 25.8267 0.8000
vt 25.8267 1.0000
vt 25.9133 0.0000
vt 25.9133 0.2000
vt 25.9133 0.4000
vt 25.9133 0.6000
vt 25.9133 0.8000
vt 25.9133 1.0000
vt 26.0000 0.0000
vt 26.0000 0.2000
vt 26.0000 0.4000
vt 26.0000 0.6000
vt 26.0000 0.8000
vt 26.0000 1.0000
vt 0.0000 0.0000
vt 0.0000 1.0000
vt 0.0833 0.0000
vt 0.0833 1.0000
vt 0.1667 0.0000
vt 0.1667 1.0000
vt 0.2500 0.0000
vt 0.2500 1.0000
vt 0.3333 0.0000
vt 0.3333 1.0000
vt 0.4167 0.0000
vt 0.4167 1.0000
vt 0.5000 0.0000
vt 0.5000 1.0000
vt 0.5833 0.0000
vt 0.5833 1.0000
vt 0.6667 0.0000
vt 0.6667 1.0000
vt 0.7500 0.0000
vt 0.7500 1.0000
vt 0.8333 0.0000
vt 0.8333 1.0000
vt 0.9167 0.0000
vt 0.9167 1.0000
vt 1.0000 0.0000
vt 1.0000 1.0000
vt 0.5000 0.0000
vt 0.0000 0.0000
vt 0.0000 1.0000
vt 0.2500 0.0000
vt 0.2500 1.0000
vt 0.5000 0.0000
vt 0.5000 1.0000
vt 0.7500 0.0000
vt 0.7500 1.0000
vt 1.0000 0.0000
vt 1.0000 1.0000
vt 0.5000 0.0000
vt 0.0000 0.0000
vt 0.0000 1.0000
vt 0.2500 0.0000
vt 0.2500 1.0000
vt 0.5000 0.0000
vt 0.5000 1.0000
vt 0.7500 0.0000
vt 0.7500 1.0000
vt 1.0000 0.0000
vt 1.0000 1.0000
vt 0.5000 0.0000
vt 0.0000 0.0000
vt 0.0000 1.0000
vt 0.2500 0.0000
vt 0.2500 1.0000
vt 0.5000 0.0000
vt 0.5000 1.0000
vt 0.7500 0.0000
vt 0.7500 1.0000
vt 1.0000 0.0000
vt 1.0000 1.0000
vt 0.5000 0.0000
vt 0.0000 0.0000
vt 0.0000 1.0000
vt 0.2500 0.0000
vt 0.2500 1.0000
vt 0.5000 0.0000
vt 0.5000 1.0000
vt 0.7500 0.0000
vt 0.7500 1.0000
vt 1.0000 0.0000
vt 1.0000 1.0000
vt 0.5000 0.0000
vt 0.0000 0.0000
vt 0.0000 1.0000
vt 0.2500 0.0000
vt 0.2500 1.0000
vt 0.5000 0.0000
vt 0.5000 1.0000
vt 0.7500 0.0000
vt 0.7500 1.0000
vt 1.0000 0.0000
vt 1.0000 1.0000
vt 0.5000 0.0000
vt 0.0000 0.0000
vt 0.0000 1.0000
vt 0.2500 0.0000
vt 0.2500 1.0000
vt 0.5000 0.0000
vt 0.5000 1.0000
vt 0.7500 0.0000
vt 0.7500 1.0000
vt 1.0000 0.0000
vt 1.0000 1.0000
vt 0.5000 0.0000
vt 0.0000 0.0000
vt 0.0000 1.0000
vt 0.2500 0.0000
vt 0.2500 1.0000
vt 0.5000 0.0000
vt 0.5000 1.0000
vt 0.7500 0.0000
vt 0.7500 1.0000
vt 1.0000 0.0000
vt 1.0000 1.0000
vt 0.5000 0.0000
vt 0.0000 0.0000
vt 0.0000 1.0000
vt 0.2500 0.0000
vt 0.2500 1.0000
vt 0.5000 0.0000
vt 0.5000 1.0000
vt 0.7500 0.0000
vt 0.7500 1.0000
vt 1.0000 0.0000
vt 1.0000 1.0000
vt 0.5000 0.0000
vt 0.0000 0.0000
vt 0.0000 1.0000
vt 0.2500 0.0000
vt 0.2500 1.0000
vt 0.5000 0.0000
vt 0.5000 1.0000
vt 0.7500 0.0000
vt 0.7500 1.0000
vt 1.0000 0.0000
vt 1.0000 1.0000
vt 0.5000 0.0000
f 1/1 3/3 4/4
f 1/1 4/4 2/2
f 3/3 5/5 6/6
f 3/3 6/6 4/4
f 5/5 7/7 8/8
f 5/5 8/8 6/6
f 7/7 9/9 10/10
f 7/7 10/10 8/8
f 9/9 11/11 12/12
f 9/9 12/12 10/10
f 11/11 13/13 14/14
f 11/11 14/14 12/12
f 13/13 15/15 16/16
f 13/13 16/16 14/14
f 15/15 17/17 18/18
f 15/15 18/18 16/16
f 17/17 19/19 20/20
f 17/17 20/20 18/18
f 19/19 21/21 22/22
f 19/19 22/22 20/20
f 21/21 23/23 24/24
f 21/21 24/24 22/22
f 23/23 25/25 26/26
f 23/23 26/26 24/24
f 25/25 27/27 28/28
f 25/25 28/28 26/26
f 27/27 29/29 30/30
f 27/27 30/30 28/28
f 31/31 2/2 4/4
f 31/31 4/4 6/6
f 31/31 6/6 8/8
f 31/31 8/8 10/10
f 31/31 10/10 12/12
f 31/31 12/12 14/14
f 31/31 14/14 16/16
f 31/31 16/16 18/18
f 31/31 18/18 20/20
f 31/31 20/20 22/22
f 31/31 22/22 24/24
f 31/31 24/24 26/26
f 31/31 26/26 28/28
f 31/31 28/28 30/30
f 32/32 33/33 39/39
f 32/32 39/39 38/38
f 33/33 34/34 40/40
f 33/33 40/40 39/39
f 34/34 35/35 41/41
f 34/34 41/41 40/40
f 35/35 36/36 42/42
f 35/35 42/42 41/41
f 36/36 37/37 43/43
f 36/36 43/43 42/42
f 38/38 39/39 45/45
f 38/38 45/45 44/44
f 39/39 40/40 46/46
f 39/39 46/46 45/45
f 40/40 41/41 47/47
f 40/40 47/47 46/46
f 41/41 42/42 48/48
f 41/41 48/48 47/47
f 42/42 43/43 49/49
f 42/42 49/49 48/48
f 44/44 45/45 51/51
f 44/44 51/51 50/50
f 45/45 46/46 52/52
f 45/45 52/52 51/51
f 46/46 47/47 53/53
f 46/46 53/53 52/52
f 47/47 48/48 54/54
f 47/47 54/54 53/53
f 48/48 49/49 55/55
f 48/48 55/55 54/54
f 50/50 51/51 57/57
f 50/50 57/57 56/56
f 51/51 52/52 58/58
f 51/51 58/58 57/57
f 52/52 53/53 59/59
f 52/52 59/59 58/58
f 53/53 54/54 60/60
f 53/53 60/60 59/59
f 54/54 55/55 61/61
f 54/54 61/61 60/60
f 56/56 57/57 63/63
f 56/56 63/63 62/62
f 57/57 58/58 64/64
f 57/57 64/64 63/63
f 58/58 59/59 65/65
f 58/58 65/65 64/64
f 59/59 60/60 66/66
f 59/59 66/66 65/65
f 60/60 61/61 67/67
f 60/60 67/67 66/66
f 62/62 63/63 69/69
f 62/62 69/69 68/68
f 63/63 64/64 70/70
f 63/63 70/70 69/69
f 64/64 65/65 71/71
f 64/64 71/71 70/70
f 65/65 66/66 72/72
f 65/65 72/72 71/71
f 66/66 67/67 73/73
f 66/66 73/73 72/72
f 68/68 69/69 75/75
f 68/68 75/75 74/74
f 69/69 70/70 76/76
f 69/69 76/76 75/75
f 70/70 71/71 77/77
f 70/70 77/77 76/76
f 71/71 72/72 78/78
f 71/71 78/78 77/77
f 72/72 73/73 79/79
f 72/72 79/79 78/78
f 74/74 75/75 81/81
f 74/74 81/81 80/80
f 75/75 76/76 82/82
f 75/75 82/82 81/81
f 76/76 77/77 83/83
f 76/76 83/83 82/82
f 77/77 78/78 84/84
f 77/77 84/84 83/83
f 78/78 79/79 85/85
f 78/78 85/85 84/84
f 80/80 81/81 87/87
f 80/80 87/87 86/86
f 81/81 82/82 88/88
f 81/81 88/88 87/87
f 82/82 83/83 89/89
f 82/82 89/89 88/88
f 83/83 84/84 90/90
f 83/83 90/90 89/89
f 84/84 85/85 91/91
f 84/84 91/91 90/90
f 86/86 87/87 93/93
f 86/86 93/93 92/92
f 87/87 88/88 94/94
f 87/87 94/94 93/93
f 88/88 89/89 95/95
f 88/88 95/95 94/94
f 89/89 90/90 96/96
f 89/89 96/96 95/95
f 90/90 91/91 97/97
f 90/90 97/97 96/96
f 92/92 93/93 99/99
f 92/92 99/99 98/98
f 93/93 94/94 100/100
f 93/93 100/100 99/99
f 94/94 95/95 101/101
f 94/94 101/101 100/100
f 95/95 96/96 102/102
f 95/95 102/102 101/101
f 96/96 97/97 103/103
f 96/96 103/103 102/102
f 98/98 99/99 105/105
f 98/98 105/105 104/104
f 99/99 100/100 106/106
f 99/99 106/106 105/105
f 100/100 101/101 107/107
f 100/100 107/107 106/106
f 101/101 102/102 108/108
f 101/101 108/108 107/107
f 102/102 103/103 109/109
f 102/102 109/109 108/108
f 104/104 105/105 111/111
f 104/104 111/111 110/110
f 105/105 106/106 112/112
f 105/105 112/112 111/111
f 106/106 107/107 113/113
f 106/106 113/113 112/112
f 107/107 108/108 114/114
f 107/107 114/114 113/113
f 108/108 109/109 115/115
f 108/108 115/115 114/114
f 110/110 111/111 117/117
f 110/110 117/117 116/116
f 111/111 112/112 118/118
f 111/111 118/118 117/117
f 112/112 113/113 119/119
f 112/112 119/119 118/118
f 113/113 114/114 120/120
f 113/113 120/120 119/119
f 114/114 115/115 121/121
f 114/114 121/121 120/120
f 116/116 117/117 123/123
f 116/116 123/123 122/122
f 117/117 118/118 124/124
f 117/117 124/124 123/123
f 118/118 119/119 125/125
f 118/118 125/125 124/124
f 119/119 120/120 126/126
f 119/119 126/126 125/125
f 120/120 121/121 127/127
f 120/120 127/127 126/126
f 122/122 123/123 129/129
f 122/122 129/129 128/128
f 123/123 124/124 130/130
f 123/123 130/130 129/129
f 124/124 125/125 131/131
f 124/124 131/131 130/130
f 125/125 126/126 132/132
f 125/125 132/132 131/131
f 126/126 127/127 133/133
f 126/126 133/133 132/132
f 128/128 129/129 135/135
f 128/128 135/135 134/134
f 129/129 130/130 136/136
f 129/129 136/136 135/135
f 130/130 131/131 137/137
f 130/130 137/137 136/136
f 131/131 132/132 138/138
f 131/131 138/138 137/137
f 132/132 133/133 139/139
f 132/132 139/139 138/138
f 134/134 135/135 141/141
f 134/134 141/141 140/140
f 135/135 136/136 142/142
f 135/135 142/142 141/141
f 136/136 137/137 143/143
f 136/136 143/143 142/142
f 137/137 138/138 144/144
f 137/137 144/144 143/143
f 138/138 139/139 145/145
f 138/138 145/145 144/144
f 140/140 141/141 147/147
f 140/140 147/147 146/146
f 141/141 142/142 148/148
f 141/141 148/148 147/147
f 142/142 143/143 149/149
f 142/142 149/149 148/148
f 143/143 144/144 150/150
f 143/143 150/150 149/149
f 144/144 145/145 151/151
f 144/144 151/151 150/150
f 146/146 147/147 153/153
f 146/146 153/153 152/152
f 147/147 148/148 154/154
f 147/147 154/154 153/153
f 148/148 149/149 155/155
f 148/148 155/155 154/154
f 149/149 150/150 156/156
f 149/149 156/156 155/155
f 150/150 151/151 157/157
f 150/150 157/157 156/156
f 152/152 153/153 159/159
f 152/152 159/159 158/158
f 153/153 154/154 160/160
f 153/153 160/160 159/159
f 154/154 155/155 161/161
f 154/154 161/161 160/160
f 155/155 156/156 162/162
f 155/155 162/162 161/161
f 156/156 157/157 163/163
f 156/156 163/163 162/162
f 158/158 159/159 165/165
f 158/158 165/165 164/164
f 159/159 160/160 166/166
f 159/159 166/166 165/165
f 160/160 161/161 167/167
f 160/160 167/167 166/166
f 161/161 162/162 168/168
f 161/161 168/168 167/167
f 162/162 163/163 169/169
f 162/162 169/169 168/168
f 164/164 165/165 171/171
f 164/164 171/171 170/170
f 165/165 166/166 172/172
f 165/165 172/172 171/171
f 166/166 167/167 173/173
f 166/166 173/173 172/172
f 167/167 168/168 174/174
f 167/167 174/174 173/173
f 168/168 169/169 175/175
f 168/168 175/175 174/174
f 170/170 171/171 177/177
f 170/170 177/177 176/176
f 171/171 172/172 178/178
f 171/171 178/178 177/177
f 172/172 173/173 179/179
f 172/172 179/179 178/178
f 173/173 174/174 180/180
f 173/173 180/180 179/179
f 174/174 175/175 181/181
f 174/174 181/181 180/180
f 176/176 177/177 183/183
f 176/176 183/183 182/182
f 177/177 178/178 184/184
f 177/177 184/184 183/183
f 178/178 179/179 185/185
f 178/178 185/185 184/184
f 179/179 180/180 186/186
f 179/179 186/186 185/185
f 180/180 181/181 187/187
f 180/180 187/187 186/186
f 182/182 183/183 189/189
f 182/182 189/189 188/188
f 183/183 184/184 190/190
f 183/183 190/190 189/189
f 184/184 185/185 191/191
f 184/184 191/191 190/190
f 185/185 186/186 192/192
f 185/185 192/192 191/191
f 186/186 187/187 193/193
f 186/186 193/193 192/192
f 188/188 189/189 195/195
f 188/188 195/195 194/194
f 189/189 190/190 196/196
f 189/189 196/196 195/195
f 190/190 191/191 197/197
f 190/190 197/197 196/196
f 191/191 192/192 198/198
f 191/191 198/198 197/197
f 192/192 193/193 199/199
f 192/192 199/199 198/198
f 194/194 195/195 201/201
f 194/194 201/201 200/200
f 195/195 196/196 202/202
f 195/195 202/202 201/201
f 196/196 197/197 203/203
f 196/196 203/203 202/202
f 197/197 198/198 204/204
f 197/197 204/204 203/203
f 198/198 199/199 205/205
f 198/198 205/205 204/204
f 200/200 201/201 207/207
f 200/200 207/207 206/206
f 201/201 202/202 208/208
f 201/201 208/208 207/207
f 202/202 203/203 209/209
f 202/202 209/209 208/208
f 203/203 204/204 210/210
f 203/203 210/210 209/209
f 204/204 205/205 211/211
f 204/204 211/211 210/210
f 206/206 207/207 213/213
f 206/206 213/213 212/212
f 207/207 208/208 214/214
f 207/207 214/214 213/213
f 208/208 209/209 215/215
f 208/208 215/215 214/214
f 209/209 210/210 216/216
f 209/209 216/216 215/215
f 210/210 211/211 217/217
f 210/210 217/217 216/216
f 212/212 213/213 219/219
f 212/212 219/219 218/218
f 213/213 214/214 220/220
f 213/213 220/220 219/219
f 214/214 215/215 221/221
f 214/214 221/221 220/220
f 215/215 216/216 222/222
f 215/215 222/222 221/221
f 216/216 217/217 223/223
f 216/216 223/223 222/222
f 218/218 219/219 225/225
f 218/218 225/225 224/224
f 219/219 220/220 226/226
f 219/219 226/226 225/225
f 220/220 221/221 227/227
f 220/220 227/227 226/226
f 221/221 222/222 228/228
f 221/221 228/228 227/227
f 222/222 223/223 229/229
f 222/222 229/229 228/228
f 224/224 225/225 231/231
f 224/224 231/231 230/230
f 225/225 226/226 232/232
f 225/225 232/232 231/231
f 226/226 227/227 233/233
f 226/226 233/233 232/232
f 227/227 228/228 234/234
f 227/227 234/234 233/233
f 228/228 229/229 235/235
f 228/228 235/235 234/234
f 230/230 231/231 237/237
f 230/230 237/237 236/236
f 231/231 232/232 238/238
f 231/231 238/238 237/237
f 232/232 233/233 239/239
f 232/232 239/239 238/238
f 233/233 234/234 240/240
f 233/233 240/240 239/239
f 234/234 235/235 241/241
f 234/234 241/241 240/240
f 236/236 237/237 243/243
f 236/236 243/243 242/242
f 237/237 238/238 244/244
f 237/237 244/244 243/243
f 238/238 239/239 245/245
f 238/238 245/245 244/244
f 239/239 240/240 246/246
f 239/239 246/246 245/245
f 240/240 241/241 247/247
f 240/240 247/247 246/246
f 242/242 243/243 249/249
f 242/242 249/249 248/248
f 243/243 244/244 250/250
f 243/243 250/250 249/249
f 244/244 245/245 251/251
f 244/244 251/251 250/250
f 245/245 246/246 252/252
f 245/245 252/252 251/251
f 246/246 247/247 253/253
f 246/246 253/253 252/252
f 248/248 249/249 255/255
f 248/248 255/255 254/254
f 249/249 250/250 256/256
f 249/249 256/256 255/255
f 250/250 251/251 257/257
f 250/250 257/257 256/256
f 251/251 252/252 258/258
f 251/251 258/258 257/257
f 252/252 253/253 259/259
f 252/252 259/259 258/258
f 254/254 255/255 261/261
f 254/254 261/261 260/260
f 255/255 256/256 262/262
f 255/255 262/262 261/261
f 256/256 257/257 263/263
f 256/256 263/263 262/262
f 257/257 258/258 264/264
f 257/257 264/264 263/263
f 258/258 259/259 265/265
f 258/258 265/265 264/264
f 260/260 261/261 267/267
f 260/260 267/267 266/266
f 261/261 262/262 268/268
f 261/261 268/268 267/267
f 262/262 263/263 269/269
f 262/262 269/269 268/268
f 263/263 264/264 270/270
f 263/263 270/270 269/269
f 264/264 265/265 271/271
f 264/264 271/271 270/270
f 266/266 267/267 273/273
f 266/266 273/273 272/272
f 267/267 268/268 274/274
f 267/267 274/274 273/273
f 268/268 269/269 275/275
f 268/268 275/275 274/274
f 269/269 270/270 276/276
f 269/269 276/276 275/275
f 270/270 271/271 277/277
f 270/270 277/277 276/276
f 272/272 273/273 279/279
f 272/272 279/279 278/278
f 273/273 274/274 280/280
f 273/273 280/280 279/279
f 274/274 275/275 281/281
f 274/274 281/281 280/280
f 275/275 276/276 282/282
f 275/275 282/282 281/281
f 276/276 277/277 283/283
f 276/276 283/283 282/282
f 278/278 279/279 285/285
f 278/278 285/285 284/284
f 279/279 280/280 286/286
f 279/279 286/286 285/285
f 280/280 281/281 287/287
f 280/280 287/287 286/286
f 281/281 282/282 288/288
f 281/281 288/288 287/287
f 282/282 283/283 289/289
f 282/282 289/289 288/288
f 284/284 285/285 291/291
f 284/284 291/291 290/290
f 285/285 286/286 292/292
f 285/285 292/292 291/291
f 286/286 287/287 293/293
f 286/286 293/293 292/292
f 287/287 288/288 294/294
f 287/287 294/294 293/293
f 288/288 289/289 295/295
f 288/288 295/295 294/294
f 290/290 291/291 297/297
f 290/290 297/297 296/296
f 291/291 292/292 298/298
f 291/291 298/298 297/297
f 292/292 293/293 299/299
f 292/292 299/299 298/298
f 293/293 294/294 300/300
f 293/293 300/300 299/299
f 294/294 295/295 301/301
f 294/294 301/301 300/300
f 296/296 297/297 303/303
f 296/296 303/303 302/302
f 297/297 298/298 304/304
f 297/297 304/304 303/303
f 298/298 299/299 305/305
f 298/298 305/305 304/304
f 299/299 300/300 306/306
f 299/299 306/306 305/305
f 300/300 301/301 307/307
f 300/300 307/307 306/306
f 302/302 303/303 309/309
f 302/302 309/309 308/308
f 303/303 304/304 310/310
f 303/303 310/310 309/309
f 304/304 305/305 311/311
f 304/304 311/311 310/310
f 305/305 306/306 312/312
f 305/305 312/312 311/311
f 306/306 307/307 313/313
f 306/306 313/313 312/312
f 308/308 309/309 315/315
f 308/308 315/315 314/314
f 309/309 310/310 316/316
f 309/309 316/316 315/315
f 310/310 311/311 317/317
f 310/310 317/317 316/316
f 311/311 312/312 318/318
f 311/311 318/318 317/317
f 312/312 313/313 319/319
f 312/312 319/319 318/318
f 314/314 315/315 321/321
f 314/314 321/321 320/320
f 315/315 316/316 322/322
f 315/315 322/322 321/321
f 316/316 317/317 323/323
f 316/316 323/323 322/322
f 317/317 318/318 324/324
f 317/317 324/324 323/323
f 318/318 319/319 325/325
f 318/318 325/325 324/324
f 320/320 321/321 327/327
f 320/320 327/327 326/326
f 321/321 322/322 328/328
f 321/321 328/328 327/327
f 322/322 323/323 329/329
f 322/322 329/329 328/328
f 323/323 324/324 330/330
f 323/323 330/330 329/329
f 324/324 325/325 331/331
f 324/324 331/331 330/330
f 326/326 327/327 333/333
f 326/326 333/333 332/332
f 327/327 328/328 334/334
f 327/327 334/334 333/333
f 328/328 329/329 335/335
f 328/328 335/335 334/334
f 329/329 330/330 336/336
f 329/329 336/336 335/335
f 330/330 331/331 337/337
f 330/330 337/337 336/336
f 332/332 333/333 339/339
f 332/332 339/339 338/338
f 333/333 334/334 340/340
f 333/333 340/340 339/339
f 334/334 335/335 341/341
f 334/334 341/341 340/340
f 335/335 336/336 342/342
f 335/335 342/342 341/341
f 336/336 337/337 343/343
f 336/336 343/343 342/342
f 338/338 339/339 345/345
f 338/338 345/345 344/344
f 339/339 340/340 346/346
f 339/339 346/346 345/345
f 340/340 341/341 347/347
f 340/340 347/347 346/346
f 341/341 342/342 348/348
f 341/341 348/348 347/347
f 342/342 343/343 349/349
f 342/342 349/349 348/348
f 344/344 345/345 351/351
f 344/344 351/351 350/350
f 345/345 346/346 352/352
f 345/345 352/352 351/351
f 346/346 347/347 353/353
f 346/346 353/353 352/352
f 347/347 348/348 354/354
f 347/347 354/354 353/353
f 348/348 349/349 355/355
f 348/348 355/355 354/354
f 350/350 351/351 357/357
f 350/350 357/357 356/356
f 351/351 352/352 358/358
f 351/351 358/358 357/357
f 352/352 353/353 359/359
f 352/352 359/359 358/358
f 353/353 354/354 360/360
f 353/353 360/360 359/359
f 354/354 355/355 361/361
f 354/354 361/361 360/360
f 356/356 357/357 363/363
f 356/356 363/363 362/362
f 357/357 358/358 364/364
f 357/357 364/364 363/363
f 358/358 359/359 365/365
f 358/358 365/365 364/364
f 359/359 360/360 366/366
f 359/359 366/366 365/365
f 360/360 361/361 367/367
f 360/360 367/367 366/366
f 362/362 363/363 369/369
f 362/362 369/369 368/368
f 363/363 364/364 370/370
f 363/363 370/370 369/369
f 364/364 365/365 371/371
f 364/364 371/371 370/370
f 365/365 366/366 372/372
f 365/365 372/372 371/371
f 366/366 367/367 373/373
f 366/366 373/373 372/372
f 368/368 369/369 375/375
f 368/368 375/375 374/374
f 369/369 370/370 376/376
f 369/369 376/376 375/375
f 370/370 371/371 377/377
f 370/370 377/377 376/376
f 371/371 372/372 378/378
f 371/371 378/378 377/377
f 372/372 373/373 379/379
f 372/372 379/379 378/378
f 374/374 375/375 381/381
f 374/374 381/381 380/380
f 375/375 376/376 382/382
f 375/375 382/382 381/381
f 376/376 377/377 383/383
f 376/376 383/383 382/382
f 377/377 378/378 384/384
f 377/377 384/384 383/383
f 378/378 379/379 385/385
f 378/378 385/385 384/384
f 380/380 381/381 387/387
f 380/380 387/387 386/386
f 381/381 382/382 388/388
f 381/381 388/388 387/387
f 382/382 383/383 389/389
f 382/382 389/389 388/388
f 383/383 384/384 390/390
f 383/383 390/390 389/389
f 384/384 385/385 391/391
f 384/384 391/391 390/390
f 386/386 387/387 393/393
f 386/386 393/393 392/392
f 387/387 388/388 394/394
f 387/387 394/394 393/393
f 388/388 389/389 395/395
f 388/388 395/395 394/394
f 389/389 390/390 396/396
f 389/389 396/396 395/395
f 390/390 391/391 397/397
f 390/390 397/397 396/396
f 392/392 393/393 399/399
f 392/392 399/399 398/398
f 393/393 394/394 400/400
f 393/393 400/400 399/399
f 394/394 395/395 401/401
f 394/394 401/401 400/400
f 395/395 396/396 402/402
f 395/395 402/402 401/401
f 396/396 397/397 403/403
f 396/396 403/403 402/402
f 398/398 399/399 405/405
f 398/398 405/405 404/404
f 399/399 400/400 406/406
f 399/399 406/406 405/405
f 400/400 401/401 407/407
f 400/400 407/407 406/406
f 401/401 402/402 408/408
f 401/401 408/408 407/407
f 402/402 403/403 409/409
f 402/402 409/409 408/408
f 404/404 405/405 411/411
f 404/404 411/411 410/410
f 405/405 406/406 412/412
f 405/405 412/412 411/411
f 406/406 407/407 413/413
f 406/406 413/413 412/412
f 407/407 408/408 414/414
f 407/407 414/414 413/413
f 408/408 409/409 415/415
f 408/408 415/415 414/414
f 410/410 411/411 417/417
f 410/410 417/417 416/416
f 411/411 412/412 418/418
f 411/411 418/418 417/417
f 412/412 413/413 419/419
f 412/412 419/419 418/418
f 413/413 414/414 420/420
f 413/413 420/420 419/419
f 414/414 415/415 421/421
f 414/414 421/421 420/420
f 416/416 417/417 423/423
f 416/416 423/423 422/422
f 417/417 418/418 424/424
f 417/417 424/424 423/423
f 418/418 419/419 425/425
f 418/418 425/425 424/424
f 419/419 420/420 426/426
f 419/419 426/426 425/425
f 420/420 421/421 427/427
f 420/420 427/427 426/426
f 422/422 423/423 429/429
f 422/422 429/429 428/428
f 423/423 424/424 430/430
f 423/423 430/430 429/429
f 424/424 425/425 431/431
f 424/424 431/431 430/430
f 425/425 426/426 432/432
f 425/425 432/432 431/431
f 426/426 427/427 433/433
f 426/426 433/433 432/432
f 428/428 429/429 435/435
f 428/428 435/435 434/434
f 429/429 430/430 436/436
f 429/429 436/436 435/435
f 430/430 431/431 437/437
f 430/430 437/437 436/436
f 431/431 432/432 438/438
f 431/431 438/438 437/437
f 432/432 433/433 439/439
f 432/432 439/439 438/438
f 434/434 435/435 441/441
f 434/434 441/441 440/440
f 435/435 436/436 442/442
f 435/435 442/442 441/441
f 436/436 437/437 443/443
f 436/436 443/443 442/442
f 437/437 438/438 444/444
f 437/437 444/444 443/443
f 438/438 439/439 445/445
f 438/438 445/445 444/444
f 440/440 441/441 447/447
f 440/440 447/447 446/446
f 441/441 442/442 448/448
f 441/441 448/448 447/447
f 442/442 443/443 449/449
f 442/442 449/449 448/448
f 443/443 444/444 450/450
f 443/443 450/450 449/449
f 444/444 445/445 451/451
f 444/444 451/451 450/450
f 446/446 447/447 453/453
f 446/446 453/453 452/452
f 447/447 448/448 454/454
f 447/447 454/454 453/453
f 448/448 449/449 455/455
f 448/448 455/455 454/454
f 449/449 450/450 456/456
f 449/449 456/456 455/455
f 450/450 451/451 457/457
f 450/450 457/457 456/456
f 452/452 453/453 459/459
f 452/452 459/459 458/458
f 453/453 454/454 460/460
f 453/453 460/460 459/459
f 454/454 455/455 461/461
f 454/454 461/461 460/460
f 455/455 456/456 462/462
f 455/455 462/462 461/461
f 456/456 457/457 463/463
f 456/456 463/463 462/462
f 458/458 459/459 465/465
f 458/458 465/465 464/464
f 459/459 460/460 466/466
f 459/459 466/466 465/465
f 460/460 461/461 467/467
f 460/460 467/467 466/466
f 461/461 462/462 468/468
f 461/461 468/468 467/467
f 462/462 463/463 469/469
f 462/462 469/469 468/468
f 464/464 465/465 471/471
f 464/464 471/471 470/470
f 465/465 466/466 472/472
f 465/465 472/472 471/471
f 466/466 467/467 473/473
f 466/466 473/473 472/472
f 467/467 468/468 474/474
f 467/467 474/474 473/473
f 468/468 469/469 475/475
f 468/468 475/475 474/474
f 470/470 471/471 477/477
f 470/470 477/477 476/476
f 471/471 472/472 478/478
f 471/471 478/478 477/477
f 472/472 473/473 479/479
f 472/472 479/479 478/478
f 473/473 474/474 480/480
f 473/473 480/480 479/479
f 474/474 475/475 481/481
f 474/474 481/481 480/480
f 476/476 477/477 483/483
f 476/476 483/483 482/482
f 477/477 478/478 484/484
f 477/477 484/484 483/483
f 478/478 479/479 485/485
f 478/478 485/485 484/484
f 479/479 480/480 486/486
f 479/479 486/486 485/485
f 480/480 481/481 487/487
f 480/480 487/487 486/486
f 482/482 483/483 489/489
f 482/482 489/489 488/488
f 483/483 484/484 490/490
f 483/483 490/490 489/489
f 484/484 485/485 491/491
f 484/484 491/491 490/490
f 485/485 486/486 492/492
f 485/485 492/492 491/491
f 486/486 487/487 493/493
f 486/486 493/493 492/492
f 488/488 489/489 495/495
f 488/488 495/495 494/494
f 489/489 490/490 496/496
f 489/489 496/496 495/495
f 490/490 491/491 497/497
f 490/490 497/497 496/496
f 491/491 492/492 498/498
f 491/491 498/498 497/497
f 492/492 493/493 499/499
f 492/492 499/499 498/498
f 494/494 495/495 501/501
f 494/494 501/501 500/500
f 495/495 496/496 502/502
f 495/495 502/502 501/501
f 496/496 497/497 503/503
f 496/496 503/503 502/502
f 497/497 498/498 504/504
f 497/497 504/504 503/503
f 498/498 499/499 505/505
f 498/498 505/505 504/504
f 500/500 501/501 507/507
f 500/500 507/507 506/506
f 501/501 502/502 508/508
f 501/501 508/508 507/507
f 502/502 503/503 509/509
f 502/502 509/509 508/508
f 503/503 504/504 510/510
f 503/503 510/510 509/509
f 504/504 505/505 511/511
f 504/504 511/511 510/510
f 506/506 507/507 513/513
f 506/506 513/513 512/512
f 507/507 508/508 514/514
f 507/507 514/514 513/513
f 508/508 509/509 515/515
f 508/508 515/515 514/514
f 509/509 510/510 516/516
f 509/509 516/516 515/515
f 510/510 511/511 517/517
f 510/510 517/517 516/516
f 512/512 513/513 519/519
f 512/512 519/519 518/518
f 513/513 514/514 520/520
f 513/513 520/520 519/519
f 514/514 515/515 521/521
f 514/514 521/521 520/520
f 515/515 516/516 522/522
f 515/515 522/522 521/521
f 516/516 517/517 523/523
f 516/516 523/523 522/522
f 518/518 519/519 525/525
f 518/518 525/525 524/524
f 519/519 520/520 526/526
f 519/519 526/526 525/525
f 520/520 521/521 527/527
f 520/520 527/527 526/526
f 521/521 522/522 528/528
f 521/521 528/528 527/527
f 522/522 523/523 529/529
f 522/522 529/529 528/528
f 524/524 525/525 531/531
f 524/524 531/531 530/530
f 525/525 526/526 532/532
f 525/525 532/532 531/531
f 526/526 527/527 533/533
f 526/526 533/533 532/532
f 527/527 528/528 534/534
f 527/527 534/534 533/533
f 528/528 529/529 535/535
f 528/528 535/535 534/534
f 530/530 531/531 537/537
f 530/530 537/537 536/536
f 531/531 532/532 538/538
f 531/531 538/538 537/537
f 532/532 533/533 539/539
f 532/532 539/539 538/538
f 533/533 534/534 540/540
f 533/533 540/540 539/539
f 534/534 535/535 541/541
f 534/534 541/541 540/540
f 536/536 537/537 543/543
f 536/536 543/543 542/542
f 537/537 538/538 544/544
f 537/537 544/544 543/543
f 538/538 539/539 545/545
f 538/538 545/545 544/544
f 539/539 540/540 546/546
f 539/539 546/546 545/545
f 540/540 541/541 547/547
f 540/540 547/547 546/546
f 542/542 543/543 549/549
f 542/542 549/549 548/548
f 543/543 544/544 550/550
f 543/543 550/550 549/549
f 544/544 545/545 551/551
f 544/544 551/551 550/550
f 545/545 546/546 552/552
f 545/545 552/552 551/551
f 546/546 547/547 553/553
f 546/546 553/553 552/552
f 548/548 549/549 555/555
f 548/548 555/555 554/554
f 549/549 550/550 556/556
f 549/549 556/556 555/555
f 550/550 551/551 557/557
f 550/550 557/557 556/556
f 551/551 552/552 558/558
f 551/551 558/558 557/557
f 552/552 553/553 559/559
f 552/552 559/559 558/558
f 554/554 555/555 561/561
f 554/554 561/561 560/560
f 555/555 556/556 562/562
f 555/555 562/562 561/561
f 556/556 557/557 563/563
f 556/556 563/563 562/562
f 557/557 558/558 564/564
f 557/557 564/564 563/563
f 558/558 559/559 565/565
f 558/558 565/565 564/564
f 560/560 561/561 567/567
f 560/560 567/567 566/566
f 561/561 562/562 568/568
f 561/561 568/568 567/567
f 562/562 563/563 569/569
f 562/562 569/569 568/568
f 563/563 564/564 570/570
f 563/563 570/570 569/569
f 564/564 565/565 571/571
f 564/564 571/571 570/570
f 566/566 567/567 573/573
f 566/566 573/573 572/572
f 567/567 568/568 574/574
f 567/567 574/574 573/573
f 568/568 569/569 575/575
f 568/568 575/575 574/574
f 569/569 570/570 576/576
f 569/569 576/576 575/575
f 570/570 571/571 577/577
f 570/570 577/577 576/576
f 572/572 573/573 579/579
f 572/572 579/579 578/578
f 573/573 574/574 580/580
f 573/573 580/580 579/579
f 574/574 575/575 581/581
f 574/574 581/581 580/580
f 575/575 576/576 582/582
f 575/575 582/582 581/581
f 576/576 577/577 583/583
f 576/576 583/583 582/582
f 578/578 579/579 585/585
f 578/578 585/585 584/584
f 579/579 580/580 586/586
f 579/579 586/586 585/585
f 580/580 581/581 587/587
f 580/580 587/587 586/586
f 581/581 582/582 588/588
f 581/581 588/588 587/587
f 582/582 583/583 589/589
f 582/582 589/589 588/588
f 584/584 585/585 591/591
f 584/584 591/591 590/590
f 585/585 586/586 592/592
f 585/585 592/592 591/591
f 586/586 587/587 593/593
f 586/586 593/593 592/592
f 587/587 588/588 594/594
f 587/587 594/594 593/593
f 588/588 589/589 595/595
f 588/588 595/595 594/594
f 590/590 591/591 597/597
f 590/590 597/597 596/596
f 591/591 592/592 598/598
f 591/591 598/598 597/597
f 592/592 593/593 599/599
f 592/592 599/599 598/598
f 593/593 594/594 600/600
f 593/593 600/600 599/599
f 594/594 595/595 601/601
f 594/594 601/601 600/600
f 596/596 597/597 603/603
f 596/596 603/603 602/602
f 597/597 598/598 604/604
f 597/597 604/604 603/603
f 598/598 599/599 605/605
f 598/598 605/605 604/604
f 599/599 600/600 606/606
f 599/599 606/606 605/605
f 600/600 601/601 607/607
f 600/600 607/607 606/606
f 602/602 603/603 609/609
f 602/602 609/609 608/608
f 603/603 604/604 610/610
f 603/603 610/610 609/609
f 604/604 605/605 611/611
f 604/604 611/611 610/610
f 605/605 606/606 612/612
f 605/605 612/612 611/611
f 606/606 607/607 613/613
f 606/606 613/613 612/612
f 608/608 609/609 615/615
f 608/608 615/615 614/614
f 609/609 610/610 616/616
f 609/609 616/616 615/615
f 610/610 611/611 617/617
f 610/610 617/617 616/616
f 611/611 612/612 618/618
f 611/611 618/618 617/617
f 612/612 613/613 619/619
f 612/612 619/619 618/618
f 614/614 615/615 621/621
f 614/614 621/621 620/620
f 615/615 616/616 622/622
f 615/615 622/622 621/621
f 616/616 617/617 623/623
f 616/616 623/623 622/622
f 617/617 618/618 624/624
f 617/617 624/624 623/623
f 618/618 619/619 625/625
f 618/618 625/625 624/624
f 620/620 621/621 627/627
f 620/620 627/627 626/626
f 621/621 622/622 628/628
f 621/621 628/628 627/627
f 622/622 623/623 629/629
f 622/622 629/629 628/628
f 623/623 624/624 630/630
f 623/623 630/630 629/629
f 624/624 625/625 631/631
f 624/624 631/631 630/630
f 626/626 627/627 633/633
f 626/626 633/633 632/632
f 627/627 628/628 634/634
f 627/627 634/634 633/633
f 628/628 629/629 635/635
f 628/628 635/635 634/634
f 629/629 630/630 636/636
f 629/629 636/636 635/635
f 630/630 631/631 637/637
f 630/630 637/637 636/636
f 632/632 633/633 639/639
f 632/632 639/639 638/638
f 633/633 634/634 640/640
f 633/633 640/640 639/639
f 634/634 635/635 641/641
f 634/634 641/641 640/640
f 635/635 636/636 642/642
f 635/635 642/642 641/641
f 636/636 637/637 643/643
f 636/636 643/643 642/642
f 638/638 639/639 645/645
f 638/638 645/645 644/644
f 639/639 640/640 646/646
f 639/639 646/646 645/645
f 640/640 641/641 647/647
f 640/640 647/647 646/646
f 641/641 642/642 648/648
f 641/641 648/648 647/647
f 642/642 643/643 649/649
f 642/642 649/649 648/648
f 644/644 645/645 651/651
f 644/644 651/651 650/650
f 645/645 646/646 652/652
f 645/645 652/652 651/651
f 646/646 647/647 653/653
f 646/646 653/653 652/652
f 647/647 648/648 654/654
f 647/647 654/654 653/653
f 648/648 649/649 655/655
f 648/648 655/655 654/654
f 650/650 651/651 657/657
f 650/650 657/657 656/656
f 651/651 652/652 658/658
f 651/651 658/658 657/657
f 652/652 653/653 659/659
f 652/652 659/659 658/658
f 653/653 654/654 660/660
f 653/653 660/660 659/659
f 654/654 655/655 661/661
f 654/654 661/661 660/660
f 656/656 657/657 663/663
f 656/656 663/663 662/662
f 657/657 658/658 664/664
f 657/657 664/664 663/663
f 658/658 659/659 665/665
f 658/658 665/665 664/664
f 659/659 660/660 666/666
f 659/659 666/666 665/665
f 660/660 661/661 667/667
f 660/660 667/667 666/666
f 662/662 663/663 669/669
f 662/662 669/669 668/668
f 663/663 664/664 670/670
f 663/663 670/670 669/669
f 664/664 665/665 671/671
f 664/664 671/671 670/670
f 665/665 666/666 672/672
f 665/665 672/672 671/671
f 666/666 667/667 673/673
f 666/666 673/673 672/672
f 668/668 669/669 675/675
f 668/668 675/675 674/674
f 669/669 670/670 676/676
f 669/669 676/676 675/675
f 670/670 671/671 677/677
f 670/670 677/677 676/676
f 671/671 672/672 678/678
f 671/671 678/678 677/677
f 672/672 673/673 679/679
f 672/672 679/679 678/678
f 674/674 675/675 681/681
f 674/674 681/681 680/680
f 675/675 676/676 682/682
f 675/675 682/682 681/681
f 676/676 677/677 683/683
f 676/676 683/683 682/682
f 677/677 678/678 684/684
f 677/677 684/684 683/683
f 678/678 679/679 685/685
f 678/678 685/685 684/684
f 680/680 681/681 687/687
f 680/680 687/687 686/686
f 681/681 682/682 688/688
f 681/681 688/688 687/687
f 682/682 683/683 689/689
f 682/682 689/689 688/688
f 683/683 684/684 690/690
f 683/683 690/690 689/689
f 684/684 685/685 691/691
f 684/684 691/691 690/690
f 686/686 687/687 693/693
f 686/686 693/693 692/692
f 687/687 688/688 694/694
f 687/687 694/694 693/693
f 688/688 689/689 695/695
f 688/688 695/695 694/694
f 689/689 690/690 696/696
f 689/689 696/696 695/695
f 690/690 691/691 697/697
f 690/690 697/697 696/696
f 692/692 693/693 699/699
f 692/692 699/699 698/698
f 693/693 694/694 700/700
f 693/693 700/700 699/699
f 694/694 695/695 701/701
f 694/694 701/701 700/700
f 695/695 696/696 702/702
f 695/695 702/702 701/701
f 696/696 697/697 703/703
f 696/696 703/703 702/702
f 698/698 699/699 705/705
f 698/698 705/705 704/704
f 699/699 700/700 706/706
f 699/699 706/706 705/705
f 700/700 701/701 707/707
f 700/700 707/707 706/706
f 701/701 702/702 708/708
f 701/701 708/708 707/707
f 702/702 703/703 709/709
f 702/702 709/709 708/708
f 704/704 705/705 711/711
f 704/704 711/711 710/710
f 705/705 706/706 712/712
f 705/705 712/712 711/711
f 706/706 707/707 713/713
f 706/706 713/713 712/712
f 707/707 708/708 714/714
f 707/707 714/714 713/713
f 708/708 709/709 715/715
f 708/708 715/715 714/714
f 710/710 711/711 717/717
f 710/710 717/717 716/716
f 711/711 712/712 718/718
f 711/711 718/718 717/717
f 712/712 713/713 719/719
f 712/712 719/719 718/718
f 713/713 714/714 720/720
f 713/713 720/720 719/719
f 714/714 715/715 721/721
f 714/714 721/721 720/720
f 716/716 717/717 723/723
f 716/716 723/723 722/722
f 717/717 718/718 724/724
f 717/717 724/724 723/723
f 718/718 719/719 725/725
f 718/718 725/725 724/724
f 719/719 720/720 726/726
f 719/719 726/726 725/725
f 720/720 721/721 727/727
f 720/720 727/727 726/726
f 722/722 723/723 729/729
f 722/722 729/729 728/728
f 723/723 724/724 730/730
f 723/723 730/730 729/729
f 724/724 725/725 731/731
f 724/724 731/731 730/730
f 725/725 726/726 732/732
f 725/725 732/732 731/731
f 726/726 727/727 733/733
f 726/726 733/733 732/732
f 728/728 729/729 735/735
f 728/728 735/735 734/734
f 729/729 730/730 736/736
f 729/729 736/736 735/735
f 730/730 731/731 737/737
f 730/730 737/737 736/736
f 731/731 732/732 738/738
f 731/731 738/738 737/737
f 732/732 733/733 739/739
f 732/732 739/739 738/738
f 734/734 735/735 741/741
f 734/734 741/741 740/740
f 735/735 736/736 742/742
f 735/735 742/742 741/741
f 736/736 737/737 743/743
f 736/736 743/743 742/742
f 737/737 738/738 744/744
f 737/737 744/744 743/743
f 738/738 739/739 745/745
f 738/738 745/745 744/744
f 740/740 741/741 747/747
f 740/740 747/747 746/746
f 741/741 742/742 748/748
f 741/741 748/748 747/747
f 742/742 743/743 749/749
f 742/742 749/749 748/748
f 743/743 744/744 750/750
f 743/743 750/750 749/749
f 744/744 745/745 751/751
f 744/744 751/751 750/750
f 746/746 747/747 753/753
f 746/746 753/753 752/752
f 747/747 748/748 754/754
f 747/747 754/754 753/753
f 748/748 749/749 755/755
f 748/748 755/755 754/754
f 749/749 750/750 756/756
f 749/749 756/756 755/755
f 750/750 751/751 757/757
f 750/750 757/757 756/756
f 752/752 753/753 759/759
f 752/752 759/759 758/758
f 753/753 754/754 760/760
f 753/753 760/760 759/759
f 754/754 755/755 761/761
f 754/754 761/761 760/760
f 755/755 756/756 762/762
f 755/755 762/762 761/761
f 756/756 757/757 763/763
f 756/756 763/763 762/762
f 758/758 759/759 765/765
f 758/758 765/765 764/764
f 759/759 760/760 766/766
f 759/759 766/766 765/765
f 760/760 761/761 767/767
f 760/760 767/767 766/766
f 761/761 762/762 768/768
f 761/761 768/768 767/767
f 762/762 763/763 769/769
f 762/762 769/769 768/768
f 764/764 765/765 771/771
f 764/764 771/771 770/770
f 765/765 766/766 772/772
f 765/765 772/772 771/771
f 766/766 767/767 773/773
f 766/766 773/773 772/772
f 767/767 768/768 774/774
f 767/767 774/774 773/773
f 768/768 769/769 775/775
f 768/768 775/775 774/774
f 770/770 771/771 777/777
f 770/770 777/777 776/776
f 771/771 772/772 778/778
f 771/771 778/778 777/777
f 772/772 773/773 779/779
f 772/772 779/779 778/778
f 773/773 774/774 780/780
f 773/773 780/780 779/779
f 774/774 775/775 781/781
f 774/774 781/781 780/780
f 776/776 777/777 783/783
f 776/776 783/783 782/782
f 777/777 778/778 784/784
f 777/777 784/784 783/783
f 778/778 779/779 785/785
f 778/778 785/785 784/784
f 779/779 780/780 786/786
f 779/779 786/786 785/785
f 780/780 781/781 787/787
f 780/780 787/787 786/786
f 782/782 783/783 789/789
f 782/782 789/789 788/788
f 783/783 784/784 790/790
f 783/783 790/790 789/789
f 784/784 785/785 791/791
f 784/784 791/791 790/790
f 785/785 786/786 792/792
f 785/785 792/792 791/791
f 786/786 787/787 793/793
f 786/786 793/793 792/792
f 788/788 789/789 795/795
f 788/788 795/795 794/794
f 789/789 790/790 796/796
f 789/789 796/796 795/795
f 790/790 791/791 797/797
f 790/790 797/797 796/796
f 791/791 792/792 798/798
f 791/791 798/798 797/797
f 792/792 793/793 799/799
f 792/792 799/799 798/798
f 794/794 795/795 801/801
f 794/794 801/801 800/800
f 795/795 796/796 802/802
f 795/795 802/802 801/801
f 796/796 797/797 803/803
f 796/796 803/803 802/802
f 797/797 798/798 804/804
f 797/797 804/804 803/803
f 798/798 799/799 805/805
f 798/798 805/805 804/804
f 800/800 801/801 807/807
f 800/800 807/807 806/806
f 801/801 802/802 808/808
f 801/801 808/808 807/807
f 802/802 803/803 809/809
f 802/802 809/809 808/808
f 803/803 804/804 810/810
f 803/803 810/810 809/809
f 804/804 805/805 811/811
f 804/804 811/811 810/810
f 806/806 807/807 813/813
f 806/806 813/813 812/812
f 807/807 808/808 814/814
f 807/807 814/814 813/813
f 808/808 809/809 815/815
f 808/808 815/815 814/814
f 809/809 810/810 816/816
f 809/809 816/816 815/815
f 810/810 811/811 817/817
f 810/810 817/817 816/816
f 812/812 813/813 819/819
f 812/812 819/819 818/818
f 813/813 814/814 820/820
f 813/813 820/820 819/819
f 814/814 815/815 821/821
f 814/814 821/821 820/820
f 815/815 816/816 822/822
f 815/815 822/822 821/821
f 816/816 817/817 823/823
f 816/816 823/823 822/822
f 818/818 819/819 825/825
f 818/818 825/825 824/824
f 819/819 820/820 826/826
f 819/819 826/826 825/825
f 820/820 821/821 827/827
f 820/820 827/827 826/826
f 821/821 822/822 828/828
f 821/821 828/828 827/827
f 822/822 823/823 829/829
f 822/822 829/829 828/828
f 824/824 825/825 831/831
f 824/824 831/831 830/830
f 825/825 826/826 832/832
f 825/825 832/832 831/831
f 826/826 827/827 833/833
f 826/826 833/833 832/832
f 827/827 828/828 834/834
f 827/827 834/834 833/833
f 828/828 829/829 835/835
f 828/828 835/835 834/834
f 830/830 831/831 837/837
f 830/830 837/837 836/836
f 831/831 832/832 838/838
f 831/831 838/838 837/837
f 832/832 833/833 839/839
f 832/832 839/839 838/838
f 833/833 834/834 840/840
f 833/833 840/840 839/839
f 834/834 835/835 841/841
f 834/834 841/841 840/840
f 836/836 837/837 843/843
f 836/836 843/843 842/842
f 837/837 838/838 844/844
f 837/837 844/844 843/843
f 838/838 839/839 845/845
f 838/838 845/845 844/844
f 839/839 840/840 846/846
f 839/839 846/846 845/845
f 840/840 841/841 847/847
f 840/840 847/847 846/846
f 842/842 843/843 849/849
f 842/842 849/849 848/848
f 843/843 844/844 850/850
f 843/843 850/850 849/849
f 844/844 845/845 851/851
f 844/844 851/851 850/850
f 845/845 846/846 852/852
f 845/845 852/852 851/851
f 846/846 847/847 853/853
f 846/846 853/853 852/852
f 848/848 849/849 855/855
f 848/848 855/855 854/854
f 849/849 850/850 856/856
f 849/849 856/856 855/855
f 850/850 851/851 857/857
f 850/850 857/857 856/856
f 851/851 852/852 858/858
f 851/851 858/858 857/857
f 852/852 853/853 859/859
f 852/852 859/859 858/858
f 854/854 855/855 861/861
f 854/854 861/861 860/860
f 855/855 856/856 862/862
f 855/855 862/862 861/861
f 856/856 857/857 863/863
f 856/856 863/863 862/862
f 857/857 858/858 864/864
f 857/857 864/864 863/863
f 858/858 859/859 865/865
f 858/858 865/865 864/864
f 860/860 861/861 867/867
f 860/860 867/867 866/866
f 861/861 862/862 868/868
f 861/861 868/868 867/867
f 862/862 863/863 869/869
f 862/862 869/869 868/868
f 863/863 864/864 870/870
f 863/863 870/870 869/869
f 864/864 865/865 871/871
f 864/864 871/871 870/870
f 866/866 867/867 873/873
f 866/866 873/873 872/872
f 867/867 868/868 874/874
f 867/867 874/874 873/873
f 868/868 869/869 875/875
f 868/868 875/875 874/874
f 869/869 870/870 876/876
f 869/869 876/876 875/875
f 870/870 871/871 877/877
f 870/870 877/877 876/876
f 872/872 873/873 879/879
f 872/872 879/879 878/878
f 873/873 874/874 880/880
f 873/873 880/880 879/879
f 874/874 875/875 881/881
f 874/874 881/881 880/880
f 875/875 876/876 882/882
f 875/875 882/882 881/881
f 876/876 877/877 883/883
f 876/876 883/883 882/882
f 878/878 879/879 885/885
f 878/878 885/885 884/884
f 879/879 880/880 886/886
f 879/879 886/886 885/885
f 880/880 881/881 887/887
f 880/880 887/887 886/886
f 881/881 882/882 888/888
f 881/881 888/888 887/887
f 882/882 883/883 889/889
f 882/882 889/889 888/888
f 884/884 885/885 891/891
f 884/884 891/891 890/890
f 885/885 886/886 892/892
f 885/885 892/892 891/891
f 886/886 887/887 893/893
f 886/886 893/893 892/892
f 887/887 888/888 894/894
f 887/887 894/894 893/893
f 888/888 889/889 895/895
f 888/888 895/895 894/894
f 890/890 891/891 897/897
f 890/890 897/897 896/896
f 891/891 892/892 898/898
f 891/891 898/898 897/897
f 892/892 893/893 899/899
f 892/892 899/899 898/898
f 893/893 894/894 900/900
f 893/893 900/900 899/899
f 894/894 895/895 901/901
f 894/894 901/901 900/900
f 896/896 897/897 903/903
f 896/896 903/903 902/902
f 897/897 898/898 904/904
f 897/897 904/904 903/903
f 898/898 899/899 905/905
f 898/898 905/905 904/904
f 899/899 900/900 906/906
f 899/899 906/906 905/905
f 900/900 901/901 907/907
f 900/900 907/907 906/906
f 902/902 903/903 909/909
f 902/902 909/909 908/908
f 903/903 904/904 910/910
f 903/903 910/910 909/909
f 904/904 905/905 911/911
f 904/904 911/911 910/910
f 905/905 906/906 912/912
f 905/905 912/912 911/911
f 906/906 907/907 913/913
f 906/906 913/913 912/912
f 908/908 909/909 915/915
f 908/908 915/915 914/914
f 909/909 910/910 916/916
f 909/909 916/916 915/915
f 910/910 911/911 917/917
f 910/910 917/917 916/916
f 911/911 912/912 918/918
f 911/911 918/918 917/917
f 912/912 913/913 919/919
f 912/912 919/919 918/918
f 914/914 915/915 921/921
f 914/914 921/921 920/920
f 915/915 916/916 922/922
f 915/915 922/922 921/921
f 916/916 917/917 923/923
f 916/916 923/923 922/922
f 917/917 918/918 924/924
f 917/917 924/924 923/923
f 918/918 919/919 925/925
f 918/918 925/925 924/924
f 920/920 921/921 927/927
f 920/920 927/927 926/926
f 921/921 922/922 928/928
f 921/921 928/928 927/927
f 922/922 923/923 929/929
f 922/922 929/929 928/928
f 923/923 924/924 930/930
f 923/923 930/930 929/929
f 924/924 925/925 931/931
f 924/924 931/931 930/930
f 926/926 927/927 933/933
f 926/926 933/933 932/932
f 927/927 928/928 934/934
f 927/927 934/934 933/933
f 928/928 929/929 935/935
f 928/928 935/935 934/934
f 929/929 930/930 936/936
f 929/929 936/936 935/935
f 930/930 931/931 937/937
f 930/930 937/937 936/936
f 932/932 933/933 939/939
f 932/932 939/939 938/938
f 933/933 934/934 940/940
f 933/933 940/940 939/939
f 934/934 935/935 941/941
f 934/934 941/941 940/940
f 935/935 936/936 942/942
f 935/935 942/942 941/941
f 936/936 937/937 943/943
f 936/936 943/943 942/942
f 938/938 939/939 945/945
f 938/938 945/945 944/944
f 939/939 940/940 946/946
f 939/939 946/946 945/945
f 940/940 941/941 947/947
f 940/940 947/947 946/946
f 941/941 942/942 948/948
f 941/941 948/948 947/947
f 942/942 943/943 949/949
f 942/942 949/949 948/948
f 944/944 945/945 951/951
f 944/944 951/951 950/950
f 945/945 946/946 952/952
f 945/945 952/952 951/951
f 946/946 947/947 953/953
f 946/946 953/953 952/952
f 947/947 948/948 954/954
f 947/947 954/954 953/953
f 948/948 949/949 955/955
f 948/948 955/955 954/954
f 950/950 951/951 957/957
f 950/950 957/957 956/956
f 951/951 952/952 958/958
f 951/951 958/958 957/957
f 952/952 953/953 959/959
f 952/952 959/959 958/958
f 953/953 954/954 960/960
f 953/953 960/960 959/959
f 954/954 955/955 961/961
f 954/954 961/961 960/960
f 956/956 957/957 963/963
f 956/956 963/963 962/962
f 957/957 958/958 964/964
f 957/957 964/964 963/963
f 958/958 959/959 965/965
f 958/958 965/965 964/964
f 959/959 960/960 966/966
f 959/959 966/966 965/965
f 960/960 961/961 967/967
f 960/960 967/967 966/966
f 962/962 963/963 969/969
f 962/962 969/969 968/968
f 963/963 964/964 970/970
f 963/963 970/970 969/969
f 964/964 965/965 971/971
f 964/964 971/971 970/970
f 965/965 966/966 972/972
f 965/965 972/972 971/971
f 966/966 967/967 973/973
f 966/966 973/973 972/972
f 968/968 969/969 975/975
f 968/968 975/975 974/974
f 969/969 970/970 976/976
f 969/969 976/976 975/975
f 970/970 971/971 977/977
f 970/970 977/977 976/976
f 971/971 972/972 978/978
f 971/971 978/978 977/977
f 972/972 973/973 979/979
f 972/972 979/979 978/978
f 974/974 975/975 981/981
f 974/974 981/981 980/980
f 975/975 976/976 982/982
f 975/975 982/982 981/981
f 976/976 977/977 983/983
f 976/976 983/983 982/982
f 977/977 978/978 984/984
f 977/977 984/984 983/983
f 978/978 979/979 985/985
f 978/978 985/985 984/984
f 980/980 981/981 987/987
f 980/980 987/987 986/986
f 981/981 982/982 988/988
f 981/981 988/988 987/987
f 982/982 983/983 989/989
f 982/982 989/989 988/988
f 983/983 984/984 990/990
f 983/983 990/990 989/989
f 984/984 985/985 991/991
f 984/984 991/991 990/990
f 986/986 987/987 993/993
f 986/986 993/993 992/992
f 987/987 988/988 994/994
f 987/987 994/994 993/993
f 988/988 989/989 995/995
f 988/988 995/995 994/994
f 989/989 990/990 996/996
f 989/989 996/996 995/995
f 990/990 991/991 997/997
f 990/990 997/997 996/996
f 992/992 993/993 999/999
f 992/992 999/999 998/998
f 993/993 994/994 1000/1000
f 993/993 1000/1000 999/999
f 994/994 995/995 1001/1001
f 994/994 1001/1001 1000/1000
f 995/995 996/996 1002/1002
f 995/995 1002/1002 1001/1001
f 996/996 997/997 1003/1003
f 996/996 1003/1003 1002/1002
f 998/998 999/999 1005/1005
f 998/998 1005/1005 1004/1004
f 999/999 1000/1000 1006/1006
f 999/999 1006/1006 1005/1005
f 1000/1000 1001/1001 1007/1007
f 1000/1000 1007/1007 1006/1006
f 1001/1001 1002/1002 1008/1008
f 1001/1001 1008/1008 1007/1007
f 1002/1002 1003/1003 1009/1009
f 1002/1002 1009/1009 1008/1008
f 1004/1004 1005/1005 1011/1011
f 1004/1004 1011/1011 1010/1010
f 1005/1005 1006/1006 1012/1012
f 1005/1005 1012/1012 1011/1011
f 1006/1006 1007/1007 1013/1013
f 1006/1006 1013/1013 1012/1012
f 1007/1007 1008/1008 1014/1014
f 1007/1007 1014/1014 1013/1013
f 1008/1008 1009/1009 1015/1015
f 1008/1008 1015/1015 1014/1014
f 1010/1010 1011/1011 1017/1017
f 1010/1010 1017/1017 1016/1016
f 1011/1011 1012/1012 1018/1018
f 1011/1011 1018/1018 1017/1017
f 1012/1012 1013/1013 1019/1019
f 1012/1012 1019/1019 1018/1018
f 1013/1013 1014/1014 1020/1020
f 1013/1013 1020/1020 1019/1019
f 1014/1014 1015/1015 1021/1021
f 1014/1014 1021/1021 1020/1020
f 1016/1016 1017/1017 1023/1023
f 1016/1016 1023/1023 1022/1022
f 1017/1017 1018/1018 1024/1024
f 1017/1017 1024/1024 1023/1023
f 1018/1018 1019/1019 1025/1025
f 1018/1018 1025/1025 1024/1024
f 1019/1019 1020/1020 1026/1026
f 1019/1019 1026/1026 1025/1025
f 1020/1020 1021/1021 1027/1027
f 1020/1020 1027/1027 1026/1026
f 1022/1022 1023/1023 1029/1029
f 1022/1022 1029/1029 1028/1028
f 1023/1023 1024/1024 1030/1030
f 1023/1023 1030/1030 1029/1029
f 1024/1024 1025/1025 1031/1031
f 1024/1024 1031/1031 1030/1030
f 1025/1025 1026/1026 1032/1032
f 1025/1025 1032/1032 1031/1031
f 1026/1026 1027/1027 1033/1033
f 1026/1026 1033/1033 1032/1032
f 1028/1028 1029/1029 1035/1035
f 1028/1028 1035/1035 1034/1034
f 1029/1029 1030/1030 1036/1036
f 1029/1029 1036/1036 1035/1035
f 1030/1030 1031/1031 1037/1037
f 1030/1030 1037/1037 1036/1036
f 1031/1031 1032/1032 1038/1038
f 1031/1031 1038/1038 1037/1037
f 1032/1032 1033/1033 1039/1039
f 1032/1032 1039/1039 1038/1038
f 1034/1034 1035/1035 1041/1041
f 1034/1034 1041/1041 1040/1040
f 1035/1035 1036/1036 1042/1042
f 1035/1035 1042/1042 1041/1041
f 1036/1036 1037/1037 1043/1043
f 1036/1036 1043/1043 1042/1042
f 1037/1037 1038/1038 1044/1044
f 1037/1037 1044/1044 1043/1043
f 1038/1038 1039/1039 1045/1045
f 1038/1038 1045/1045 1044/1044
f 1040/1040 1041/1041 1047/1047
f 1040/1040 1047/1047 1046/1046
f 1041/1041 1042/1042 1048/1048
f 1041/1041 1048/1048 1047/1047
f 1042/1042 1043/1043 1049/1049
f 1042/1042 1049/1049 1048/1048
f 1043/1043 1044/1044 1050/1050
f 1043/1043 1050/1050 1049/1049
f 1044/1044 1045/1045 1051/1051
f 1044/1044 1051/1051 1050/1050
f 1046/1046 1047/1047 1053/1053
f 1046/1046 1053/1053 1052/1052
f 1047/1047 1048/1048 1054/1054
f 1047/1047 1054/1054 1053/1053
f 1048/1048 1049/1049 1055/1055
f 1048/1048 1055/1055 1054/1054
f 1049/1049 1050/1050 1056/1056
f 1049/1049 1056/1056 1055/1055
f 1050/1050 1051/1051 1057/1057
f 1050/1050 1057/1057 1056/1056
f 1052/1052 1053/1053 1059/1059
f 1052/1052 1059/1059 1058/1058
f 1053/1053 1054/1054 1060/1060
f 1053/1053 1060/1060 1059/1059
f 1054/1054 1055/1055 1061/1061
f 1054/1054 1061/1061 1060/1060
f 1055/1055 1056/1056 1062/1062
f 1055/1055 1062/1062 1061/1061
f 1056/1056 1057/1057 1063/1063
f 1056/1056 1063/1063 1062/1062
f 1058/1058 1059/1059 1065/1065
f 1058/1058 1065/1065 1064/1064
f 1059/1059 1060/1060 1066/1066
f 1059/1059 1066/1066 1065/1065
f 1060/1060 1061/1061 1067/1067
f 1060/1060 1067/1067 1066/1066
f 1061/1061 1062/1062 1068/1068
f 1061/1061 1068/1068 1067/1067
f 1062/1062 1063/1063 1069/1069
f 1062/1062 1069/1069 1068/1068
f 1064/1064 1065/1065 1071/1071
f 1064/1064 1071/1071 1070/1070
f 1065/1065 1066/1066 1072/1072
f 1065/1065 1072/1072 1071/1071
f 1066/1066 1067/1067 1073/1073
f 1066/1066 1073/1073 1072/1072
f 1067/1067 1068/1068 1074/1074
f 1067/1067 1074/1074 1073/1073
f 1068/1068 1069/1069 1075/1075
f 1068/1068 1075/1075 1074/1074
f 1070/1070 1071/1071 1077/1077
f 1070/1070 1077/1077 1076/1076
f 1071/1071 1072/1072 1078/1078
f 1071/1071 1078/1078 1077/1077
f 1072/1072 1073/1073 1079/1079
f 1072/1072 1079/1079 1078/1078
f 1073/1073 1074/1074 1080/1080
f 1073/1073 1080/1080 1079/1079
f 1074/1074 1075/1075 1081/1081
f 1074/1074 1081/1081 1080/1080
f 1076/1076 1077/1077 1083/1083
f 1076/1076 1083/1083 1082/1082
f 1077/1077 1078/1078 1084/1084
f 1077/1077 1084/1084 1083/1083
f 1078/1078 1079/1079 1085/1085
f 1078/1078 1085/1085 1084/1084
f 1079/1079 1080/1080 1086/1086
f 1079/1079 1086/1086 1085/1085
f 1080/1080 1081/1081 1087/1087
f 1080/1080 1087/1087 1086/1086
f 1082/1082 1083/1083 1089/1089
f 1082/1082 1089/1089 1088/1088
f 1083/1083 1084/1084 1090/1090
f 1083/1083 1090/1090 1089/1089
f 1084/1084 1085/1085 1091/1091
f 1084/1084 1091/1091 1090/1090
f 1085/1085 1086/1086 1092/1092
f 1085/1085 1092/1092 1091/1091
f 1086/1086 1087/1087 1093/1093
f 1086/1086 1093/1093 1092/1092
f 1088/1088 1089/1089 1095/1095
f 1088/1088 1095/1095 1094/1094
f 1089/1089 1090/1090 1096/1096
f 1089/1089 1096/1096 1095/1095
f 1090/1090 1091/1091 1097/1097
f 1090/1090 1097/1097 1096/1096
f 1091/1091 1092/1092 1098/1098
f 1091/1091 1098/1098 1097/1097
f 1092/1092 1093/1093 1099/1099
f 1092/1092 1099/1099 1098/1098
f 1094/1094 1095/1095 1101/1101
f 1094/1094 1101/1101 1100/1100
f 1095/1095 1096/1096 1102/1102
f 1095/1095 1102/1102 1101/1101
f 1096/1096 1097/1097 1103/1103
f 1096/1096 1103/1103 1102/1102
f 1097/1097 1098/1098 1104/1104
f 1097/1097 1104/1104 1103/1103
f 1098/1098 1099/1099 1105/1105
f 1098/1098 1105/1105 1104/1104
f 1100/1100 1101/1101 1107/1107
f 1100/1100 1107/1107 1106/1106
f 1101/1101 1102/1102 1108/1108
f 1101/1101 1108/1108 1107/1107
f 1102/1102 1103/1103 1109/1109
f 1102/1102 1109/1109 1108/1108
f 1103/1103 1104/1104 1110/1110
f 1103/1103 1110/1110 1109/1109
f 1104/1104 1105/1105 1111/1111
f 1104/1104 1111/1111 1110/1110
f 1106/1106 1107/1107 1113/1113
f 1106/1106 1113/1113 1112/1112
f 1107/1107 1108/1108 1114/1114
f 1107/1107 1114/1114 1113/1113
f 1108/1108 1109/1109 1115/1115
f 1108/1108 1115/1115 1114/1114
f 1109/1109 1110/1110 1116/1116
f 1109/1109 1116/1116 1115/1115
f 1110/1110 1111/1111 1117/1117
f 1110/1110 1117/1117 1116/1116
f 1112/1112 1113/1113 1119/1119
f 1112/1112 1119/1119 1118/1118
f 1113/1113 1114/1114 1120/1120
f 1113/1113 1120/1120 1119/1119
f 1114/1114 1115/1115 1121/1121
f 1114/1114 1121/1121 1120/1120
f 1115/1115 1116/1116 1122/1122
f 1115/1115 1122/1122 1121/1121
f 1116/1116 1117/1117 1123/1123
f 1116/1116 1123/1123 1122/1122
f 1118/1118 1119/1119 1125/1125
f 1118/1118 1125/1125 1124/1124
f 1119/1119 1120/1120 1126/1126
f 1119/1119 1126/1126 1125/1125
f 1120/1120 1121/1121 1127/1127
f 1120/1120 1127/1127 1126/1126
f 1121/1121 1122/1122 1128/1128
f 1121/1121 1128/1128 1127/1127
f 1122/1122 1123/1123 1129/1129
f 1122/1122 1129/1129 1128/1128
f 1124/1124 1125/1125 1131/1131
f 1124/1124 1131/1131 1130/1130
f 1125/1125 1126/1126 1132/1132
f 1125/1125 1132/1132 1131/1131
f 1126/1126 1127/1127 1133/1133
f 1126/1126 1133/1133 1132/1132
f 1127/1127 1128/1128 1134/1134
f 1127/1127 1134/1134 1133/1133
f 1128/1128 1129/1129 1135/1135
f 1128/1128 1135/1135 1134/1134
f 1130/1130 1131/1131 1137/1137
f 1130/1130 1137/1137 1136/1136
f 1131/1131 1132/1132 1138/1138
f 1131/1131 1138/1138 1137/1137
f 1132/1132 1133/1133 1139/1139
f 1132/1132 1139/1139 1138/1138
f 1133/1133 1134/1134 1140/1140
f 1133/1133 1140/1140 1139/1139
f 1134/1134 1135/1135 1141/1141
f 1134/1134 1141/1141 1140/1140
f 1136/1136 1137/1137 1143/1143
f 1136/1136 1143/1143 1142/1142
f 1137/1137 1138/1138 1144/1144
f 1137/1137 1144/1144 1143/1143
f 1138/1138 1139/1139 1145/1145
f 1138/1138 1145/1145 1144/1144
f 1139/1139 1140/1140 1146/1146
f 1139/1139 1146/1146 1145/1145
f 1140/1140 1141/1141 1147/1147
f 1140/1140 1147/1147 1146/1146
f 1142/1142 1143/1143 1149/1149
f 1142/1142 1149/1149 1148/1148
f 1143/1143 1144/1144 1150/1150
f 1143/1143 1150/1150 1149/1149
f 1144/1144 1145/1145 1151/1151
f 1144/1144 1151/1151 1150/1150
f 1145/1145 1146/1146 1152/1152
f 1145/1145 1152/1152 1151/1151
f 1146/1146 1147/1147 1153/1153
f 1146/1146 1153/1153 1152/1152
f 1148/1148 1149/1149 1155/1155
f 1148/1148 1155/1155 1154/1154
f 1149/1149 1150/1150 1156/1156
f 1149/1149 1156/1156 1155/1155
f 1150/1150 1151/1151 1157/1157
f 1150/1150 1157/1157 1156/1156
f 1151/1151 1152/1152 1158/1158
f 1151/1151 1158/1158 1157/1157
f 1152/1152 1153/1153 1159/1159
f 1152/1152 1159/1159 1158/1158
f 1154/1154 1155/1155 1161/1161
f 1154/1154 1161/1161 1160/1160
f 1155/1155 1156/1156 1162/1162
f 1155/1155 1162/1162 1161/1161
f 1156/1156 1157/1157 1163/1163
f 1156/1156 1163/1163 1162/1162
f 1157/1157 1158/1158 1164/1164
f 1157/1157 1164/1164 1163/1163
f 1158/1158 1159/1159 1165/1165
f 1158/1158 1165/1165 1164/1164
f 1160/1160 1161/1161 1167/1167
f 1160/1160 1167/1167 1166/1166
f 1161/1161 1162/1162 1168/1168
f 1161/1161 1168/1168 1167/1167
f 1162/1162 1163/1163 1169/1169
f 1162/1162 1169/1169 1168/1168
f 1163/1163 1164/1164 1170/1170
f 1163/1163 1170/1170 1169/1169
f 1164/1164 1165/1165 1171/1171
f 1164/1164 1171/1171 1170/1170
f 1166/1166 1167/1167 1173/1173
f 1166/1166 1173/1173 1172/1172
f 1167/1167 1168/1168 1174/1174
f 1167/1167 1174/1174 1173/1173
f 1168/1168 1169/1169 1175/1175
f 1168/1168 1175/1175 1174/1174
f 1169/1169 1170/1170 1176/1176
f 1169/1169 1176/1176 1175/1175
f 1170/1170 1171/1171 1177/1177
f 1170/1170 1177/1177 1176/1176
f 1172/1172 1173/1173 1179/1179
f 1172/1172 1179/1179 1178/1178
f 1173/1173 1174/1174 1180/1180
f 1173/1173 1180/1180 1179/1179
f 1174/1174 1175/1175 1181/1181
f 1174/1174 1181/1181 1180/1180
f 1175/1175 1176/1176 1182/1182
f 1175/1175 1182/1182 1181/1181
f 1176/1176 1177/1177 1183/1183
f 1176/1176 1183/1183 1182/1182
f 1178/1178 1179/1179 1185/1185
f 1178/1178 1185/1185 1184/1184
f 1179/1179 1180/1180 1186/1186
f 1179/1179 1186/1186 1185/1185
f 1180/1180 1181/1181 1187/1187
f 1180/1180 1187/1187 1186/1186
f 1181/1181 1182/1182 1188/1188
f 1181/1181 1188/1188 1187/1187
f 1182/1182 1183/1183 1189/1189
f 1182/1182 1189/1189 1188/1188
f 1184/1184 1185/1185 1191/1191
f 1184/1184 1191/1191 1190/1190
f 1185/1185 1186/1186 1192/1192
f 1185/1185 1192/1192 1191/1191
f 1186/1186 1187/1187 1193/1193
f 1186/1186 1193/1193 1192/1192
f 1187/1187 1188/1188 1194/1194
f 1187/1187 1194/1194 1193/1193
f 1188/1188 1189/1189 1195/1195
f 1188/1188 1195/1195 1194/1194
f 1190/1190 1191/1191 1197/1197
f 1190/1190 1197/1197 1196/1196
f 1191/1191 1192/1192 1198/1198
f 1191/1191 1198/1198 1197/1197
f 1192/1192 1193/1193 1199/1199
f 1192/1192 1199/1199 1198/1198
f 1193/1193 1194/1194 1200/1200
f 1193/1193 1200/1200 1199/1199
f 1194/1194 1195/1195 1201/1201
f 1194/1194 1201/1201 1200/1200
f 1196/1196 1197/1197 1203/1203
f 1196/1196 1203/1203 1202/1202
f 1197/1197 1198/1198 1204/1204
f 1197/1197 1204/1204 1203/1203
f 1198/1198 1199/1199 1205/1205
f 1198/1198 1205/1205 1204/1204
f 1199/1199 1200/1200 1206/1206
f 1199/1199 1206/1206 1205/1205
f 1200/1200 1201/1201 1207/1207
f 1200/1200 1207/1207 1206/1206
f 1202/1202 1203/1203 1209/1209
f 1202/1202 1209/1209 1208/1208
f 1203/1203 1204/1204 1210/1210
f 1203/1203 1210/1210 1209/1209
f 1204/1204 1205/1205 1211/1211
f 1204/1204 1211/1211 1210/1210
f 1205/1205 1206/1206 1212/1212
f 1205/1205 1212/1212 1211/1211
f 1206/1206 1207/1207 1213/1213
f 1206/1206 1213/1213 1212/1212
f 1208/1208 1209/1209 1215/1215
f 1208/1208 1215/1215 1214/1214
f 1209/1209 1210/1210 1216/1216
f 1209/1209 1216/1216 1215/1215
f 1210/1210 1211/1211 1217/1217
f 1210/1210 1217/1217 1216/1216
f 1211/1211 1212/1212 1218/1218
f 1211/1211 1218/1218 1217/1217
f 1212/1212 1213/1213 1219/1219
f 1212/1212 1219/1219 1218/1218
f 1214/1214 1215/1215 1221/1221
f 1214/1214 1221/1221 1220/1220
f 1215/1215 1216/1216 1222/1222
f 1215/1215 1222/1222 1221/1221
f 1216/1216 1217/1217 1223/1223
f 1216/1216 1223/1223 1222/1222
f 1217/1217 1218/1218 1224/1224
f 1217/1217 1224/1224 1223/1223
f 1218/1218 1219/1219 1225/1225
f 1218/1218 1225/1225 1224/1224
f 1220/1220 1221/1221 1227/1227
f 1220/1220 1227/1227 1226/1226
f 1221/1221 1222/1222 1228/1228
f 1221/1221 1228/1228 1227/1227
f 1222/1222 1223/1223 1229/1229
f 1222/1222 1229/1229 1228/1228
f 1223/1223 1224/1224 1230/1230
f 1223/1223 1230/1230 1229/1229
f 1224/1224 1225/1225 1231/1231
f 1224/1224 1231/1231 1230/1230
f 1226/1226 1227/1227 1233/1233
f 1226/1226 1233/1233 1232/1232
f 1227/1227 1228/1228 1234/1234
f 1227/1227 1234/1234 1233/1233
f 1228/1228 1229/1229 1235/1235
f 1228/1228 1235/1235 1234/1234
f 1229/1229 1230/1230 1236/1236
f 1229/1229 1236/1236 1235/1235
f 1230/1230 1231/1231 1237/1237
f 1230/1230 1237/1237 1236/1236
f 1232/1232 1233/1233 1239/1239
f 1232/1232 1239/1239 1238/1238
f 1233/1233 1234/1234 1240/1240
f 1233/1233 1240/1240 1239/1239
f 1234/1234 1235/1235 1241/1241
f 1234/1234 1241/1241 1240/1240
f 1235/1235 1236/1236 1242/1242
f 1235/1235 1242/1242 1241/1241
f 1236/1236 1237/1237 1243/1243
f 1236/1236 1243/1243 1242/1242
f 1238/1238 1239/1239 1245/1245
f 1238/1238 1245/1245 1244/1244
f 1239/1239 1240/1240 1246/1246
f 1239/1239 1246/1246 1245/1245
f 1240/1240 1241/1241 1247/1247
f 1240/1240 1247/1247 1246/1246
f 1241/1241 1242/1242 1248/1248
f 1241/1241 1248/1248 1247/1247
f 1242/1242 1243/1243 1249/1249
f 1242/1242 1249/1249 1248/1248
f 1244/1244 1245/1245 1251/1251
f 1244/1244 1251/1251 1250/1250
f 1245/1245 1246/1246 1252/1252
f 1245/1245 1252/1252 1251/1251
f 1246/1246 1247/1247 1253/1253
f 1246/1246 1253/1253 1252/1252
f 1247/1247 1248/1248 1254/1254
f 1247/1247 1254/1254 1253/1253
f 1248/1248 1249/1249 1255/1255
f 1248/1248 1255/1255 1254/1254
f 1250/1250 1251/1251 1257/1257
f 1250/1250 1257/1257 1256/1256
f 1251/1251 1252/1252 1258/1258
f 1251/1251 1258/1258 1257/1257
f 1252/1252 1253/1253 1259/1259
f 1252/1252 1259/1259 1258/1258
f 1253/1253 1254/1254 1260/1260
f 1253/1253 1260/1260 1259/1259
f 1254/1254 1255/1255 1261/1261
f 1254/1254 1261/1261 1260/1260
f 1256/1256 1257/1257 1263/1263
f 1256/1256 1263/1263 1262/1262
f 1257/1257 1258/1258 1264/1264
f 1257/1257 1264/1264 1263/1263
f 1258/1258 1259/1259 1265/1265
f 1258/1258 1265/1265 1264/1264
f 1259/1259 1260/1260 1266/1266
f 1259/1259 1266/1266 1265/1265
f 1260/1260 1261/1261 1267/1267
f 1260/1260 1267/1267 1266/1266
f 1262/1262 1263/1263 1269/1269
f 1262/1262 1269/1269 1268/1268
f 1263/1263 1264/1264 1270/1270
f 1263/1263 1270/1270 1269/1269
f 1264/1264 1265/1265 1271/1271
f 1264/1264 1271/1271 1270/1270
f 1265/1265 1266/1266 1272/1272
f 1265/1265 1272/1272 1271/1271
f 1266/1266 1267/1267 1273/1273
f 1266/1266 1273/1273 1272/1272
f 1268/1268 1269/1269 1275/1275
f 1268/1268 1275/1275 1274/1274
f 1269/1269 1270/1270 1276/1276
f 1269/1269 1276/1276 1275/1275
f 1270/1270 1271/1271 1277/1277
f 1270/1270 1277/1277 1276/1276
f 1271/1271 1272/1272 1278/1278
f 1271/1271 1278/1278 1277/1277
f 1272/1272 1273/1273 1279/1279
f 1272/1272 1279/1279 1278/1278
f 1274/1274 1275/1275 1281/1281
f 1274/1274 1281/1281 1280/1280
f 1275/1275 1276/1276 1282/1282
f 1275/1275 1282/1282 1281/1281
f 1276/1276 1277/1277 1283/1283
f 1276/1276 1283/1283 1282/1282
f 1277/1277 1278/1278 1284/1284
f 1277/1277 1284/1284 1283/1283
f 1278/1278 1279/1279 1285/1285
f 1278/1278 1285/1285 1284/1284
f 1280/1280 1281/1281 1287/1287
f 1280/1280 1287/1287 1286/1286
f 1281/1281 1282/1282 1288/1288
f 1281/1281 1288/1288 1287/1287
f 1282/1282 1283/1283 1289/1289
f 1282/1282 1289/1289 1288/1288
f 1283/1283 1284/1284 1290/1290
f 1283/1283 1290/1290 1289/1289
f 1284/1284 1285/1285 1291/1291
f 1284/1284 1291/1291 1290/1290
f 1286/1286 1287/1287 1293/1293
f 1286/1286 1293/1293 1292/1292
f 1287/1287 1288/1288 1294/1294
f 1287/1287 1294/1294 1293/1293
f 1288/1288 1289/1289 1295/1295
f 1288/1288 1295/1295 1294/1294
f 1289/1289 1290/1290 1296/1296
f 1289/1289 1296/1296 1295/1295
f 1290/1290 1291/1291 1297/1297
f 1290/1290 1297/1297 1296/1296
f 1292/1292 1293/1293 1299/1299
f 1292/1292 1299/1299 1298/1298
f 1293/1293 1294/1294 1300/1300
f 1293/1293 1300/1300 1299/1299
f 1294/1294 1295/1295 1301/1301
f 1294/1294 1301/1301 1300/1300
f 1295/1295 1296/1296 1302/1302
f 1295/1295 1302/1302 1301/1301
f 1296/1296 1297/1297 1303/1303
f 1296/1296 1303/1303 1302/1302
f 1298/1298 1299/1299 1305/1305
f 1298/1298 1305/1305 1304/1304
f 1299/1299 1300/1300 1306/1306
f 1299/1299 1306/1306 1305/1305
f 1300/1300 1301/1301 1307/1307
f 1300/1300 1307/1307 1306/1306
f 1301/1301 1302/1302 1308/1308
f 1301/1301 1308/1308 1307/1307
f 1302/1302 1303/1303 1309/1309
f 1302/1302 1309/1309 1308/1308
f 1304/1304 1305/1305 1311/1311
f 1304/1304 1311/1311 1310/1310
f 1305/1305 1306/1306 1312/1312
f 1305/1305 1312/1312 1311/1311
f 1306/1306 1307/1307 1313/1313
f 1306/1306 1313/1313 1312/1312
f 1307/1307 1308/1308 1314/1314
f 1307/1307 1314/1314 1313/1313
f 1308/1308 1309/1309 1315/1315
f 1308/1308 1315/1315 1314/1314
f 1310/1310 1311/1311 1317/1317
f 1310/1310 1317/1317 1316/1316
f 1311/1311 1312/1312 1318/1318
f 1311/1311 1318/1318 1317/1317
f 1312/1312 1313/1313 1319/1319
f 1312/1312 1319/1319 1318/1318
f 1313/1313 1314/1314 1320/1320
f 1313/1313 1320/1320 1319/1319
f 1314/1314 1315/1315 1321/1321
f 1314/1314 1321/1321 1320/1320
f 1316/1316 1317/1317 1323/1323
f 1316/1316 1323/1323 1322/1322
f 1317/1317 1318/1318 1324/1324
f 1317/1317 1324/1324 1323/1323
f 1318/1318 1319/1319 1325/1325
f 1318/1318 1325/1325 1324/1324
f 1319/1319 1320/1320 1326/1326
f 1319/1319 1326/1326 1325/1325
f 1320/1320 1321/1321 1327/1327
f 1320/1320 1327/1327 1326/1326
f 1322/1322 1323/1323 1329/1329
f 1322/1322 1329/1329 1328/1328
f 1323/1323 1324/1324 1330/1330
f 1323/1323 1330/1330 1329/1329
f 1324/1324 1325/1325 1331/1331
f 1324/1324 1331/1331 1330/1330
f 1325/1325 1326/1326 1332/1332
f 1325/1325 1332/1332 1331/1331
f 1326/1326 1327/1327 1333/1333
f 1326/1326 1333/1333 1332/1332
f 1328/1328 1329/1329 1335/1335
f 1328/1328 1335/1335 1334/1334
f 1329/1329 1330/1330 1336/1336
f 1329/1329 1336/1336 1335/1335
f 1330/1330 1331/1331 1337/1337
f 1330/1330 1337/1337 1336/1336
f 1331/1331 1332/1332 1338/1338
f 1331/1331 1338/1338 1337/1337
f 1332/1332 1333/1333 1339/1339
f 1332/1332 1339/1339 1338/1338
f 1334/1334 1335/1335 1341/1341
f 1334/1334 1341/1341 1340/1340
f 1335/1335 1336/1336 1342/1342
f 1335/1335 1342/1342 1341/1341
f 1336/1336 1337/1337 1343/1343
f 1336/1336 1343/1343 1342/1342
f 1337/1337 1338/1338 1344/1344
f 1337/1337 1344/1344 1343/1343
f 1338/1338 1339/1339 1345/1345
f 1338/1338 1345/1345 1344/1344
f 1340/1340 1341/1341 1347/1347
f 1340/1340 1347/1347 1346/1346
f 1341/1341 1342/1342 1348/1348
f 1341/1341 1348/1348 1347/1347
f 1342/1342 1343/1343 1349/1349
f 1342/1342 1349/1349 1348/1348
f 1343/1343 1344/1344 1350/1350
f 1343/1343 1350/1350 1349/1349
f 1344/1344 1345/1345 1351/1351
f 1344/1344 1351/1351 1350/1350
f 1346/1346 1347/1347 1353/1353
f 1346/1346 1353/1353 1352/1352
f 1347/1347 1348/1348 1354/1354
f 1347/1347 1354/1354 1353/1353
f 1348/1348 1349/1349 1355/1355
f 1348/1348 1355/1355 1354/1354
f 1349/1349 1350/1350 1356/1356
f 1349/1349 1356/1356 1355/1355
f 1350/1350 1351/1351 1357/1357
f 1350/1350 1357/1357 1356/1356
f 1352/1352 1353/1353 1359/1359
f 1352/1352 1359/1359 1358/1358
f 1353/1353 1354/1354 1360/1360
f 1353/1353 1360/1360 1359/1359
f 1354/1354 1355/1355 1361/1361
f 1354/1354 1361/1361 1360/1360
f 1355/1355 1356/1356 1362/1362
f 1355/1355 1362/1362 1361/1361
f 1356/1356 1357/1357 1363/1363
f 1356/1356 1363/1363 1362/1362
f 1358/1358 1359/1359 1365/1365
f 1358/1358 1365/1365 1364/1364
f 1359/1359 1360/1360 1366/1366
f 1359/1359 1366/1366 1365/1365
f 1360/1360 1361/1361 1367/1367
f 1360/1360 1367/1367 1366/1366
f 1361/1361 1362/1362 1368/1368
f 1361/1361 1368/1368 1367/1367
f 1362/1362 1363/1363 1369/1369
f 1362/1362 1369/1369 1368/1368
f 1364/1364 1365/1365 1371/1371
f 1364/1364 1371/1371 1370/1370
f 1365/1365 1366/1366 1372/1372
f 1365/1365 1372/1372 1371/1371
f 1366/1366 1367/1367 1373/1373
f 1366/1366 1373/1373 1372/1372
f 1367/1367 1368/1368 1374/1374
f 1367/1367 1374/1374 1373/1373
f 1368/1368 1369/1369 1375/1375
f 1368/1368 1375/1375 1374/1374
f 1370/1370 1371/1371 1377/1377
f 1370/1370 1377/1377 1376/1376
f 1371/1371 1372/1372 1378/1378
f 1371/1371 1378/1378 1377/1377
f 1372/1372 1373/1373 1379/1379
f 1372/1372 1379/1379 1378/1378
f 1373/1373 1374/1374 1380/1380
f 1373/1373 1380/1380 1379/1379
f 1374/1374 1375/1375 1381/1381
f 1374/1374 1381/1381 1380/1380
f 1376/1376 1377/1377 1383/1383
f 1376/1376 1383/1383 1382/1382
f 1377/1377 1378/1378 1384/1384
f 1377/1377 1384/1384 1383/1383
f 1378/1378 1379/1379 1385/1385
f 1378/1378 1385/1385 1384/1384
f 1379/1379 1380/1380 1386/1386
f 1379/1379 1386/1386 1385/1385
f 1380/1380 1381/1381 1387/1387
f 1380/1380 1387/1387 1386/1386
f 1382/1382 1383/1383 1389/1389
f 1382/1382 1389/1389 1388/1388
f 1383/1383 1384/1384 1390/1390
f 1383/1383 1390/1390 1389/1389
f 1384/1384 1385/1385 1391/1391
f 1384/1384 1391/1391 1390/1390
f 1385/1385 1386/1386 1392/1392
f 1385/1385 1392/1392 1391/1391
f 1386/1386 1387/1387 1393/1393
f 1386/1386 1393/1393 1392/1392
f 1388/1388 1389/1389 1395/1395
f 1388/1388 1395/1395 1394/1394
f 1389/1389 1390/1390 1396/1396
f 1389/1389 1396/1396 1395/1395
f 1390/1390 1391/1391 1397/1397
f 1390/1390 1397/1397 1396/1396
f 1391/1391 1392/1392 1398/1398
f 1391/1391 1398/1398 1397/1397
f 1392/1392 1393/1393 1399/1399
f 1392/1392 1399/1399 1398/1398
f 1394/1394 1395/1395 1401/1401
f 1394/1394 1401/1401 1400/1400
f 1395/1395 1396/1396 1402/1402
f 1395/1395 1402/1402 1401/1401
f 1396/1396 1397/1397 1403/1403
f 1396/1396 1403/1403 1402/1402
f 1397/1397 1398/1398 1404/1404
f 1397/1397 1404/1404 1403/1403
f 1398/1398 1399/1399 1405/1405
f 1398/1398 1405/1405 1404/1404
f 1400/1400 1401/1401 1407/1407
f 1400/1400 1407/1407 1406/1406
f 1401/1401 1402/1402 1408/1408
f 1401/1401 1408/1408 1407/1407
f 1402/1402 1403/1403 1409/1409
f 1402/1402 1409/1409 1408/1408
f 1403/1403 1404/1404 1410/1410
f 1403/1403 1410/1410 1409/1409
f 1404/1404 1405/1405 1411/1411
f 1404/1404 1411/1411 1410/1410
f 1406/1406 1407/1407 1413/1413
f 1406/1406 1413/1413 1412/1412
f 1407/1407 1408/1408 1414/1414
f 1407/1407 1414/1414 1413/1413
f 1408/1408 1409/1409 1415/1415
f 1408/1408 1415/1415 1414/1414
f 1409/1409 1410/1410 1416/1416
f 1409/1409 1416/1416 1415/1415
f 1410/1410 1411/1411 1417/1417
f 1410/1410 1417/1417 1416/1416
f 1412/1412 1413/1413 1419/1419
f 1412/1412 1419/1419 1418/1418
f 1413/1413 1414/1414 1420/1420
f 1413/1413 1420/1420 1419/1419
f 1414/1414 1415/1415 1421/1421
f 1414/1414 1421/1421 1420/1420
f 1415/1415 1416/1416 1422/1422
f 1415/1415 1422/1422 1421/1421
f 1416/1416 1417/1417 1423/1423
f 1416/1416 1423/1423 1422/1422
f 1418/1418 1419/1419 1425/1425
f 1418/1418 1425/1425 1424/1424
f 1419/1419 1420/1420 1426/1426
f 1419/1419 1426/1426 1425/1425
f 1420/1420 1421/1421 1427/1427
f 1420/1420 1427/1427 1426/1426
f 1421/1421 1422/1422 1428/1428
f 1421/1421 1428/1428 1427/1427
f 1422/1422 1423/1423 1429/1429
f 1422/1422 1429/1429 1428/1428
f 1424/1424 1425/1425 1431/1431
f 1424/1424 1431/1431 1430/1430
f 1425/1425 1426/1426 1432/1432
f 1425/1425 1432/1432 1431/1431
f 1426/1426 1427/1427 1433/1433
f 1426/1426 1433/1433 1432/1432
f 1427/1427 1428/1428 1434/1434
f 1427/1427 1434/1434 1433/1433
f 1428/1428 1429/1429 1435/1435
f 1428/1428 1435/1435 1434/1434
f 1430/1430 1431/1431 1437/1437
f 1430/1430 1437/1437 1436/1436
f 1431/1431 1432/1432 1438/1438
f 1431/1431 1438/1438 1437/1437
f 1432/1432 1433/1433 1439/1439
f 1432/1432 1439/1439 1438/1438
f 1433/1433 1434/1434 1440/1440
f 1433/1433 1440/1440 1439/1439
f 1434/1434 1435/1435 1441/1441
f 1434/1434 1441/1441 1440/1440
f 1436/1436 1437/1437 1443/1443
f 1436/1436 1443/1443 1442/1442
f 1437/1437 1438/1438 1444/1444
f 1437/1437 1444/1444 1443/1443
f 1438/1438 1439/1439 1445/1445
f 1438/1438 1445/1445 1444/1444
f 1439/1439 1440/1440 1446/1446
f 1439/1439 1446/1446 1445/1445
f 1440/1440 1441/1441 1447/1447
f 1440/1440 1447/1447 1446/1446
f 1442/1442 1443/1443 1449/1449
f 1442/1442 1449/1449 1448/1448
f 1443/1443 1444/1444 1450/1450
f 1443/1443 1450/1450 1449/1449
f 1444/1444 1445/1445 1451/1451
f 1444/1444 1451/1451 1450/1450
f 1445/1445 1446/1446 1452/1452
f 1445/1445 1452/1452 1451/1451
f 1446/1446 1447/1447 1453/1453
f 1446/1446 1453/1453 1452/1452
f 1448/1448 1449/1449 1455/1455
f 1448/1448 1455/1455 1454/1454
f 1449/1449 1450/1450 1456/1456
f 1449/1449 1456/1456 1455/1455
f 1450/1450 1451/1451 1457/1457
f 1450/1450 1457/1457 1456/1456
f 1451/1451 1452/1452 1458/1458
f 1451/1451 1458/1458 1457/1457
f 1452/1452 1453/1453 1459/1459
f 1452/1452 1459/1459 1458/1458
f 1454/1454 1455/1455 1461/1461
f 1454/1454 1461/1461 1460/1460
f 1455/1455 1456/1456 1462/1462
f 1455/1455 1462/1462 1461/1461
f 1456/1456 1457/1457 1463/1463
f 1456/1456 1463/1463 1462/1462
f 1457/1457 1458/1458 1464/1464
f 1457/1457 1464/1464 1463/1463
f 1458/1458 1459/1459 1465/1465
f 1458/1458 1465/1465 1464/1464
f 1460/1460 1461/1461 1467/1467
f 1460/1460 1467/1467 1466/1466
f 1461/1461 1462/1462 1468/1468
f 1461/1461 1468/1468 1467/1467
f 1462/1462 1463/1463 1469/1469
f 1462/1462 1469/1469 1468/1468
f 1463/1463 1464/1464 1470/1470
f 1463/1463 1470/1470 1469/1469
f 1464/1464 1465/1465 1471/1471
f 1464/1464 1471/1471 1470/1470
f 1466/1466 1467/1467 1473/1473
f 1466/1466 1473/1473 1472/1472
f 1467/1467 1468/1468 1474/1474
f 1467/1467 1474/1474 1473/1473
f 1468/1468 1469/1469 1475/1475
f 1468/1468 1475/1475 1474/1474
f 1469/1469 1470/1470 1476/1476
f 1469/1469 1476/1476 1475/1475
f 1470/1470 1471/1471 1477/1477
f 1470/1470 1477/1477 1476/1476
f 1472/1472 1473/1473 1479/1479
f 1472/1472 1479/1479 1478/1478
f 1473/1473 1474/1474 1480/1480
f 1473/1473 1480/1480 1479/1479
f 1474/1474 1475/1475 1481/1481
f 1474/1474 1481/1481 1480/1480
f 1475/1475 1476/1476 1482/1482
f 1475/1475 1482/1482 1481/1481
f 1476/1476 1477/1477 1483/1483
f 1476/1476 1483/1483 1482/1482
f 1478/1478 1479/1479 1485/1485
f 1478/1478 1485/1485 1484/1484
f 1479/1479 1480/1480 1486/1486
f 1479/1479 1486/1486 1485/1485
f 1480/1480 1481/1481 1487/1487
f 1480/1480 1487/1487 1486/1486
f 1481/1481 1482/1482 1488/1488
f 1481/1481 1488/1488 1487/1487
f 1482/1482 1483/1483 1489/1489
f 1482/1482 1489/1489 1488/1488
f 1484/1484 1485/1485 1491/1491
f 1484/1484 1491/1491 1490/1490
f 1485/1485 1486/1486 1492/1492
f 1485/1485 1492/1492 1491/1491
f 1486/1486 1487/1487 1493/1493
f 1486/1486 1493/1493 1492/1492
f 1487/1487 1488/1488 1494/1494
f 1487/1487 1494/1494 1493/1493
f 1488/1488 1489/1489 1495/1495
f 1488/1488 1495/1495 1494/1494
f 1490/1490 1491/1491 1497/1497
f 1490/1490 1497/1497 1496/1496
f 1491/1491 1492/1492 1498/1498
f 1491/1491 1498/1498 1497/1497
f 1492/1492 1493/1493 1499/1499
f 1492/1492 1499/1499 1498/1498
f 1493/1493 1494/1494 1500/1500
f 1493/1493 1500/1500 1499/1499
f 1494/1494 1495/1495 1501/1501
f 1494/1494 1501/1501 1500/1500
f 1496/1496 1497/1497 1503/1503
f 1496/1496 1503/1503 1502/1502
f 1497/1497 1498/1498 1504/1504
f 1497/1497 1504/1504 1503/1503
f 1498/1498 1499/1499 1505/1505
f 1498/1498 1505/1505 1504/1504
f 1499/1499 1500/1500 1506/1506
f 1499/1499 1506/1506 1505/1505
f 1500/1500 1501/1501 1507/1507
f 1500/1500 1507/1507 1506/1506
f 1502/1502 1503/1503 1509/1509
f 1502/1502 1509/1509 1508/1508
f 1503/1503 1504/1504 1510/1510
f 1503/1503 1510/1510 1509/1509
f 1504/1504 1505/1505 1511/1511
f 1504/1504 1511/1511 1510/1510
f 1505/1505 1506/1506 1512/1512
f 1505/1505 1512/1512 1511/1511
f 1506/1506 1507/1507 1513/1513
f 1506/1506 1513/1513 1512/1512
f 1508/1508 1509/1509 1515/1515
f 1508/1508 1515/1515 1514/1514
f 1509/1509 1510/1510 1516/1516
f 1509/1509 1516/1516 1515/1515
f 1510/1510 1511/1511 1517/1517
f 1510/1510 1517/1517 1516/1516
f 1511/1511 1512/1512 1518/1518
f 1511/1511 1518/1518 1517/1517
f 1512/1512 1513/1513 1519/1519
f 1512/1512 1519/1519 1518/1518
f 1514/1514 1515/1515 1521/1521
f 1514/1514 1521/1521 1520/1520
f 1515/1515 1516/1516 1522/1522
f 1515/1515 1522/1522 1521/1521
f 1516/1516 1517/1517 1523/1523
f 1516/1516 1523/1523 1522/1522
f 1517/1517 1518/1518 1524/1524
f 1517/1517 1524/1524 1523/1523
f 1518/1518 1519/1519 1525/1525
f 1518/1518 1525/1525 1524/1524
f 1520/1520 1521/1521 1527/1527
f 1520/1520 1527/1527 1526/1526
f 1521/1521 1522/1522 1528/1528
f 1521/1521 1528/1528 1527/1527
f 1522/1522 1523/1523 1529/1529
f 1522/1522 1529/1529 1528/1528
f 1523/1523 1524/1524 1530/1530
f 1523/1523 1530/1530 1529/1529
f 1524/1524 1525/1525 1531/1531
f 1524/1524 1531/1531 1530/1530
f 1526/1526 1527/1527 1533/1533
f 1526/1526 1533/1533 1532/1532
f 1527/1527 1528/1528 1534/1534
f 1527/1527 1534/1534 1533/1533
f 1528/1528 1529/1529 1535/1535
f 1528/1528 1535/1535 1534/1534
f 1529/1529 1530/1530 1536/1536
f 1529/1529 1536/1536 1535/1535
f 1530/1530 1531/1531 1537/1537
f 1530/1530 1537/1537 1536/1536
f 1532/1532 1533/1533 1539/1539
f 1532/1532 1539/1539 1538/1538
f 1533/1533 1534/1534 1540/1540
f 1533/1533 1540/1540 1539/1539
f 1534/1534 1535/1535 1541/1541
f 1534/1534 1541/1541 1540/1540
f 1535/1535 1536/1536 1542/1542
f 1535/1535 1542/1542 1541/1541
f 1536/1536 1537/1537 1543/1543
f 1536/1536 1543/1543 1542/1542
f 1538/1538 1539/1539 1545/1545
f 1538/1538 1545/1545 1544/1544
f 1539/1539 1540/1540 1546/1546
f 1539/1539 1546/1546 1545/1545
f 1540/1540 1541/1541 1547/1547
f 1540/1540 1547/1547 1546/1546
f 1541/1541 1542/1542 1548/1548
f 1541/1541 1548/1548 1547/1547
f 1542/1542 1543/1543 1549/1549
f 1542/1542 1549/1549 1548/1548
f 1544/1544 1545/1545 1551/1551
f 1544/1544 1551/1551 1550/1550
f 1545/1545 1546/1546 1552/1552
f 1545/1545 1552/1552 1551/1551
f 1546/1546 1547/1547 1553/1553
f 1546/1546 1553/1553 1552/1552
f 1547/1547 1548/1548 1554/1554
f 1547/1547 1554/1554 1553/1553
f 1548/1548 1549/1549 1555/1555
f 1548/1548 1555/1555 1554/1554
f 1550/1550 1551/1551 1557/1557
f 1550/1550 1557/1557 1556/1556
f 1551/1551 1552/1552 1558/1558
f 1551/1551 1558/1558 1557/1557
f 1552/1552 1553/1553 1559/1559
f 1552/1552 1559/1559 1558/1558
f 1553/1553 1554/1554 1560/1560
f 1553/1553 1560/1560 1559/1559
f 1554/1554 1555/1555 1561/1561
f 1554/1554 1561/1561 1560/1560
f 1556/1556 1557/1557 1563/1563
f 1556/1556 1563/1563 1562/1562
f 1557/1557 1558/1558 1564/1564
f 1557/1557 1564/1564 1563/1563
f 1558/1558 1559/1559 1565/1565
f 1558/1558 1565/1565 1564/1564
f 1559/1559 1560/1560 1566/1566
f 1559/1559 1566/1566 1565/1565
f 1560/1560 1561/1561 1567/1567
f 1560/1560 1567/1567 1566/1566
f 1562/1562 1563/1563 1569/1569
f 1562/1562 1569/1569 1568/1568
f 1563/1563 1564/1564 1570/1570
f 1563/1563 1570/1570 1569/1569
f 1564/1564 1565/1565 1571/1571
f 1564/1564 1571/1571 1570/1570
f 1565/1565 1566/1566 1572/1572
f 1565/1565 1572/1572 1571/1571
f 1566/1566 1567/1567 1573/1573
f 1566/1566 1573/1573 1572/1572
f 1568/1568 1569/1569 1575/1575
f 1568/1568 1575/1575 1574/1574
f 1569/1569 1570/1570 1576/1576
f 1569/1569 1576/1576 1575/1575
f 1570/1570 1571/1571 1577/1577
f 1570/1570 1577/1577 1576/1576
f 1571/1571 1572/1572 1578/1578
f 1571/1571 1578/1578 1577/1577
f 1572/1572 1573/1573 1579/1579
f 1572/1572 1579/1579 1578/1578
f 1574/1574 1575/1575 1581/1581
f 1574/1574 1581/1581 1580/1580
f 1575/1575 1576/1576 1582/1582
f 1575/1575 1582/1582 1581/1581
f 1576/1576 1577/1577 1583/1583
f 1576/1576 1583/1583 1582/1582
f 1577/1577 1578/1578 1584/1584
f 1577/1577 1584/1584 1583/1583
f 1578/1578 1579/1579 1585/1585
f 1578/1578 1585/1585 1584/1584
f 1580/1580 1581/1581 1587/1587
f 1580/1580 1587/1587 1586/1586
f 1581/1581 1582/1582 1588/1588
f 1581/1581 1588/1588 1587/1587
f 1582/1582 1583/1583 1589/1589
f 1582/1582 1589/1589 1588/1588
f 1583/1583 1584/1584 1590/1590
f 1583/1583 1590/1590 1589/1589
f 1584/1584 1585/1585 1591/1591
f 1584/1584 1591/1591 1590/1590
f 1586/1586 1587/1587 1593/1593
f 1586/1586 1593/1593 1592/1592
f 1587/1587 1588/1588 1594/1594
f 1587/1587 1594/1594 1593/1593
f 1588/1588 1589/1589 1595/1595
f 1588/1588 1595/1595 1594/1594
f 1589/1589 1590/1590 1596/1596
f 1589/1589 1596/1596 1595/1595
f 1590/1590 1591/1591 1597/1597
f 1590/1590 1597/1597 1596/1596
f 1592/1592 1593/1593 1599/1599
f 1592/1592 1599/1599 1598/1598
f 1593/1593 1594/1594 1600/1600
f 1593/1593 1600/1600 1599/1599
f 1594/1594 1595/1595 1601/1601
f 1594/1594 1601/1601 1600/1600
f 1595/1595 1596/1596 1602/1602
f 1595/1595 1602/1602 1601/1601
f 1596/1596 1597/1597 1603/1603
f 1596/1596 1603/1603 1602/1602
f 1598/1598 1599/1599 1605/1605
f 1598/1598 1605/1605 1604/1604
f 1599/1599 1600/1600 1606/1606
f 1599/1599 1606/1606 1605/1605
f 1600/1600 1601/1601 1607/1607
f 1600/1600 1607/1607 1606/1606
f 1601/1601 1602/1602 1608/1608
f 1601/1601 1608/1608 1607/1607
f 1602/1602 1603/1603 1609/1609
f 1602/1602 1609/1609 1608/1608
f 1604/1604 1605/1605 1611/1611
f 1604/1604 1611/1611 1610/1610
f 1605/1605 1606/1606 1612/1612
f 1605/1605 1612/1612 1611/1611
f 1606/1606 1607/1607 1613/1613
f 1606/1606 1613/1613 1612/1612
f 1607/1607 1608/1608 1614/1614
f 1607/1607 1614/1614 1613/1613
f 1608/1608 1609/1609 1615/1615
f 1608/1608 1615/1615 1614/1614
f 1610/1610 1611/1611 1617/1617
f 1610/1610 1617/1617 1616/1616
f 1611/1611 1612/1612 1618/1618
f 1611/1611 1618/1618 1617/1617
f 1612/1612 1613/1613 1619/1619
f 1612/1612 1619/1619 1618/1618
f 1613/1613 1614/1614 1620/1620
f 1613/1613 1620/1620 1619/1619
f 1614/1614 1615/1615 1621/1621
f 1614/1614 1621/1621 1620/1620
f 1616/1616 1617/1617 1623/1623
f 1616/1616 1623/1623 1622/1622
f 1617/1617 1618/1618 1624/1624
f 1617/1617 1624/1624 1623/1623
f 1618/1618 1619/1619 1625/1625
f 1618/1618 1625/1625 1624/1624
f 1619/1619 1620/1620 1626/1626
f 1619/1619 1626/1626 1625/1625
f 1620/1620 1621/1621 1627/1627
f 1620/1620 1627/1627 1626/1626
f 1622/1622 1623/1623 1629/1629
f 1622/1622 1629/1629 1628/1628
f 1623/1623 1624/1624 1630/1630
f 1623/1623 1630/1630 1629/1629
f 1624/1624 1625/1625 1631/1631
f 1624/1624 1631/1631 1630/1630
f 1625/1625 1626/1626 1632/1632
f 1625/1625 1632/1632 1631/1631
f 1626/1626 1627/1627 1633/1633
f 1626/1626 1633/1633 1632/1632
f 1628/1628 1629/1629 1635/1635
f 1628/1628 1635/1635 1634/1634
f 1629/1629 1630/1630 1636/1636
f 1629/1629 1636/1636 1635/1635
f 1630/1630 1631/1631 1637/1637
f 1630/1630 1637/1637 1636/1636
f 1631/1631 1632/1632 1638/1638
f 1631/1631 1638/1638 1637/1637
f 1632/1632 1633/1633 1639/1639
f 1632/1632 1639/1639 1638/1638
f 1634/1634 1635/1635 1641/1641
f 1634/1634 1641/1641 1640/1640
f 1635/1635 1636/1636 1642/1642
f 1635/1635 1642/1642 1641/1641
f 1636/1636 1637/1637 1643/1643
f 1636/1636 1643/1643 1642/1642
f 1637/1637 1638/1638 1644/1644
f 1637/1637 1644/1644 1643/1643
f 1638/1638 1639/1639 1645/1645
f 1638/1638 1645/1645 1644/1644
f 1640/1640 1641/1641 1647/1647
f 1640/1640 1647/1647 1646/1646
f 1641/1641 1642/1642 1648/1648
f 1641/1641 1648/1648 1647/1647
f 1642/1642 1643/1643 1649/1649
f 1642/1642 1649/1649 1648/1648
f 1643/1643 1644/1644 1650/1650
f 1643/1643 1650/1650 1649/1649
f 1644/1644 1645/1645 1651/1651
f 1644/1644 1651/1651 1650/1650
f 1646/1646 1647/1647 1653/1653
f 1646/1646 1653/1653 1652/1652
f 1647/1647 1648/1648 1654/1654
f 1647/1647 1654/1654 1653/1653
f 1648/1648 1649/1649 1655/1655
f 1648/1648 1655/1655 1654/1654
f 1649/1649 1650/1650 1656/1656
f 1649/1649 1656/1656 1655/1655
f 1650/1650 1651/1651 1657/1657
f 1650/1650 1657/1657 1656/1656
f 1652/1652 1653/1653 1659/1659
f 1652/1652 1659/1659 1658/1658
f 1653/1653 1654/1654 1660/1660
f 1653/1653 1660/1660 1659/1659
f 1654/1654 1655/1655 1661/1661
f 1654/1654 1661/1661 1660/1660
f 1655/1655 1656/1656 1662/1662
f 1655/1655 1662/1662 1661/1661
f 1656/1656 1657/1657 1663/1663
f 1656/1656 1663/1663 1662/1662
f 1658/1658 1659/1659 1665/1665
f 1658/1658 1665/1665 1664/1664
f 1659/1659 1660/1660 1666/1666
f 1659/1659 1666/1666 1665/1665
f 1660/1660 1661/1661 1667/1667
f 1660/1660 1667/1667 1666/1666
f 1661/1661 1662/1662 1668/1668
f 1661/1661 1668/1668 1667/1667
f 1662/1662 1663/1663 1669/1669
f 1662/1662 1669/1669 1668/1668
f 1664/1664 1665/1665 1671/1671
f 1664/1664 1671/1671 1670/1670
f 1665/1665 1666/1666 1672/1672
f 1665/1665 1672/1672 1671/1671
f 1666/1666 1667/1667 1673/1673
f 1666/1666 1673/1673 1672/1672
f 1667/1667 1668/1668 1674/1674
f 1667/1667 1674/1674 1673/1673
f 1668/1668 1669/1669 1675/1675
f 1668/1668 1675/1675 1674/1674
f 1670/1670 1671/1671 1677/1677
f 1670/1670 1677/1677 1676/1676
f 1671/1671 1672/1672 1678/1678
f 1671/1671 1678/1678 1677/1677
f 1672/1672 1673/1673 1679/1679
f 1672/1672 1679/1679 1678/1678
f 1673/1673 1674/1674 1680/1680
f 1673/1673 1680/1680 1679/1679
f 1674/1674 1675/1675 1681/1681
f 1674/1674 1681/1681 1680/1680
f 1676/1676 1677/1677 1683/1683
f 1676/1676 1683/1683 1682/1682
f 1677/1677 1678/1678 1684/1684
f 1677/1677 1684/1684 1683/1683
f 1678/1678 1679/1679 1685/1685
f 1678/1678 1685/1685 1684/1684
f 1679/1679 1680/1680 1686/1686
f 1679/1679 1686/1686 1685/1685
f 1680/1680 1681/1681 1687/1687
f 1680/1680 1687/1687 1686/1686
f 1682/1682 1683/1683 1689/1689
f 1682/1682 1689/1689 1688/1688
f 1683/1683 1684/1684 1690/1690
f 1683/1683 1690/1690 1689/1689
f 1684/1684 1685/1685 1691/1691
f 1684/1684 1691/1691 1690/1690
f 1685/1685 1686/1686 1692/1692
f 1685/1685 1692/1692 1691/1691
f 1686/1686 1687/1687 1693/1693
f 1686/1686 1693/1693 1692/1692
f 1688/1688 1689/1689 1695/1695
f 1688/1688 1695/1695 1694/1694
f 1689/1689 1690/1690 1696/1696
f 1689/1689 1696/1696 1695/1695
f 1690/1690 1691/1691 1697/1697
f 1690/1690 1697/1697 1696/1696
f 1691/1691 1692/1692 1698/1698
f 1691/1691 1698/1698 1697/1697
f 1692/1692 1693/1693 1699/1699
f 1692/1692 1699/1699 1698/1698
f 1694/1694 1695/1695 1701/1701
f 1694/1694 1701/1701 1700/1700
f 1695/1695 1696/1696 1702/1702
f 1695/1695 1702/1702 1701/1701
f 1696/1696 1697/1697 1703/1703
f 1696/1696 1703/1703 1702/1702
f 1697/1697 1698/1698 1704/1704
f 1697/1697 1704/1704 1703/1703
f 1698/1698 1699/1699 1705/1705
f 1698/1698 1705/1705 1704/1704
f 1700/1700 1701/1701 1707/1707
f 1700/1700 1707/1707 1706/1706
f 1701/1701 1702/1702 1708/1708
f 1701/1701 1708/1708 1707/1707
f 1702/1702 1703/1703 1709/1709
f 1702/1702 1709/1709 1708/1708
f 1703/1703 1704/1704 1710/1710
f 1703/1703 1710/1710 1709/1709
f 1704/1704 1705/1705 1711/1711
f 1704/1704 1711/1711 1710/1710
f 1706/1706 1707/1707 1713/1713
f 1706/1706 1713/1713 1712/1712
f 1707/1707 1708/1708 1714/1714
f 1707/1707 1714/1714 1713/1713
f 1708/1708 1709/1709 1715/1715
f 1708/1708 1715/1715 1714/1714
f 1709/1709 1710/1710 1716/1716
f 1709/1709 1716/1716 1715/1715
f 1710/1710 1711/1711 1717/1717
f 1710/1710 1717/1717 1716/1716
f 1712/1712 1713/1713 1719/1719
f 1712/1712 1719/1719 1718/1718
f 1713/1713 1714/1714 1720/1720
f 1713/1713 1720/1720 1719/1719
f 1714/1714 1715/1715 1721/1721
f 1714/1714 1721/1721 1720/1720
f 1715/1715 1716/1716 1722/1722
f 1715/1715 1722/1722 1721/1721
f 1716/1716 1717/1717 1723/1723
f 1716/1716 1723/1723 1722/1722
f 1718/1718 1719/1719 1725/1725
f 1718/1718 1725/1725 1724/1724
f 1719/1719 1720/1720 1726/1726
f 1719/1719 1726/1726 1725/1725
f 1720/1720 1721/1721 1727/1727
f 1720/1720 1727/1727 1726/1726
f 1721/1721 1722/1722 1728/1728
f 1721/1721 1728/1728 1727/1727
f 1722/1722 1723/1723 1729/1729
f 1722/1722 1729/1729 1728/1728
f 1724/1724 1725/1725 1731/1731
f 1724/1724 1731/1731 1730/1730
f 1725/1725 1726/1726 1732/1732
f 1725/1725 1732/1732 1731/1731
f 1726/1726 1727/1727 1733/1733
f 1726/1726 1733/1733 1732/1732
f 1727/1727 1728/1728 1734/1734
f 1727/1727 1734/1734 1733/1733
f 1728/1728 1729/1729 1735/1735
f 1728/1728 1735/1735 1734/1734
f 1730/1730 1731/1731 1737/1737
f 1730/1730 1737/1737 1736/1736
f 1731/1731 1732/1732 1738/1738
f 1731/1731 1738/1738 1737/1737
f 1732/1732 1733/1733 1739/1739
f 1732/1732 1739/1739 1738/1738
f 1733/1733 1734/1734 1740/1740
f 1733/1733 1740/1740 1739/1739
f 1734/1734 1735/1735 1741/1741
f 1734/1734 1741/1741 1740/1740
f 1736/1736 1737/1737 1743/1743
f 1736/1736 1743/1743 1742/1742
f 1737/1737 1738/1738 1744/1744
f 1737/1737 1744/1744 1743/1743
f 1738/1738 1739/1739 1745/1745
f 1738/1738 1745/1745 1744/1744
f 1739/1739 1740/1740 1746/1746
f 1739/1739 1746/1746 1745/1745
f 1740/1740 1741/1741 1747/1747
f 1740/1740 1747/1747 1746/1746
f 1742/1742 1743/1743 1749/1749
f 1742/1742 1749/1749 1748/1748
f 1743/1743 1744/1744 1750/1750
f 1743/1743 1750/1750 1749/1749
f 1744/1744 1745/1745 1751/1751
f 1744/1744 1751/1751 1750/1750
f 1745/1745 1746/1746 1752/1752
f 1745/1745 1752/1752 1751/1751
f 1746/1746 1747/1747 1753/1753
f 1746/1746 1753/1753 1752/1752
f 1748/1748 1749/1749 1755/1755
f 1748/1748 1755/1755 1754/1754
f 1749/1749 1750/1750 1756/1756
f 1749/1749 1756/1756 1755/1755
f 1750/1750 1751/1751 1757/1757
f 1750/1750 1757/1757 1756/1756
f 1751/1751 1752/1752 1758/1758
f 1751/1751 1758/1758 1757/1757
f 1752/1752 1753/1753 1759/1759
f 1752/1752 1759/1759 1758/1758
f 1754/1754 1755/1755 1761/1761
f 1754/1754 1761/1761 1760/1760
f 1755/1755 1756/1756 1762/1762
f 1755/1755 1762/1762 1761/1761
f 1756/1756 1757/1757 1763/1763
f 1756/1756 1763/1763 1762/1762
f 1757/1757 1758/1758 1764/1764
f 1757/1757 1764/1764 1763/1763
f 1758/1758 1759/1759 1765/1765
f 1758/1758 1765/1765 1764/1764
f 1760/1760 1761/1761 1767/1767
f 1760/1760 1767/1767 1766/1766
f 1761/1761 1762/1762 1768/1768
f 1761/1761 1768/1768 1767/1767
f 1762/1762 1763/1763 1769/1769
f 1762/1762 1769/1769 1768/1768
f 1763/1763 1764/1764 1770/1770
f 1763/1763 1770/1770 1769/1769
f 1764/1764 1765/1765 1771/1771
f 1764/1764 1771/1771 1770/1770
f 1766/1766 1767/1767 1773/1773
f 1766/1766 1773/1773 1772/1772
f 1767/1767 1768/1768 1774/1774
f 1767/1767 1774/1774 1773/1773
f 1768/1768 1769/1769 1775/1775
f 1768/1768 1775/1775 1774/1774
f 1769/1769 1770/1770 1776/1776
f 1769/1769 1776/1776 1775/1775
f 1770/1770 1771/1771 1777/1777
f 1770/1770 1777/1777 1776/1776
f 1772/1772 1773/1773 1779/1779
f 1772/1772 1779/1779 1778/1778
f 1773/1773 1774/1774 1780/1780
f 1773/1773 1780/1780 1779/1779
f 1774/1774 1775/1775 1781/1781
f 1774/1774 1781/1781 1780/1780
f 1775/1775 1776/1776 1782/1782
f 1775/1775 1782/1782 1781/1781
f 1776/1776 1777/1777 1783/1783
f 1776/1776 1783/1783 1782/1782
f 1778/1778 1779/1779 1785/1785
f 1778/1778 1785/1785 1784/1784
f 1779/1779 1780/1780 1786/1786
f 1779/1779 1786/1786 1785/1785
f 1780/1780 1781/1781 1787/1787
f 1780/1780 1787/1787 1786/1786
f 1781/1781 1782/1782 1788/1788
f 1781/1781 1788/1788 1787/1787
f 1782/1782 1783/1783 1789/1789
f 1782/1782 1789/1789 1788/1788
f 1784/1784 1785/1785 1791/1791
f 1784/1784 1791/1791 1790/1790
f 1785/1785 1786/1786 1792/1792
f 1785/1785 1792/1792 1791/1791
f 1786/1786 1787/1787 1793/1793
f 1786/1786 1793/1793 1792/1792
f 1787/1787 1788/1788 1794/1794
f 1787/1787 1794/1794 1793/1793
f 1788/1788 1789/1789 1795/1795
f 1788/1788 1795/1795 1794/1794
f 1790/1790 1791/1791 1797/1797
f 1790/1790 1797/1797 1796/1796
f 1791/1791 1792/1792 1798/1798
f 1791/1791 1798/1798 1797/1797
f 1792/1792 1793/1793 1799/1799
f 1792/1792 1799/1799 1798/1798
f 1793/1793 1794/1794 1800/1800
f 1793/1793 1800/1800 1799/1799
f 1794/1794 1795/1795 1801/1801
f 1794/1794 1801/1801 1800/1800
f 1796/1796 1797/1797 1803/1803
f 1796/1796 1803/1803 1802/1802
f 1797/1797 1798/1798 1804/1804
f 1797/1797 1804/1804 1803/1803
f 1798/1798 1799/1799 1805/1805
f 1798/1798 1805/1805 1804/1804
f 1799/1799 1800/1800 1806/1806
f 1799/1799 1806/1806 1805/1805
f 1800/1800 1801/1801 1807/1807
f 1800/1800 1807/1807 1806/1806
f 1802/1802 1803/1803 1809/1809
f 1802/1802 1809/1809 1808/1808
f 1803/1803 1804/1804 1810/1810
f 1803/1803 1810/1810 1809/1809
f 1804/1804 1805/1805 1811/1811
f 1804/1804 1811/1811 1810/1810
f 1805/1805 1806/1806 1812/1812
f 1805/1805 1812/1812 1811/1811
f 1806/1806 1807/1807 1813/1813
f 1806/1806 1813/1813 1812/1812
f 1808/1808 1809/1809 1815/1815
f 1808/1808 1815/1815 1814/1814
f 1809/1809 1810/1810 1816/1816
f 1809/1809 1816/1816 1815/1815
f 1810/1810 1811/1811 1817/1817
f 1810/1810 1817/1817 1816/1816
f 1811/1811 1812/1812 1818/1818
f 1811/1811 1818/1818 1817/1817
f 1812/1812 1813/1813 1819/1819
f 1812/1812 1819/1819 1818/1818
f 1814/1814 1815/1815 1821/1821
f 1814/1814 1821/1821 1820/1820
f 1815/1815 1816/1816 1822/1822
f 1815/1815 1822/1822 1821/1821
f 1816/1816 1817/1817 1823/1823
f 1816/1816 1823/1823 1822/1822
f 1817/1817 1818/1818 1824/1824
f 1817/1817 1824/1824 1823/1823
f 1818/1818 1819/1819 1825/1825
f 1818/1818 1825/1825 1824/1824
f 1820/1820 1821/1821 1827/1827
f 1820/1820 1827/1827 1826/1826
f 1821/1821 1822/1822 1828/1828
f 1821/1821 1828/1828 1827/1827
f 1822/1822 1823/1823 1829/1829
f 1822/1822 1829/1829 1828/1828
f 1823/1823 1824/1824 1830/1830
f 1823/1823 1830/1830 1829/1829
f 1824/1824 1825/1825 1831/1831
f 1824/1824 1831/1831 1830/1830
f 1826/1826 1827/1827 1833/1833
f 1826/1826 1833/1833 1832/1832
f 1827/1827 1828/1828 1834/1834
f 1827/1827 1834/1834 1833/1833
f 1828/1828 1829/1829 1835/1835
f 1828/1828 1835/1835 1834/1834
f 1829/1829 1830/1830 1836/1836
f 1829/1829 1836/1836 1835/1835
f 1830/1830 1831/1831 1837/1837
f 1830/1830 1837/1837 1836/1836
f 1838/1838 1840/1840 1841/1841
f 1838/1838 1841/1841 1839/1839
f 1840/1840 1842/1842 1843/1843
f 1840/1840 1843/1843 1841/1841
f 1842/1842 1844/1844 1845/1845
f 1842/1842 1845/1845 1843/1843
f 1844/1844 1846/1846 1847/1847
f 1844/1844 1847/1847 1845/1845
f 1846/1846 1848/1848 1849/1849
f 1846/1846 1849/1849 1847/1847
f 1848/1848 1850/1850 1851/1851
f 1848/1848 1851/1851 1849/1849
f 1850/1850 1852/1852 1853/1853
f 1850/1850 1853/1853 1851/1851
f 1852/1852 1854/1854 1855/1855
f 1852/1852 1855/1855 1853/1853
f 1854/1854 1856/1856 1857/1857
f 1854/1854 1857/1857 1855/1855
f 1856/1856 1858/1858 1859/1859
f 1856/1856 1859/1859 1857/1857
f 1858/1858 1860/1860 1861/1861
f 1858/1858 1861/1861 1859/1859
f 1860/1860 1862/1862 1863/1863
f 1860/1860 1863/1863 1861/1861
f 1864/1864 1840/1840 1838/1838
f 1864/1864 1842/1842 1840/1840
f 1864/1864 1844/1844 1842/1842
f 1864/1864 1846/1846 1844/1844
f 1864/1864 1848/1848 1846/1846
f 1864/1864 1850/1850 1848/1848
f 1864/1864 1852/1852 1850/1850
f 1864/1864 1854/1854 1852/1852
f 1864/1864 1856/1856 1854/1854
f 1864/1864 1858/1858 1856/1856
f 1864/1864 1860/1860 1858/1858
f 1864/1864 1862/1862 1860/1860
f 1865/1865 1867/1867 1868/1868
f 1865/1865 1868/1868 1866/1866
f 1867/1867 1869/1869 1870/1870
f 1867/1867 1870/1870 1868/1868
f 1869/1869 1871/1871 1872/1872
f 1869/1869 1872/1872 1870/1870
f 1871/1871 1873/1873 1874/1874
f 1871/1871 1874/1874 1872/1872
f 1875/1875 1867/1867 1865/1865
f 1875/1875 1869/1869 1867/1867
f 1875/1875 1871/1871 1869/1869
f 1875/1875 1873/1873 1871/1871
f 1876/1876 1878/1878 1879/1879
f 1876/1876 1879/1879 1877/1877
f 1878/1878 1880/1880 1881/1881
f 1878/1878 1881/1881 1879/1879
f 1880/1880 1882/1882 1883/1883
f 1880/1880 1883/1883 1881/1881
f 1882/1882 1884/1884 1885/1885
f 1882/1882 1885/1885 1883/1883
f 1886/1886 1878/1878 1876/1876
f 1886/1886 1880/1880 1878/1878
f 1886/1886 1882/1882 1880/1880
f 1886/1886 1884/1884 1882/1882
f 1887/1887 1889/1889 1890/1890
f 1887/1887 1890/1890 1888/1888
f 1889/1889 1891/1891 1892/1892
f 1889/1889 1892/1892 1890/1890
f 1891/1891 1893/1893 1894/1894
f 1891/1891 1894/1894 1892/1892
f 1893/1893 1895/1895 1896/1896
f 1893/1893 1896/1896 1894/1894
f 1897/1897 1889/1889 1887/1887
f 1897/1897 1891/1891 1889/1889
f 1897/1897 1893/1893 1891/1891
f 1897/1897 1895/1895 1893/1893
f 1898/1898 1900/1900 1901/1901
f 1898/1898 1901/1901 1899/1899
f 1900/1900 1902/1902 1903/1903
f 1900/1900 1903/1903 1901/1901
f 1902/1902 1904/1904 1905/1905
f 1902/1902 1905/1905 1903/1903
f 1904/1904 1906/1906 1907/1907
f 1904/1904 1907/1907 1905/1905
f 1908/1908 1900/1900 1898/1898
f 1908/1908 1902/1902 1900/1900
f 1908/1908 1904/1904 1902/1902
f 1908/1908 1906/1906 1904/1904
f 1909/1909 1911/1911 1912/1912
f 1909/1909 1912/1912 1910/1910
f 1911/1911 1913/1913 1914/1914
f 1911/1911 1914/1914 1912/1912
f 1913/1913 1915/1915 1916/1916
f 1913/1913 1916/1916 1914/1914
f 1915/1915 1917/1917 1918/1918
f 1915/1915 1918/1918 1916/1916
f 1919/1919 1911/1911 1909/1909
f 1919/1919 1913/1913 1911/1911
f 1919/1919 1915/1915 1913/1913
f 1919/1919 1917/1917 1915/1915
f 1920/1920 1922/1922 1923/1923
f 1920/1920 1923/1923 1921/1921
f 1922/1922 1924/1924 1925/1925
f 1922/1922 1925/1925 1923/1923
f 1924/1924 1926/1926 1927/1927
f 1924/1924 1927/1927 1925/1925
f 1926/1926 1928/1928 1929/1929
f 1926/1926 1929/1929 1927/1927
f 1930/1930 1922/1922 1920/1920
f 1930/1930 1924/1924 1922/1922
f 1930/1930 1926/1926 1924/1924
f 1930/1930 1928/1928 1926/1926
f 1931/1931 1933/1933 1934/1934
f 1931/1931 1934/1934 1932/1932
f 1933/1933 1935/1935 1936/1936
f 1933/1933 1936/1936 1934/1934
f 1935/1935 1937/1937 1938/1938
f 1935/1935 1938/1938 1936/1936
f 1937/1937 1939/1939 1940/1940
f 1937/1937 1940/1940 1938/1938
f 1941/1941 1933/1933 1931/1931
f 1941/1941 1935/1935 1933/1933
f 1941/1941 1937/1937 1935/1935
f 1941/1941 1939/1939 1937/1937
f 1942/1942 1944/1944 1945/1945
f 1942/1942 1945/1945 1943/1943
f 1944/1944 1946/1946 1947/1947
f 1944/1944 1947/1947 1945/1945
f 1946/1946 1948/1948 1949/1949
f 1946/1946 1949/1949 1947/1947
f 1948/1948 1950/1950 1951/1951
f 1948/1948 1951/1951 1949/1949
f 1952/1952 1944/1944 1942/1942
f 1952/1952 1946/1946 1944/1944
f 1952/1952 1948/1948 1946/1946
f 1952/1952 1950/1950 1948/1948
f 1953/1953 1955/1955 1956/1956
f 1953/1953 1956/1956 1954/1954
f 1955/1955 1957/1957 1958/1958
f 1955/1955 1958/1958 1956/1956
f 1957/1957 1959/1959 1960/1960
f 1957/1957 1960/1960 1958/1958
f 1959/1959 1961/1961 1962/1962
f 1959/1959 1962/1962 1960/1960
f 1963/1963 1955/1955 1953/1953
f 1963/1963 1957/1957 1955/1955
f 1963/1963 1959/1959 1957/1957
f 1963/1963 1961/1961 1959/1959
