# staff_red - original Tiangang Star staff recreation
o staff_red
v 2.2000 0.0000 2.0000
v 1.8423 -0.1778 2.4886
v 1.0386 -0.2217 2.6092
v 0.3941 -0.0987 2.2711
v 0.3941 0.0987 1.7289
v 1.0386 0.2217 1.3908
v 1.8423 0.1778 1.5114
v 2.2000 0.0000 2.0000
v 1.9821 0.8970 2.3265
v 1.6599 0.5733 2.7620
v 0.9358 0.2017 2.7634
v 0.3551 0.0620 2.3296
v 0.3551 0.2594 1.7873
v 0.9358 0.6452 1.5449
v 1.6599 0.9290 1.7848
v 1.9821 0.8970 2.3265
v 1.3717 1.6163 2.5883
v 1.1487 1.1757 2.9812
v 0.6476 0.5413 2.8870
v 0.2457 0.1908 2.3765
v 0.2457 0.3882 1.8342
v 0.6476 0.9848 1.6685
v 1.1487 1.5313 2.0041
v 1.3717 1.6163 2.5883
v 0.4895 2.0155 2.7336
v 0.4100 1.5100 3.1029
v 0.2311 0.7298 2.9555
v 0.0877 0.2623 2.4025
v 0.0877 0.4597 1.8603
v 0.2311 1.1732 1.7371
v 0.4100 1.8656 2.1257
v 0.4895 2.0155 2.7336
v -0.4895 2.0155 2.7336
v -0.4100 1.5100 3.1029
v -0.2311 0.7298 2.9555
v -0.0877 0.2623 2.4025
v -0.0877 0.4597 1.8603
v -0.2311 1.1732 1.7371
v -0.4100 1.8656 2.1257
v -0.4895 2.0155 2.7336
v -1.3717 1.6163 2.5883
v -1.1487 1.1757 2.9812
v -0.6476 0.5413 2.8870
v -0.2457 0.1908 2.3765
v -0.2457 0.3882 1.8342
v -0.6476 0.9848 1.6685
v -1.1487 1.5313 2.0041
v -1.3717 1.6163 2.5883
v -1.9821 0.8970 2.3265
v -1.6599 0.5733 2.7620
v -0.9358 0.2017 2.7634
v -0.3551 0.0620 2.3296
v -0.3551 0.2594 1.7873
v -0.9358 0.6452 1.5449
v -1.6599 0.9290 1.7848
v -1.9821 0.8970 2.3265
v -2.2000 0.0000 2.0000
v -1.8423 -0.1778 2.4886
v -1.0386 -0.2217 2.6092
v -0.3941 -0.0987 2.2711
v -0.3941 0.0987 1.7289
v -1.0386 0.2217 1.3908
v -1.8423 0.1778 1.5114
v -2.2000 0.0000 2.0000
v -1.9821 -0.8970 1.6735
v -1.6599 -0.9290 2.2152
v -0.9358 -0.6452 2.4551
v -0.3551 -0.2594 2.2127
v -0.3551 -0.0620 1.6704
v -0.9358 -0.2017 1.2366
v -1.6599 -0.5733 1.2380
v -1.9821 -0.8970 1.6735
v -1.3717 -1.6163 1.4117
v -1.1487 -1.5313 1.9959
v -0.6476 -0.9848 2.3315
v -0.2457 -0.3882 2.1658
v -0.2457 -0.1908 1.6235
v -0.6476 -0.5413 1.1130
v -1.1487 -1.1757 1.0188
v -1.3717 -1.6163 1.4117
v -0.4895 -2.0155 1.2664
v -0.4100 -1.8656 1.8743
v -0.2311 -1.1732 2.2629
v -0.0877 -0.4597 2.1397
v -0.0877 -0.2623 1.5975
v -0.2311 -0.7298 1.0445
v -0.4100 -1.5100 0.8971
v -0.4895 -2.0155 1.2664
v 0.4895 -2.0155 1.2664
v 0.4100 -1.8656 1.8743
v 0.2311 -1.1732 2.2629
v 0.0877 -0.4597 2.1397
v 0.0877 -0.2623 1.5975
v 0.2311 -0.7298 1.0445
v 0.4100 -1.5100 0.8971
v 0.4895 -2.0155 1.2664
v 1.3717 -1.6163 1.4117
v 1.1487 -1.5313 1.9959
v 0.6476 -0.9848 2.3315
v 0.2457 -0.3882 2.1658
v 0.2457 -0.1908 1.6235
v 0.6476 -0.5413 1.1130
v 1.1487 -1.1757 1.0188
v 1.3717 -1.6163 1.4117
v 1.9821 -0.8970 1.6735
v 1.6599 -0.9290 2.2152
v 0.9358 -0.6452 2.4551
v 0.3551 -0.2594 2.2127
v 0.3551 -0.0620 1.6704
v 0.9358 -0.2017 1.2366
v 1.6599 -0.5733 1.2380
v 1.9821 -0.8970 1.6735
v 2.2000 -0.0000 2.0000
v 1.8423 -0.1778 2.4886
v 1.0386 -0.2217 2.6092
v 0.3941 -0.0987 2.2711
v 0.3941 0.0987 1.7289
v 1.0386 0.2217 1.3908
v 1.8423 0.1778 1.5114
v 2.2000 -0.0000 2.0000
v 1.6092 -1.1231 4.1299
v 1.3711 -1.1510 4.6052
v 0.8362 -0.8256 4.8865
v 0.4072 -0.3919 4.7622
v 0.4072 -0.1765 4.3257
v 0.8362 -0.3416 3.9058
v 1.3711 -0.7629 3.8187
v 1.6092 -1.1231 4.1299
v 1.9932 -0.3858 4.4938
v 1.6984 -0.5228 4.9152
v 1.0357 -0.4425 5.0756
v 0.5044 -0.2053 4.8543
v 0.5044 0.0101 4.4178
v 1.0357 0.0415 4.0949
v 1.6984 -0.1347 4.1287
v 1.9932 -0.3858 4.4938
v 1.9825 0.4279 4.8954
v 1.6892 0.1706 5.2574
v 1.0302 -0.0196 5.2843
v 0.5017 0.0006 4.9559
v 0.5017 0.2160 4.5194
v 1.0302 0.4644 4.3036
v 1.6892 0.5587 4.4709
v 1.9825 0.4279 4.8954
v 1.5791 1.1569 5.2552
v 1.3455 0.7917 5.5639
v 0.8206 0.3592 5.4712
v 0.3996 0.1851 5.0469
v 0.3996 0.4004 4.6105
v 0.8206 0.8432 4.4905
v 1.3455 1.1798 4.7775
v 1.5791 1.1569 5.2552
v 0.8630 1.6568 5.5018
v 0.7353 1.2176 5.7741
v 0.4484 0.6189 5.5994
v 0.2184 0.3115 5.1093
v 0.2184 0.5269 4.6729
v 0.4484 1.1029 4.6187
v 0.7353 1.6057 4.9876
v 0.8630 1.6568 5.5018
v -0.0241 1.8285 5.5866
v -0.0205 1.3639 5.8463
v -0.0125 0.7081 5.6435
v -0.0061 0.3550 5.1308
v -0.0061 0.5704 4.6943
v -0.0125 1.1921 4.6628
v -0.0205 1.7520 5.0598
v -0.0241 1.8285 5.5866
v -0.9064 1.6380 5.4926
v -0.7723 1.2016 5.7662
v -0.4710 0.6092 5.5946
v -0.2294 0.3068 5.1070
v -0.2294 0.5222 4.6705
v -0.4710 1.0932 4.6139
v -0.7723 1.5897 4.9798
v -0.9064 1.6380 5.4926
v -1.6092 1.1231 5.2385
v -1.3711 0.7629 5.5497
v -0.8362 0.3416 5.4626
v -0.4072 0.1765 5.0427
v -0.4072 0.3919 4.6062
v -0.8362 0.8256 4.4819
v -1.3711 1.1510 4.7633
v -1.6092 1.1231 5.2385
v -1.9932 0.3858 4.8746
v -1.6984 0.1347 5.2397
v -1.0357 -0.0415 5.2735
v -0.5044 -0.0101 4.9506
v -0.5044 0.2053 4.5142
v -1.0357 0.4425 4.2928
v -1.6984 0.5228 4.4532
v -1.9932 0.3858 4.8746
v -1.9825 -0.4279 4.4730
v -1.6892 -0.5587 4.8975
v -1.0302 -0.4644 5.0648
v -0.5017 -0.2160 4.8490
v -0.5017 -0.0006 4.4125
v -1.0302 0.0196 4.0841
v -1.6892 -0.1706 4.1110
v -1.9825 -0.4279 4.4730
v -1.5791 -1.1569 4.1133
v -1.3455 -1.1798 4.5910
v -0.8206 -0.8432 4.8779
v -0.3996 -0.4004 4.7580
v -0.3996 -0.1851 4.3215
v -0.8206 -0.3592 3.8972
v -1.3455 -0.7917 3.8045
v -1.5791 -1.1569 4.1133
v -0.8630 -1.6568 3.8666
v -0.7353 -1.6057 4.3808
v -0.4484 -1.1029 4.7497
v -0.2184 -0.5269 4.6955
v -0.2184 -0.3115 4.2591
v -0.4484 -0.6189 3.7690
v -0.7353 -1.2176 3.5943
v -0.8630 -1.6568 3.8666
v 0.0241 -1.8285 3.7819
v 0.0205 -1.7520 4.3086
v 0.0125 -1.1921 4.7057
v 0.0061 -0.5704 4.6741
v 0.0061 -0.3550 4.2376
v 0.0125 -0.7081 3.7250
v 0.0205 -1.3639 3.5221
v 0.0241 -1.8285 3.7819
v 0.9064 -1.6380 3.8758
v 0.7723 -1.5897 4.3887
v 0.4710 -1.0932 4.7545
v 0.2294 -0.5222 4.6979
v 0.2294 -0.3068 4.2614
v 0.4710 -0.6092 3.7738
v 0.7723 -1.2016 3.6022
v 0.9064 -1.6380 3.8758
v 1.6092 -1.1231 4.1299
v 1.3711 -1.1510 4.6052
v 0.8362 -0.8256 4.8865
v 0.4072 -0.3919 4.7622
v 0.4072 -0.1765 4.3257
v 0.8362 -0.3416 3.9058
v 1.3711 -0.7629 3.8187
v 1.6092 -1.1231 4.1299
v 0.5435 -1.8988 6.3677
v 0.4522 -1.8319 7.0144
v 0.2469 -1.1771 7.5105
v 0.0823 -0.4275 7.4824
v 0.0823 -0.1476 6.9513
v 0.2469 -0.5481 6.3171
v 0.4522 -1.3275 6.0574
v 0.5435 -1.8988 6.3677
v 1.4210 -1.5021 6.5767
v 1.1822 -1.5019 7.1883
v 0.6455 -0.9969 7.6055
v 0.2152 -0.3675 7.5141
v 0.2152 -0.0875 6.9830
v 0.6455 -0.3679 6.4121
v 1.1822 -0.9975 6.2313
v 1.4210 -1.5021 6.5767
v 2.0170 -0.8079 6.9426
v 1.6780 -0.9243 7.4927
v 0.9163 -0.6815 7.7717
v 0.3055 -0.2623 7.5695
v 0.3055 0.0176 7.0384
v 0.9163 -0.0526 6.5783
v 1.6780 -0.4200 6.5357
v 2.0170 -0.8079 6.9426
v 2.2135 0.0463 7.3928
v 1.8415 -0.2137 7.8672
v 1.0056 -0.2935 7.9762
v 0.3352 -0.1329 7.6377
v 0.3352 0.1470 7.1066
v 1.0056 0.3355 6.7828
v 1.8415 0.2907 6.9102
v 2.2135 0.0463 7.3928
v 1.9716 0.8913 7.8382
v 1.6402 0.4893 8.2377
v 0.8957 0.0904 8.1785
v 0.2986 -0.0050 7.7051
v 0.2986 0.2749 7.1740
v 0.8957 0.7194 6.9851
v 1.6402 0.9937 7.2807
v 1.9716 0.8913 7.8382
v 1.3392 1.5598 8.1905
v 1.1141 1.0455 8.5308
v 0.6084 0.3941 8.3386
v 0.2028 0.0963 7.7585
v 0.2028 0.3762 7.2274
v 0.6084 1.0231 7.1452
v 1.1141 1.5499 7.5738
v 1.3392 1.5598 8.1905
v 0.4416 1.9194 8.3800
v 0.3674 1.3446 8.6885
v 0.2006 0.5575 8.4247
v 0.0669 0.1507 7.7872
v 0.0669 0.4307 7.2561
v 0.2006 1.1864 7.2313
v 0.3674 1.8490 7.7315
v 0.4416 1.9194 8.3800
v -0.5435 1.8988 8.3692
v -0.4522 1.3275 8.6795
v -0.2469 0.5481 8.4197
v -0.0823 0.1476 7.7855
v -0.0823 0.4275 7.2544
v -0.2469 1.1771 7.2264
v -0.4522 1.8319 7.7225
v -0.5435 1.8988 8.3692
v -1.4210 1.5021 8.1601
v -1.1822 0.9975 8.5055
v -0.6455 0.3679 8.3248
v -0.2152 0.0875 7.7539
v -0.2152 0.3675 7.2228
v -0.6455 0.9969 7.1314
v -1.1822 1.5019 7.5485
v -1.4210 1.5021 8.1601
v -2.0170 0.8079 7.7942
v -1.6780 0.4200 8.2012
v -0.9163 0.0526 8.1586
v -0.3055 -0.0176 7.6985
v -0.3055 0.2623 7.1674
v -0.9163 0.6815 6.9652
v -1.6780 0.9243 7.2442
v -2.0170 0.8079 7.7942
v -2.2135 -0.0463 7.3440
v -1.8415 -0.2907 7.8266
v -1.0056 -0.3355 7.9540
v -0.3352 -0.1470 7.6303
v -0.3352 0.1329 7.0992
v -1.0056 0.2935 6.7607
v -1.8415 0.2137 6.8696
v -2.2135 -0.0463 7.3440
v -1.9716 -0.8913 6.8987
v -1.6402 -0.9937 7.4561
v -0.8957 -0.7194 7.7517
v -0.2986 -0.2749 7.5628
v -0.2986 0.0050 7.0317
v -0.8957 -0.0904 6.5583
v -1.6402 -0.4893 6.4991
v -1.9716 -0.8913 6.8987
v -1.3392 -1.5598 6.5463
v -1.1141 -1.5499 7.1630
v -0.6084 -1.0231 7.5916
v -0.2028 -0.3762 7.5095
v -0.2028 -0.0963 6.9784
v -0.6084 -0.3941 6.3983
v -1.1141 -1.0455 6.2060
v -1.3392 -1.5598 6.5463
v -0.4416 -1.9194 6.3568
v -0.3674 -1.8490 7.0054
v -0.2006 -1.1864 7.5056
v -0.0669 -0.4307 7.4808
v -0.0669 -0.1507 6.9497
v -0.2006 -0.5575 6.3122
v -0.3674 -1.3446 6.0483
v -0.4416 -1.9194 6.3568
v 0.5435 -1.8988 6.3677
v 0.4522 -1.8319 7.0144
v 0.2469 -1.1771 7.5105
v 0.0823 -0.4275 7.4824
v 0.0823 -0.1476 6.9513
v 0.2469 -0.5481 6.3171
v 0.4522 -1.3275 6.0574
v 0.5435 -1.8988 6.3677
v -0.9249 -1.9349 9.2146
v -0.7602 -1.8273 9.9106
v -0.3902 -1.1116 10.3810
v -0.0935 -0.3269 10.2714
v -0.0935 -0.0641 9.6645
v -0.3902 -0.5209 9.0172
v -0.7602 -1.3536 8.8169
v -0.9249 -1.9349 9.2146
v 0.0816 -2.1116 9.1380
v 0.0670 -1.9724 9.8477
v 0.0344 -1.1862 10.3487
v 0.0082 -0.3448 10.2637
v 0.0082 -0.0819 9.6568
v 0.0344 -0.5955 8.9849
v 0.0670 -1.4987 8.7541
v 0.0816 -2.1116 9.1380
v 1.0719 -1.8700 9.2427
v 0.8811 -1.7739 9.9337
v 0.4522 -1.0842 10.3928
v 0.1083 -0.3204 10.2743
v 0.1083 -0.0575 9.6673
v 0.4522 -0.4935 9.0291
v 0.8811 -1.3002 8.8401
v 1.0719 -1.8700 9.2427
v 1.8499 -1.2580 9.5077
v 1.5206 -1.2709 10.1516
v 0.7804 -0.8261 10.5046
v 0.1869 -0.2585 10.3010
v 0.1869 0.0043 9.6941
v 0.7804 -0.2354 9.1409
v 1.5206 -0.7972 9.0579
v 1.8499 -1.2580 9.5077
v 2.2616 -0.3969 9.8807
v 1.8589 -0.5631 10.4582
v 0.9541 -0.4628 10.6620
v 0.2285 -0.1715 10.3387
v 0.2285 0.0913 9.7318
v 0.9541 0.1279 9.2982
v 1.8589 -0.0894 9.3645
v 2.2616 -0.3969 9.8807
v 2.2253 0.5428 10.2878
v 1.8291 0.2093 10.7927
v 0.9388 -0.0663 10.8337
v 0.2248 -0.0766 10.3799
v 0.2248 0.1863 9.7729
v 0.9388 0.5244 9.4699
v 1.8291 0.6830 9.6991
v 2.2253 0.5428 10.2878
v 1.7482 1.3750 10.6482
v 1.4370 0.8934 11.0890
v 0.7375 0.2847 10.9858
v 0.1766 0.0075 10.4163
v 0.1766 0.2704 9.8093
v 0.7375 0.8754 9.6220
v 1.4370 1.3671 9.9953
v 1.7482 1.3750 10.6482
v 0.9249 1.9349 10.8907
v 0.7602 1.3536 11.2883
v 0.3902 0.5209 11.0881
v 0.0935 0.0641 10.4408
v 0.0935 0.3269 9.8338
v 0.3902 1.1116 9.7243
v 0.7602 1.8273 10.1947
v 0.9249 1.9349 10.8907
v -0.0816 2.1116 10.9672
v -0.0670 1.4987 11.3512
v -0.0344 0.5955 11.1204
v -0.0082 0.0819 10.4485
v -0.0082 0.3448 9.8416
v -0.0344 1.1862 9.7566
v -0.0670 1.9724 10.2575
v -0.0816 2.1116 10.9672
v -1.0719 1.8700 10.8626
v -0.8811 1.3002 11.2652
v -0.4522 0.4935 11.0762
v -0.1083 0.0575 10.4379
v -0.1083 0.3204 9.8310
v -0.4522 1.0842 9.7124
v -0.8811 1.7739 10.1715
v -1.0719 1.8700 10.8626
v -1.8499 1.2580 10.5975
v -1.5206 0.7972 11.0473
v -0.7804 0.2354 10.9644
v -0.1869 -0.0043 10.4112
v -0.1869 0.2585 9.8042
v -0.7804 0.8261 9.6006
v -1.5206 1.2709 9.9537
v -1.8499 1.2580 10.5975
v -2.2616 0.3969 10.2245
v -1.8589 0.0894 10.7408
v -0.9541 -0.1279 10.8070
v -0.2285 -0.0913 10.3735
v -0.2285 0.1715 9.7665
v -0.9541 0.4628 9.4433
v -1.8589 0.5631 9.6471
v -2.2616 0.3969 10.2245
v -2.2253 -0.5428 9.8175
v -1.8291 -0.6830 10.4062
v -0.9388 -0.5244 10.6353
v -0.2248 -0.1863 10.3323
v -0.2248 0.0766 9.7254
v -0.9388 0.0663 9.2716
v -1.8291 -0.2093 9.3125
v -2.2253 -0.5428 9.8175
v -1.7482 -1.3750 9.4571
v -1.4370 -1.3671 10.1099
v -0.7375 -0.8754 10.4833
v -0.1766 -0.2704 10.2959
v -0.1766 -0.0075 9.6890
v -0.7375 -0.2847 9.1195
v -1.4370 -0.8934 9.0163
v -1.7482 -1.3750 9.4571
v -0.9249 -1.9349 9.2146
v -0.7602 -1.8273 9.9106
v -0.3902 -1.1116 10.3810
v -0.0935 -0.3269 10.2714
v -0.0935 -0.0641 9.6645
v -0.3902 -0.5209 9.0172
v -0.7602 -1.3536 8.8169
v -0.9249 -1.9349 9.2146
v -1.8271 -0.9482 12.4567
v -1.5370 -0.9335 12.9609
v -0.8853 -0.6289 13.1743
v -0.3627 -0.2636 12.9363
v -0.3627 -0.1129 12.4261
v -0.8853 -0.2901 12.0278
v -1.5370 -0.6619 12.0414
v -1.8271 -0.9482 12.4567
v -1.2171 -1.6146 12.2598
v -1.0239 -1.4941 12.7952
v -0.5898 -0.9517 13.0789
v -0.2416 -0.3959 12.8973
v -0.2416 -0.2452 12.3870
v -0.5898 -0.6130 11.9324
v -1.0239 -1.2225 11.8758
v -1.2171 -1.6146 12.2598
v -0.3661 -1.9611 12.1574
v -0.3080 -1.7856 12.7091
v -0.1774 -1.1197 13.0293
v -0.0727 -0.4647 12.8769
v -0.0727 -0.3140 12.3667
v -0.1774 -0.7809 11.8828
v -0.3080 -1.5140 11.7897
v -0.3661 -1.9611 12.1574
v 0.5574 -1.9193 12.1698
v 0.4689 -1.7504 12.7195
v 0.2701 -1.0994 13.0353
v 0.1107 -0.4564 12.8794
v 0.1107 -0.3057 12.3691
v 0.2701 -0.7607 11.8888
v 0.4689 -1.4788 11.8001
v 0.5574 -1.9193 12.1698
v 1.3705 -1.4973 12.2945
v 1.1530 -1.3954 12.8244
v 0.6641 -0.8949 13.0957
v 0.2721 -0.3726 12.9041
v 0.2721 -0.2219 12.3939
v 0.6641 -0.5562 11.9492
v 1.1530 -1.1238 11.9050
v 1.3705 -1.4973 12.2945
v 1.9122 -0.7787 12.5068
v 1.6087 -0.7909 13.0030
v 0.9266 -0.5467 13.1986
v 0.3796 -0.2300 12.9463
v 0.3796 -0.0792 12.4360
v 0.9266 -0.2080 12.0521
v 1.6087 -0.5193 12.0836
v 1.9122 -0.7787 12.5068
v 2.0751 0.0941 12.7646
v 1.7457 -0.0567 13.2199
v 1.0056 -0.1238 13.3236
v 0.4120 -0.0567 12.9975
v 0.4120 0.0941 12.4872
v 1.0056 0.2150 12.1771
v 1.7457 0.2150 12.3005
v 2.0751 0.0941 12.7646
v 1.8271 0.9482 13.0170
v 1.5370 0.6619 13.4322
v 0.8853 0.2901 13.4458
v 0.3627 0.1129 13.0476
v 0.3627 0.2636 12.5373
v 0.8853 0.6289 12.2993
v 1.5370 0.9335 12.5128
v 1.8271 0.9482 13.0170
v 1.2171 1.6146 13.2139
v 1.0239 1.2225 13.5979
v 0.5898 0.6130 13.5412
v 0.2416 0.2452 13.0867
v 0.2416 0.3959 12.5764
v 0.5898 0.9517 12.3947
v 1.0239 1.4941 12.6784
v 1.2171 1.6146 13.2139
v 0.3661 1.9611 13.3163
v 0.3080 1.5140 13.6840
v 0.1774 0.7809 13.5909
v 0.0727 0.3140 13.1070
v 0.0727 0.4647 12.5968
v 0.1774 1.1197 12.4444
v 0.3080 1.7856 12.7646
v 0.3661 1.9611 13.3163
v -0.5574 1.9193 13.3039
v -0.4689 1.4788 13.6736
v -0.2701 0.7607 13.5849
v -0.1107 0.3057 13.1045
v -0.1107 0.4564 12.5943
v -0.2701 1.0994 12.4384
v -0.4689 1.7504 12.7542
v -0.5574 1.9193 13.3039
v -1.3705 1.4973 13.1792
v -1.1530 1.1238 13.5687
v -0.6641 0.5562 13.5244
v -0.2721 0.2219 13.0798
v -0.2721 0.3726 12.5695
v -0.6641 0.8949 12.3780
v -1.1530 1.3954 12.6493
v -1.3705 1.4973 13.1792
v -1.9122 0.7787 12.9669
v -1.6087 0.5193 13.3901
v -0.9266 0.2080 13.4216
v -0.3796 0.0792 13.0376
v -0.3796 0.2300 12.5274
v -0.9266 0.5467 12.2751
v -1.6087 0.7909 12.4707
v -1.9122 0.7787 12.9669
v -2.0751 -0.0941 12.7090
v -1.7457 -0.2150 13.1732
v -1.0056 -0.2150 13.2966
v -0.4120 -0.0941 12.9864
v -0.4120 0.0567 12.4762
v -1.0056 0.1238 12.1501
v -1.7457 0.0567 12.2537
v -2.0751 -0.0941 12.7090
v -1.8271 -0.9482 12.4567
v -1.5370 -0.9335 12.9609
v -0.8853 -0.6289 13.1743
v -0.3627 -0.2636 12.9363
v -0.3627 -0.1129 12.4261
v -0.8853 -0.2901 12.0278
v -1.5370 -0.6619 12.0414
v -1.8271 -0.9482 12.4567
v -1.9922 0.3249 15.4912
v -1.6838 0.1788 15.9245
v -0.9910 0.0421 16.0098
v -0.4354 0.0178 15.6829
v -0.4354 0.1242 15.1899
v -0.9910 0.2812 14.9021
v -1.6838 0.3705 15.0362
v -1.9922 0.3249 15.4912
v -1.9391 -0.5521 15.3019
v -1.6390 -0.5625 15.7645
v -0.9646 -0.3942 15.9156
v -0.4238 -0.1739 15.6415
v -0.4238 -0.0675 15.1485
v -0.9646 -0.1551 14.8079
v -1.6390 -0.3708 14.8762
v -1.9391 -0.5521 15.3019
v -1.5020 -1.3199 15.1362
v -1.2695 -1.2115 15.6244
v -0.7472 -0.7761 15.8332
v -0.3283 -0.3417 15.6053
v -0.3283 -0.2353 15.1123
v -0.7472 -0.5370 14.7255
v -1.2695 -1.0197 14.7361
v -1.5020 -1.3199 15.1362
v -0.7674 -1.8262 15.0269
v -0.6486 -1.6394 15.5320
v -0.3818 -1.0280 15.7788
v -0.1677 -0.4524 15.5814
v -0.1677 -0.3460 15.0884
v -0.3818 -0.7889 14.6711
v -0.6486 -1.4477 14.6438
v -0.7674 -1.8262 15.0269
v 0.1192 -1.9708 14.9957
v 0.1008 -1.7616 15.5057
v 0.0593 -1.0999 15.7633
v 0.0261 -0.4840 15.5746
v 0.0261 -0.3776 15.0816
v 0.0593 -0.8609 14.6556
v 0.1008 -1.5699 14.6174
v 0.1192 -1.9708 14.9957
v 0.9822 -1.7251 15.0487
v 0.8302 -1.5539 15.5505
v 0.4886 -0.9777 15.7897
v 0.2147 -0.4303 15.5861
v 0.2147 -0.3239 15.0932
v 0.4886 -0.7386 14.6820
v 0.8302 -1.3622 14.6622
v 0.9822 -1.7251 15.0487
v 1.6506 -1.1377 15.1755
v 1.3952 -1.0575 15.6576
v 0.8211 -0.6855 15.8527
v 0.3608 -0.3019 15.6139
v 0.3608 -0.1955 15.1209
v 0.8211 -0.4464 14.7451
v 1.3952 -0.8657 14.7694
v 1.6506 -1.1377 15.1755
v 1.9922 -0.3249 15.3509
v 1.6838 -0.3705 15.8059
v 0.9910 -0.2812 15.9400
v 0.4354 -0.1242 15.6522
v 0.4354 -0.0178 15.1592
v 0.9910 -0.0421 14.8323
v 1.6838 -0.1788 14.9176
v 1.9922 -0.3249 15.3509
v 1.9391 0.5521 15.5402
v 1.6390 0.3708 15.9659
v 0.9646 0.1551 16.0342
v 0.4238 0.0675 15.6936
v 0.4238 0.1739 15.2006
v 0.9646 0.3942 14.9265
v 1.6390 0.5625 15.0776
v 1.9391 0.5521 15.5402
v 1.5020 1.3199 15.7059
v 1.2695 1.0197 16.1060
v 0.7472 0.5370 16.1166
v 0.3283 0.2353 15.7298
v 0.3283 0.3417 15.2368
v 0.7472 0.7761 15.0089
v 1.2695 1.2115 15.2177
v 1.5020 1.3199 15.7059
v 0.7674 1.8262 15.8152
v 0.6486 1.4477 16.1983
v 0.3818 0.7889 16.1710
v 0.1677 0.3460 15.7537
v 0.1677 0.4524 15.2607
v 0.3818 1.0280 15.0633
v 0.6486 1.6394 15.3101
v 0.7674 1.8262 15.8152
v -0.1192 1.9708 15.8464
v -0.1008 1.5699 16.2247
v -0.0593 0.8609 16.1865
v -0.0261 0.3776 15.7605
v -0.0261 0.4840 15.2676
v -0.0593 1.0999 15.0788
v -0.1008 1.7616 15.3364
v -0.1192 1.9708 15.8464
v -0.9822 1.7251 15.7934
v -0.8302 1.3622 16.1799
v -0.4886 0.7386 16.1601
v -0.2147 0.3239 15.7489
v -0.2147 0.4303 15.2560
v -0.4886 0.9777 15.0524
v -0.8302 1.5539 15.2916
v -0.9822 1.7251 15.7934
v -1.6506 1.1377 15.6666
v -1.3952 0.8657 16.0727
v -0.8211 0.4464 16.0970
v -0.3608 0.1955 15.7212
v -0.3608 0.3019 15.2282
v -0.8211 0.6855 14.9894
v -1.3952 1.0575 15.1845
v -1.6506 1.1377 15.6666
v -1.9922 0.3249 15.4912
v -1.6838 0.1788 15.9245
v -0.9910 0.0421 16.0098
v -0.4354 0.0178 15.6829
v -0.4354 0.1242 15.1899
v -0.9910 0.2812 14.9021
v -1.6838 0.3705 15.0362
v -1.9922 0.3249 15.4912
v -1.5119 1.5949 18.4975
v -1.2429 1.1732 18.9884
v -0.6384 0.5015 18.9700
v -0.1537 0.0856 18.4563
v -0.1537 0.2386 17.8340
v -0.6384 0.8454 17.5718
v -1.2429 1.4490 17.8671
v -1.5119 1.5949 18.4975
v -2.0748 0.7999 18.3020
v -1.7056 0.5197 18.8277
v -0.8761 0.1658 18.8875
v -0.2109 0.0048 18.4364
v -0.2109 0.1578 17.8141
v -0.8761 0.5097 17.4892
v -1.7056 0.7955 17.7063
v -2.0748 0.7999 18.3020
v -2.2267 -0.1535 18.0675
v -1.8305 -0.2641 18.6349
v -0.9402 -0.2368 18.7885
v -0.2263 -0.0921 18.4126
v -0.2263 0.0609 17.7903
v -0.9402 0.1071 17.3902
v -1.8305 0.0117 17.5136
v -2.2267 -0.1535 18.0675
v -1.9377 -1.0765 17.8405
v -1.5929 -1.0228 18.4483
v -0.8182 -0.6265 18.6926
v -0.1969 -0.1859 18.3895
v -0.1969 -0.0329 17.7672
v -0.8182 -0.2826 17.2943
v -1.5929 -0.7470 17.3269
v -1.9377 -1.0765 17.8405
v -1.2648 -1.7863 17.6659
v -1.0397 -1.6063 18.3048
v -0.5341 -0.9262 18.6189
v -0.1285 -0.2581 18.3718
v -0.1285 -0.1050 17.7495
v -0.5341 -0.5823 17.2206
v -1.0397 -1.3305 17.1834
v -1.2648 -1.7863 17.6659
v -0.3414 -2.1422 17.5784
v -0.2807 -1.8990 18.2328
v -0.1442 -1.0765 18.5819
v -0.0347 -0.2942 18.3629
v -0.0347 -0.1412 17.7406
v -0.1442 -0.7326 17.1836
v -0.2807 -1.6232 17.1115
v -0.3414 -2.1422 17.5784
v 0.6496 -2.0739 17.5952
v 0.5340 -1.8428 18.2466
v 0.2743 -1.0477 18.5890
v 0.0660 -0.2873 18.3646
v 0.0660 -0.1342 17.7423
v 0.2743 -0.7038 17.1907
v 0.5340 -1.5670 17.1253
v 0.6496 -2.0739 17.5952
v 1.5119 -1.5949 17.7130
v 1.2429 -1.4490 18.3435
v 0.6384 -0.8454 18.6388
v 0.1537 -0.2386 18.3765
v 0.1537 -0.0856 17.7543
v 0.6384 -0.5015 17.2405
v 1.2429 -1.1732 17.2221
v 1.5119 -1.5949 17.7130
v 2.0748 -0.7999 17.9085
v 1.7056 -0.7955 18.5042
v 0.8761 -0.5097 18.7213
v 0.2109 -0.1578 18.3964
v 0.2109 -0.0048 17.7741
v 0.8761 -0.1658 17.3231
v 1.7056 -0.5197 17.3829
v 2.0748 -0.7999 17.9085
v 2.2267 0.1535 18.1430
v 1.8305 -0.0117 18.6970
v 0.9402 -0.1071 18.8203
v 0.2263 -0.0609 18.4202
v 0.2263 0.0921 17.7980
v 0.9402 0.2368 17.4221
v 1.8305 0.2641 17.5756
v 2.2267 0.1535 18.1430
v 1.9377 1.0765 18.3700
v 1.5929 0.7470 18.8836
v 0.8182 0.2826 18.9162
v 0.1969 0.0329 18.4433
v 0.1969 0.1859 17.8210
v 0.8182 0.6265 17.5179
v 1.5929 1.0228 17.7623
v 1.9377 1.0765 18.3700
v 1.2648 1.7863 18.5446
v 1.0397 1.3305 19.0271
v 0.5341 0.5823 18.9899
v 0.1285 0.1050 18.4611
v 0.1285 0.2581 17.8388
v 0.5341 0.9262 17.5916
v 1.0397 1.6063 17.9058
v 1.2648 1.7863 18.5446
v 0.3414 2.1422 18.6322
v 0.2807 1.6232 19.0991
v 0.1442 0.7326 19.0269
v 0.0347 0.1412 18.4700
v 0.0347 0.2942 17.8477
v 0.1442 1.0765 17.6286
v 0.2807 1.8990 17.9777
v 0.3414 2.1422 18.6322
v -0.6496 2.0739 18.6154
v -0.5340 1.5670 19.0853
v -0.2743 0.7038 19.0198
v -0.0660 0.1342 18.4682
v -0.0660 0.2873 17.8460
v -0.2743 1.0477 17.6215
v -0.5340 1.8428 17.9639
v -0.6496 2.0739 18.6154
v -1.5119 1.5949 18.4975
v -1.2429 1.1732 18.9884
v -0.6384 0.5015 18.9700
v -0.1537 0.0856 18.4563
v -0.1537 0.2386 17.8340
v -0.6384 0.8454 17.5718
v -1.2429 1.4490 17.8671
v -1.5119 1.5949 18.4975
v -0.1823 2.0660 21.5469
v -0.1499 1.5022 21.9480
v -0.0771 0.6283 21.7777
v -0.0186 0.1023 21.1643
v -0.0186 0.3203 20.5696
v -0.0771 1.1182 20.4415
v -0.1499 1.8951 20.8765
v -0.1823 2.0660 21.5469
v -1.1190 1.7871 21.4447
v -0.9200 1.2729 21.8640
v -0.4730 0.5104 21.7345
v -0.1144 0.0737 21.1538
v -0.1144 0.2918 20.5591
v -0.4730 1.0003 20.3983
v -0.9200 1.6658 20.7924
v -1.1190 1.7871 21.4447
v -1.8341 1.1543 21.2127
v -1.5080 0.7526 21.6732
v -0.7752 0.2429 21.6365
v -0.1876 0.0090 21.1301
v -0.1876 0.2271 20.5354
v -0.7752 0.7328 20.3002
v -1.5080 1.1455 20.6016
v -1.8341 1.1543 21.2127
v -2.1858 0.2928 20.8968
v -1.7972 0.0443 21.4135
v -0.9239 -0.1212 21.5030
v -0.2235 -0.0791 21.0978
v -0.2235 0.1390 20.5031
v -0.9239 0.3687 20.1667
v -1.7972 0.4372 20.3420
v -2.1858 0.2928 20.8968
v -2.1047 -0.6266 20.5597
v -1.7305 -0.7116 21.1364
v -0.8896 -0.5098 21.3605
v -0.2152 -0.1731 21.0633
v -0.2152 0.0449 20.4686
v -0.8896 -0.0199 20.0243
v -1.7305 -0.3188 20.0648
v -2.1047 -0.6266 20.5597
v -1.6067 -1.4220 20.2681
v -1.3210 -1.3656 20.8966
v -0.6791 -0.8460 21.2372
v -0.1643 -0.2544 21.0335
v -0.1643 -0.0364 20.4388
v -0.6791 -0.3561 19.9010
v -1.3210 -0.9727 19.8251
v -1.6067 -1.4220 20.2681
v -0.7905 -1.9356 20.0798
v -0.6499 -1.7879 20.7418
v -0.3341 -1.0631 21.1576
v -0.0808 -0.3070 21.0142
v -0.0808 -0.0889 20.4196
v -0.3341 -0.5732 19.8214
v -0.6499 -1.3950 19.6702
v -0.7905 -1.9356 20.0798
v 0.1823 -2.0660 20.0320
v 0.1499 -1.8951 20.7025
v 0.0771 -1.1182 21.1374
v 0.0186 -0.3203 21.0094
v 0.0186 -0.1023 20.4147
v 0.0771 -0.6283 19.8012
v 0.1499 -1.5022 19.6309
v 0.1823 -2.0660 20.0320
v 1.1190 -1.7871 20.1343
v 0.9200 -1.6658 20.7866
v 0.4730 -1.0003 21.1807
v 0.1144 -0.2918 21.0198
v 0.1144 -0.0737 20.4251
v 0.4730 -0.5104 19.8444
v 0.9200 -1.2729 19.7150
v 1.1190 -1.7871 20.1343
v 1.8341 -1.1543 20.3663
v 1.5080 -1.1455 20.9773
v 0.7752 -0.7328 21.2787
v 0.1876 -0.2271 21.0435
v 0.1876 -0.0090 20.4489
v 0.7752 -0.2429 19.9425
v 1.5080 -0.7526 19.9057
v 1.8341 -1.1543 20.3663
v 2.1858 -0.2928 20.6821
v 1.7972 -0.4372 21.2370
v 0.9239 -0.3687 21.4122
v 0.2235 -0.1390 21.0758
v 0.2235 0.0791 20.4812
v 0.9239 0.1212 20.0760
v 1.7972 -0.0443 20.1654
v 2.1858 -0.2928 20.6821
v 2.1047 0.6266 21.0192
v 1.7305 0.3188 21.5142
v 0.8896 0.0199 21.5547
v 0.2152 -0.0449 21.1103
v 0.2152 0.1731 20.5156
v 0.8896 0.5098 20.2185
v 1.7305 0.7116 20.4426
v 2.1047 0.6266 21.0192
v 1.6067 1.4220 21.3108
v 1.3210 0.9727 21.7539
v 0.6791 0.3561 21.6779
v 0.1643 0.0364 21.1401
v 0.1643 0.2544 20.5454
v 0.6791 0.8460 20.3417
v 1.3210 1.3656 20.6823
v 1.6067 1.4220 21.3108
v 0.7905 1.9356 21.4991
v 0.6499 1.3950 21.9087
v 0.3341 0.5732 21.7575
v 0.0808 0.0889 21.1594
v 0.0808 0.3070 20.5647
v 0.3341 1.0631 20.4213
v 0.6499 1.7879 20.8372
v 0.7905 1.9356 21.4991
v -0.1823 2.0660 21.5469
v -0.1499 1.5022 21.9480
v -0.0771 0.6283 21.7777
v -0.0186 0.1023 21.1643
v -0.0186 0.3203 20.5696
v -0.0771 1.1182 20.4415
v -0.1499 1.8951 20.8765
v -0.1823 2.0660 21.5469
v 1.0798 1.4811 24.2073
v 0.9107 1.0497 24.4951
v 0.5308 0.4793 24.3364
v 0.2261 0.1994 23.8508
v 0.2261 0.4208 23.4038
v 0.5308 0.9767 23.3321
v 0.9107 1.4486 23.6897
v 1.0798 1.4811 24.2073
v 0.2558 1.7543 24.3426
v 0.2157 1.2801 24.6092
v 0.1257 0.6136 24.4029
v 0.0535 0.2566 23.8791
v 0.0535 0.4780 23.4321
v 0.1257 1.1110 23.3986
v 0.2157 1.6790 23.8038
v 0.2558 1.7543 24.3426
v -0.6190 1.6800 24.3058
v -0.5220 1.2174 24.5782
v -0.3042 0.5771 24.3848
v -0.1296 0.2410 23.8714
v -0.1296 0.4624 23.4244
v -0.3042 1.0745 23.3805
v -0.5220 1.6164 23.7728
v -0.6190 1.6800 24.3058
v -1.3711 1.2730 24.1042
v -1.1564 0.8742 24.4081
v -0.6739 0.3770 24.2858
v -0.2871 0.1558 23.8292
v -0.2871 0.3772 23.3822
v -0.6739 0.8744 23.2814
v -1.1564 1.2731 23.6028
v -1.3711 1.2730 24.1042
v -1.8516 0.6138 23.7777
v -1.5617 0.3182 24.1328
v -0.9102 0.0530 24.1253
v -0.3877 0.0178 23.7608
v -0.3877 0.2392 23.3139
v -0.9102 0.5504 23.1210
v -1.5617 0.7171 23.3274
v -1.8516 0.6138 23.7777
v -1.9655 -0.1669 23.3910
v -1.6577 -0.3402 23.8067
v -0.9661 -0.3308 23.9352
v -0.4115 -0.1456 23.6799
v -0.4115 0.0757 23.2329
v -0.9661 0.1667 22.9309
v -1.6577 0.0587 23.0013
v -1.9655 -0.1669 23.3910
v -1.6900 -0.9146 23.0207
v -1.4254 -0.9708 23.4943
v -0.8307 -0.6983 23.7532
v -0.3538 -0.3022 23.6023
v -0.3538 -0.0808 23.1554
v -0.8307 -0.2008 22.7489
v -1.4254 -0.5719 22.6889
v -1.6900 -0.9146 23.0207
v -1.0798 -1.4811 22.7401
v -0.9107 -1.4486 23.2577
v -0.5308 -0.9767 23.6153
v -0.2261 -0.4208 23.5436
v -0.2261 -0.1994 23.0966
v -0.5308 -0.4793 22.6109
v -0.9107 -1.0497 22.4523
v -1.0798 -1.4811 22.7401
v -0.2558 -1.7543 22.6048
v -0.2157 -1.6790 23.1436
v -0.1257 -1.1110 23.5487
v -0.0535 -0.4780 23.5152
v -0.0535 -0.2566 23.0683
v -0.1257 -0.6136 22.5444
v -0.2157 -1.2801 22.3382
v -0.2558 -1.7543 22.6048
v 0.6190 -1.6800 22.6416
v 0.5220 -1.6164 23.1746
v 0.3042 -1.0745 23.5668
v 0.1296 -0.4624 23.5230
v 0.1296 -0.2410 23.0760
v 0.3042 -0.5771 22.5625
v 0.5220 -1.2174 22.3692
v 0.6190 -1.6800 22.6416
v 1.3711 -1.2730 22.8432
v 1.1564 -1.2731 23.3446
v 0.6739 -0.8744 23.6659
v 0.2871 -0.3772 23.5652
v 0.2871 -0.1558 23.1182
v 0.6739 -0.3770 22.6616
v 1.1564 -0.8742 22.5392
v 1.3711 -1.2730 22.8432
v 1.8516 -0.6138 23.1697
v 1.5617 -0.7171 23.6200
v 0.9102 -0.5504 23.8264
v 0.3877 -0.2392 23.6335
v 0.3877 -0.0178 23.1866
v 0.9102 -0.0530 22.8221
v 1.5617 -0.3182 22.8146
v 1.8516 -0.6138 23.1697
v 1.9655 0.1669 23.5564
v 1.6577 -0.0587 23.9461
v 0.9661 -0.1667 24.0165
v 0.4115 -0.0757 23.7145
v 0.4115 0.1456 23.2675
v 0.9661 0.3308 23.0122
v 1.6577 0.3402 23.1407
v 1.9655 0.1669 23.5564
v 1.6900 0.9146 23.9267
v 1.4254 0.5719 24.2584
v 0.8307 0.2008 24.1985
v 0.3538 0.0808 23.7920
v 0.3538 0.3022 23.3450
v 0.8307 0.6983 23.1942
v 1.4254 0.9708 23.4530
v 1.6900 0.9146 23.9267
v 1.0798 1.4811 24.2073
v 0.9107 1.0497 24.4951
v 0.5308 0.4793 24.3364
v 0.2261 0.1994 23.8508
v 0.2261 0.4208 23.4038
v 0.5308 0.9767 23.3321
v 0.9107 1.4486 23.6897
v 1.0798 1.4811 24.2073
v 1.9215 0.5837 26.4651
v 1.6044 0.2604 26.8457
v 0.8918 -0.0121 26.8383
v 0.3204 -0.0286 26.4485
v 0.3204 0.2233 25.9698
v 0.8918 0.5540 25.7627
v 1.6044 0.7144 25.9832
v 1.9215 0.5837 26.4651
v 1.4450 1.2637 26.8230
v 1.2065 0.8281 27.1445
v 0.6707 0.3035 27.0044
v 0.2409 0.0847 26.5081
v 0.2409 0.3367 26.0295
v 0.6707 0.8696 25.9288
v 1.2065 1.2821 26.2820
v 1.4450 1.2637 26.8230
v 0.6823 1.6933 27.0491
v 0.5697 1.1869 27.3333
v 0.3167 0.5029 27.1093
v 0.1138 0.1564 26.5458
v 0.1138 0.4083 26.0672
v 0.3167 1.0690 26.0338
v 0.5697 1.6408 26.4708
v 0.6823 1.6933 27.0491
v -0.2155 1.7876 27.0988
v -0.1800 1.2656 27.3747
v -0.1000 0.5466 27.1324
v -0.0359 0.1721 26.5541
v -0.0359 0.4240 26.0754
v -0.1000 1.1127 26.0568
v -0.1800 1.7196 26.5122
v -0.2155 1.7876 27.0988
v -1.0707 1.5278 26.9620
v -0.8940 1.0487 27.2606
v -0.4969 0.4261 27.0689
v -0.1785 0.1288 26.5313
v -0.1785 0.3807 26.0526
v -0.4969 0.9921 25.9933
v -0.8940 1.5027 26.3981
v -1.0707 1.5278 26.9620
v -1.7137 0.9654 26.6660
v -1.4309 0.5791 27.0134
v -0.7954 0.1650 26.9315
v -0.2858 0.0350 26.4820
v -0.2858 0.2869 26.0033
v -0.7954 0.7311 25.8560
v -1.4309 1.0331 26.1509
v -1.7137 0.9654 26.6660
v -2.0174 0.2118 26.2694
v -1.6844 -0.0501 26.6822
v -0.9363 -0.1847 26.7474
v -0.3364 -0.0906 26.4158
v -0.3364 0.1613 25.9372
v -0.9363 0.3814 25.6719
v -1.6844 0.4039 25.8197
v -2.0174 0.2118 26.2694
v -1.9215 -0.5837 25.8507
v -1.6044 -0.7144 26.3326
v -0.8918 -0.5540 26.5531
v -0.3204 -0.2233 26.3460
v -0.3204 0.0286 25.8673
v -0.8918 0.0121 25.4775
v -1.6044 -0.2604 25.4701
v -1.9215 -0.5837 25.8507
v -1.4450 -1.2637 25.4928
v -1.2065 -1.2821 26.0338
v -0.6707 -0.8696 26.3870
v -0.2409 -0.3367 26.2863
v -0.2409 -0.0847 25.8077
v -0.6707 -0.3035 25.3114
v -1.2065 -0.8281 25.1713
v -1.4450 -1.2637 25.4928
v -0.6823 -1.6933 25.2667
v -0.5697 -1.6408 25.8450
v -0.3167 -1.0690 26.2820
v -0.1138 -0.4083 26.2486
v -0.1138 -0.1564 25.7700
v -0.3167 -0.5029 25.2065
v -0.5697 -1.1869 24.9825
v -0.6823 -1.6933 25.2667
v 0.2155 -1.7876 25.2170
v 0.1800 -1.7196 25.8036
v 0.1000 -1.1127 26.2590
v 0.0359 -0.4240 26.2403
v 0.0359 -0.1721 25.7617
v 0.1000 -0.5466 25.1834
v 0.1800 -1.2656 24.9410
v 0.2155 -1.7876 25.2170
v 1.0707 -1.5278 25.3538
v 0.8940 -1.5027 25.9177
v 0.4969 -0.9921 26.3224
v 0.1785 -0.3807 26.2631
v 0.1785 -0.1288 25.7845
v 0.4969 -0.4261 25.2469
v 0.8940 -1.0487 25.0552
v 1.0707 -1.5278 25.3538
v 1.7137 -0.9654 25.6498
v 1.4309 -1.0331 26.1649
v 0.7954 -0.7311 26.4598
v 0.2858 -0.2869 26.3125
v 0.2858 -0.0350 25.8338
v 0.7954 -0.1650 25.3843
v 1.4309 -0.5791 25.3024
v 1.7137 -0.9654 25.6498
v 2.0174 -0.2118 26.0464
v 1.6844 -0.4039 26.4961
v 0.9363 -0.3814 26.6439
v 0.3364 -0.1613 26.3786
v 0.3364 0.0906 25.9000
v 0.9363 0.1847 25.5684
v 1.6844 0.0501 25.6335
v 2.0174 -0.2118 26.0464
v 1.9215 0.5837 26.4651
v 1.6044 0.2604 26.8457
v 0.8918 -0.0121 26.8383
v 0.3204 -0.0286 26.4485
v 0.3204 0.2233 25.9698
v 0.8918 0.5540 25.7627
v 1.6044 0.7144 25.9832
v 1.9215 0.5837 26.4651
v 2.1027 -0.6630 28.5566
v 1.7130 -0.7770 29.1595
v 0.8375 -0.5594 29.4143
v 0.1353 -0.1741 29.1290
v 0.1353 0.0888 28.5185
v 0.8375 0.0313 28.0425
v 1.7130 -0.3033 28.0595
v 2.1027 -0.6630 28.5566
v 2.2077 0.2406 28.9457
v 1.7986 -0.0408 29.4765
v 0.8793 -0.1995 29.5692
v 0.1421 -0.1159 29.1540
v 0.1421 0.1469 28.5435
v 0.8793 0.3912 28.1975
v 1.7986 0.4329 28.3765
v 2.2077 0.2406 28.9457
v 1.8754 1.0965 29.3143
v 1.5278 0.6565 29.7768
v 0.7469 0.1414 29.7160
v 0.1207 -0.0609 29.1777
v 0.1207 0.2020 28.5673
v 0.7469 0.7321 28.3443
v 1.5278 1.1302 28.6768
v 1.8754 1.0965 29.3143
v 1.1717 1.7353 29.5893
v 0.9545 1.1769 30.0009
v 0.4667 0.3958 29.8256
v 0.0754 -0.0197 29.1954
v 0.0754 0.2431 28.5850
v 0.4667 0.9865 28.4539
v 0.9545 1.6506 28.9008
v 1.1717 1.7353 29.5893
v 0.2359 2.0304 29.7164
v 0.1922 1.4173 30.1044
v 0.0939 0.5133 29.8762
v 0.0152 -0.0007 29.2036
v 0.0152 0.2621 28.5931
v 0.0939 1.1040 28.5045
v 0.1922 1.8910 29.0044
v 0.2359 2.0304 29.7164
v -0.7466 1.9233 29.6703
v -0.6083 1.3300 30.0668
v -0.2974 0.4707 29.8578
v -0.0481 -0.0076 29.2006
v -0.0481 0.2552 28.5902
v -0.2974 1.0614 28.4861
v -0.6083 1.8037 28.9668
v -0.7466 1.9233 29.6703
v -1.5813 1.4353 29.4601
v -1.2882 0.9325 29.8956
v -0.6298 0.2763 29.7741
v -0.1018 -0.0391 29.1871
v -0.1018 0.2238 28.5767
v -0.6298 0.8670 28.4024
v -1.2882 1.4061 28.7956
v -1.5813 1.4353 29.4601
v -2.1027 0.6630 29.1276
v -1.7130 0.3033 29.6247
v -0.8375 -0.0313 29.6417
v -0.1353 -0.0888 29.1657
v -0.1353 0.1741 28.5552
v -0.8375 0.5594 28.2700
v -1.7130 0.7770 28.5247
v -2.1027 0.6630 29.1276
v -2.2077 -0.2406 28.7385
v -1.7986 -0.4329 29.3077
v -0.8793 -0.3912 29.4867
v -0.1421 -0.1469 29.1407
v -0.1421 0.1159 28.5302
v -0.8793 0.1995 28.1150
v -1.7986 0.0408 28.2077
v -2.2077 -0.2406 28.7385
v -1.8754 -1.0965 28.3699
v -1.5278 -1.1302 29.0074
v -0.7469 -0.7321 29.3399
v -0.1207 -0.2020 29.1169
v -0.1207 0.0609 28.5065
v -0.7469 -0.1414 27.9682
v -1.5278 -0.6565 27.9074
v -1.8754 -1.0965 28.3699
v -1.1717 -1.7353 28.0949
v -0.9545 -1.6506 28.7834
v -0.4667 -0.9865 29.2303
v -0.0754 -0.2431 29.0992
v -0.0754 0.0197 28.4888
v -0.4667 -0.3958 27.8586
v -0.9545 -1.1769 27.6833
v -1.1717 -1.7353 28.0949
v -0.2359 -2.0304 27.9678
v -0.1922 -1.8910 28.6799
v -0.0939 -1.1040 29.1797
v -0.0152 -0.2621 29.0911
v -0.0152 0.0007 28.4806
v -0.0939 -0.5133 27.8080
v -0.1922 -1.4173 27.5798
v -0.2359 -2.0304 27.9678
v 0.7466 -1.9233 28.0139
v 0.6083 -1.8037 28.7174
v 0.2974 -1.0614 29.1981
v 0.0481 -0.2552 29.0940
v 0.0481 0.0076 28.4836
v 0.2974 -0.4707 27.8264
v 0.6083 -1.3300 27.6174
v 0.7466 -1.9233 28.0139
v 1.5813 -1.4353 28.2241
v 1.2882 -1.4061 28.8886
v 0.6298 -0.8670 29.2818
v 0.1018 -0.2238 29.1076
v 0.1018 0.0391 28.4971
v 0.6298 -0.2763 27.9101
v 1.2882 -0.9325 27.7886
v 1.5813 -1.4353 28.2241
v 2.1027 -0.6630 28.5566
v 1.7130 -0.7770 29.1595
v 0.8375 -0.5594 29.4143
v 0.1353 -0.1741 29.1290
v 0.1353 0.0888 28.5185
v 0.8375 0.0313 28.0425
v 1.7130 -0.3033 28.0595
v 2.1027 -0.6630 28.5566
v 1.1427 -1.6784 31.0343
v 0.9424 -1.5340 31.6311
v 0.4925 -0.9101 31.9510
v 0.1317 -0.2765 31.7530
v 0.1317 -0.1104 31.1862
v 0.4925 -0.5367 30.6775
v 0.9424 -1.2345 30.6098
v 1.1427 -1.6784 31.0343
v 1.7884 -1.0364 31.2225
v 1.4750 -1.0045 31.7864
v 0.7708 -0.6334 32.0321
v 0.2061 -0.2025 31.7747
v 0.2061 -0.0364 31.2079
v 0.7708 -0.2600 30.7586
v 1.4750 -0.7051 30.7651
v 1.7884 -1.0364 31.2225
v 2.0799 -0.1891 31.4709
v 1.7154 -0.3057 31.9912
v 0.8965 -0.2682 32.1392
v 0.2397 -0.1049 31.8033
v 0.2397 0.0613 31.2365
v 0.8965 0.1052 30.8656
v 1.7154 -0.0063 30.9699
v 2.0799 -0.1891 31.4709
v 1.9594 0.6956 31.7302
v 1.6161 0.4240 32.2052
v 0.8445 0.1131 32.2510
v 0.2258 -0.0029 31.8332
v 0.2258 0.1632 31.2664
v 0.8445 0.4865 30.9774
v 1.6161 0.7234 31.1838
v 1.9594 0.6956 31.7302
v 1.4509 1.4425 31.9492
v 1.1966 1.0400 32.3858
v 0.6254 0.4351 32.3454
v 0.1672 0.0832 31.8584
v 0.1672 0.2493 31.2917
v 0.6254 0.8084 31.0718
v 1.1966 1.3394 31.3645
v 1.4509 1.4425 31.9492
v 0.6550 1.9037 32.0844
v 0.5402 1.4204 32.4973
v 0.2823 0.6339 32.4037
v 0.0755 0.1363 31.8740
v 0.0755 0.3025 31.3072
v 0.2823 1.0072 31.1301
v 0.5402 1.7198 31.4760
v 0.6550 1.9037 32.0844
v -0.2707 1.9879 32.1091
v -0.2232 1.4899 32.5176
v -0.1167 0.6701 32.4143
v -0.0312 0.1460 31.8769
v -0.0312 0.3122 31.3101
v -0.1167 1.0435 31.1407
v -0.2232 1.7893 31.4963
v -0.2707 1.9879 32.1091
v -1.1427 1.6784 32.0184
v -0.9424 1.2345 32.4428
v -0.4925 0.5367 32.3752
v -0.1317 0.1104 31.8664
v -0.1317 0.2765 31.2996
v -0.4925 0.9101 31.1016
v -0.9424 1.5340 31.4215
v -1.1427 1.6784 32.0184
v -1.7884 1.0364 31.8302
v -1.4750 0.7051 32.2876
v -0.7708 0.2600 32.2941
v -0.2061 0.0364 31.8447
v -0.2061 0.2025 31.2779
v -0.7708 0.6334 31.0205
v -1.4750 1.0045 31.2663
v -1.7884 1.0364 31.8302
v -2.0799 0.1891 31.5818
v -1.7154 0.0063 32.0827
v -0.8965 -0.1052 32.1870
v -0.2397 -0.0613 31.8161
v -0.2397 0.1049 31.2493
v -0.8965 0.2682 30.9134
v -1.7154 0.3057 31.0614
v -2.0799 0.1891 31.5818
v -1.9594 -0.6956 31.3224
v -1.6161 -0.7234 31.8688
v -0.8445 -0.4865 32.0752
v -0.2258 -0.1632 31.7862
v -0.2258 0.0029 31.2194
v -0.8445 -0.1131 30.8016
v -1.6161 -0.4240 30.8475
v -1.9594 -0.6956 31.3224
v -1.4509 -1.4425 31.1034
v -1.1966 -1.3394 31.6882
v -0.6254 -0.8084 31.9808
v -0.1672 -0.2493 31.7610
v -0.1672 -0.0832 31.1942
v -0.6254 -0.4351 30.7073
v -1.1966 -1.0400 30.6669
v -1.4509 -1.4425 31.1034
v -0.6550 -1.9037 30.9682
v -0.5402 -1.7198 31.5767
v -0.2823 -1.0072 31.9225
v -0.0755 -0.3025 31.7454
v -0.0755 -0.1363 31.1786
v -0.2823 -0.6339 30.6490
v -0.5402 -1.4204 30.5553
v -0.6550 -1.9037 30.9682
v 0.2707 -1.9879 30.9435
v 0.2232 -1.7893 31.5563
v 0.1167 -1.0435 31.9119
v 0.0312 -0.3122 31.7425
v 0.0312 -0.1460 31.1758
v 0.1167 -0.6701 30.6383
v 0.2232 -1.4899 30.5350
v 0.2707 -1.9879 30.9435
v 1.1427 -1.6784 31.0343
v 0.9424 -1.5340 31.6311
v 0.4925 -0.9101 31.9510
v 0.1317 -0.2765 31.7530
v 0.1317 -0.1104 31.1862
v 0.4925 -0.5367 30.6775
v 0.9424 -1.2345 30.6098
v 1.1427 -1.6784 31.0343
v -0.1573 -1.8557 33.8109
v -0.1324 -1.6544 34.3021
v -0.0765 -1.0178 34.5499
v -0.0317 -0.4252 34.3675
v -0.0317 -0.3229 33.8924
v -0.0765 -0.7879 33.4824
v -0.1324 -1.4701 33.4461
v -0.1573 -1.8557 33.8109
v 0.6819 -1.7387 33.8361
v 0.5741 -1.5559 34.3234
v 0.3318 -0.9608 34.5621
v 0.1374 -0.4016 34.3726
v 0.1374 -0.2993 33.8975
v 0.3318 -0.7310 33.4946
v 0.5741 -1.3715 33.4673
v 0.6819 -1.7387 33.8361
v 1.3860 -1.2772 33.9355
v 1.1669 -1.1674 34.4070
v 0.6743 -0.7363 34.6105
v 0.2794 -0.3086 34.3926
v 0.2794 -0.2063 33.9175
v 0.6743 -0.5065 33.5430
v 1.1669 -0.9831 33.5509
v 1.3860 -1.2772 33.9355
v 1.8157 -0.5629 34.0893
v 1.5285 -0.5660 34.5365
v 0.8834 -0.3888 34.6853
v 0.3660 -0.1646 34.4236
v 0.3660 -0.0623 33.9486
v 0.8834 -0.1589 33.6178
v 1.5285 -0.3817 33.6805
v 1.8157 -0.5629 34.0893
v 1.8857 0.2630 34.2672
v 1.5875 0.1293 34.6862
v 0.9174 0.0130 34.7718
v 0.3801 0.0019 34.4595
v 0.3801 0.1042 33.9844
v 0.9174 0.2429 33.7043
v 1.5875 0.3136 33.8302
v 1.8857 0.2630 34.2672
v 1.5822 1.0368 34.4338
v 1.3320 0.7807 34.8265
v 0.7698 0.3895 34.8529
v 0.3189 0.1578 34.4931
v 0.3189 0.2601 34.0180
v 0.7698 0.6194 33.7854
v 1.3320 0.9650 33.9705
v 1.5822 1.0368 34.4338
v 0.9653 1.6052 34.5562
v 0.8127 1.2592 34.9296
v 0.4697 0.6660 34.9124
v 0.1946 0.2724 34.5177
v 0.1946 0.3747 34.0427
v 0.4697 0.8959 33.8450
v 0.8127 1.4436 34.0735
v 0.9653 1.6052 34.5562
v 0.1573 1.8557 34.6101
v 0.1324 1.4701 34.9750
v 0.0765 0.7879 34.9387
v 0.0317 0.3229 34.5286
v 0.0317 0.4252 34.0535
v 0.0765 1.0178 33.8712
v 0.1324 1.6544 34.1189
v 0.1573 1.8557 34.6101
v -0.6819 1.7387 34.5849
v -0.5741 1.3715 34.9538
v -0.3318 0.7310 34.9264
v -0.1374 0.2993 34.5235
v -0.1374 0.4016 34.0485
v -0.3318 0.9608 33.8589
v -0.5741 1.5559 34.0977
v -0.6819 1.7387 34.5849
v -1.3860 1.2772 34.4856
v -1.1669 0.9831 34.8701
v -0.6743 0.5065 34.8781
v -0.2794 0.2063 34.5035
v -0.2794 0.3086 34.0284
v -0.6743 0.7363 33.8106
v -1.1669 1.1674 34.0140
v -1.3860 1.2772 34.4856
v -1.8157 0.5629 34.3317
v -1.5285 0.3817 34.7406
v -0.8834 0.1589 34.8032
v -0.3660 0.0623 34.4725
v -0.3660 0.1646 33.9974
v -0.8834 0.3888 33.7357
v -1.5285 0.5660 33.8845
v -1.8157 0.5629 34.3317
v -1.8857 -0.2630 34.1539
v -1.5875 -0.3136 34.5909
v -0.9174 -0.2429 34.7167
v -0.3801 -0.1042 34.4366
v -0.3801 -0.0019 33.9616
v -0.9174 -0.0130 33.6492
v -1.5875 -0.1293 33.7348
v -1.8857 -0.2630 34.1539
v -1.5822 -1.0368 33.9873
v -1.3320 -0.9650 34.4506
v -0.7698 -0.6194 34.6356
v -0.3189 -0.2601 34.4031
v -0.3189 -0.1578 33.9280
v -0.7698 -0.3895 33.5682
v -1.3320 -0.7807 33.5945
v -1.5822 -1.0368 33.9873
v -0.9653 -1.6052 33.8649
v -0.8127 -1.4436 34.3476
v -0.4697 -0.8959 34.5761
v -0.1946 -0.3747 34.3784
v -0.1946 -0.2724 33.9033
v -0.4697 -0.6660 33.5086
v -0.8127 -1.2592 33.4915
v -0.9653 -1.6052 33.8649
v -0.1573 -1.8557 33.8109
v -0.1324 -1.6544 34.3021
v -0.0765 -1.0178 34.5499
v -0.0317 -0.4252 34.3675
v -0.0317 -0.3229 33.8924
v -0.0765 -0.7879 33.4824
v -0.1324 -1.4701 33.4461
v -0.1573 -1.8557 33.8109
v -1.3945 -1.4704 36.5307
v -1.1481 -1.3377 37.1084
v -0.5944 -0.7852 37.3797
v -0.1504 -0.2291 37.1404
v -0.1504 -0.0880 36.5706
v -0.5944 -0.4683 36.0995
v -1.1481 -1.0835 36.0817
v -1.3945 -1.4704 36.5307
v -0.5991 -1.9121 36.4214
v -0.4933 -1.7013 37.0184
v -0.2554 -0.9735 37.3331
v -0.0646 -0.2767 37.1286
v -0.0646 -0.1357 36.5588
v -0.2554 -0.6566 36.0528
v -0.4933 -1.4472 35.9917
v -0.5991 -1.9121 36.4214
v 0.3149 -1.9751 36.4058
v 0.2592 -1.7532 37.0055
v 0.1342 -1.0003 37.3265
v 0.0340 -0.2835 37.1269
v 0.0340 -0.1425 36.5571
v 0.1342 -0.6834 36.0462
v 0.2592 -1.4990 35.9789
v 0.3149 -1.9751 36.4058
v 1.1665 -1.6469 36.4871
v 0.9604 -1.4829 37.0724
v 0.4972 -0.8604 37.3611
v 0.1258 -0.2481 37.1357
v 0.1258 -0.1071 36.5659
v 0.4972 -0.5435 36.0808
v 0.9604 -1.2288 36.0457
v 1.1665 -1.6469 36.4871
v 1.7871 -0.9925 36.6490
v 1.4713 -0.9442 37.2058
v 0.7618 -0.5815 37.4301
v 0.1927 -0.1775 37.1531
v 0.1927 -0.0365 36.5834
v 0.7618 -0.2646 36.1499
v 1.4713 -0.6900 36.1791
v 1.7871 -0.9925 36.6490
v 2.0538 -0.1415 36.8597
v 1.6909 -0.2436 37.3792
v 0.8754 -0.2188 37.5199
v 0.2215 -0.0858 37.1758
v 0.2215 0.0553 36.6061
v 0.8754 0.0981 36.2397
v 1.6909 0.0106 36.3526
v 2.0538 -0.1415 36.8597
v 1.9136 0.7375 37.0773
v 1.5755 0.4801 37.5584
v 0.8157 0.1559 37.6127
v 0.2064 0.0090 37.1993
v 0.2064 0.1501 36.6295
v 0.8157 0.4728 36.3324
v 1.5755 0.7342 36.5317
v 1.9136 0.7375 37.0773
v 1.3945 1.4704 37.2587
v 1.1481 1.0835 37.7078
v 0.5944 0.4683 37.6900
v 0.1504 0.0880 37.2189
v 0.1504 0.2291 36.6491
v 0.5944 0.7852 36.4098
v 1.1481 1.3377 36.6811
v 1.3945 1.4704 37.2587
v 0.5991 1.9121 37.3681
v 0.4933 1.4472 37.7978
v 0.2554 0.6566 37.7366
v 0.0646 0.1357 37.2307
v 0.0646 0.2767 36.6609
v 0.2554 0.9735 36.4564
v 0.4933 1.7013 36.7711
v 0.5991 1.9121 37.3681
v -0.3149 1.9751 37.3837
v -0.2592 1.4990 37.8106
v -0.1342 0.6834 37.7433
v -0.0340 0.1425 37.2323
v -0.0340 0.2835 36.6626
v -0.1342 1.0003 36.4630
v -0.2592 1.7532 36.7839
v -0.3149 1.9751 37.3837
v -1.1665 1.6469 37.3024
v -0.9604 1.2288 37.7437
v -0.4972 0.5435 37.7086
v -0.1258 0.1071 37.2236
v -0.1258 0.2481 36.6538
v -0.4972 0.8604 36.4284
v -0.9604 1.4829 36.7170
v -1.1665 1.6469 37.3024
v -1.7871 0.9925 37.1404
v -1.4713 0.6900 37.6104
v -0.7618 0.2646 37.6396
v -0.1927 0.0365 37.2061
v -0.1927 0.1775 36.6363
v -0.7618 0.5815 36.3593
v -1.4713 0.9442 36.5837
v -1.7871 0.9925 37.1404
v -2.0538 0.1415 36.9298
v -1.6909 -0.0106 37.4369
v -0.8754 -0.0981 37.5498
v -0.2215 -0.0553 37.1834
v -0.2215 0.0858 36.6136
v -0.8754 0.2188 36.2695
v -1.6909 0.2436 36.4102
v -2.0538 0.1415 36.9298
v -1.9136 -0.7375 36.7122
v -1.5755 -0.7342 37.2578
v -0.8157 -0.4728 37.4570
v -0.2064 -0.1501 37.1599
v -0.2064 -0.0090 36.5902
v -0.8157 -0.1559 36.1768
v -1.5755 -0.4801 36.2311
v -1.9136 -0.7375 36.7122
v -1.3945 -1.4704 36.5307
v -1.1481 -1.3377 37.1084
v -0.5944 -0.7852 37.3797
v -0.1504 -0.2291 37.1404
v -0.1504 -0.0880 36.5706
v -0.5944 -0.4683 36.0995
v -1.1481 -1.0835 36.0817
v -1.3945 -1.4704 36.5307
v -2.1466 -0.3360 39.4549
v -1.7397 -0.4801 40.0409
v -0.8253 -0.3882 40.2327
v -0.0920 -0.1297 39.8858
v -0.0920 0.1009 39.2614
v -0.8253 0.1299 38.8297
v -1.7397 -0.0646 38.9158
v -2.1466 -0.3360 39.4549
v -1.7786 -1.1765 39.1445
v -1.4414 -1.1612 39.7894
v -0.6838 -0.7114 40.1134
v -0.0762 -0.1657 39.8725
v -0.0762 0.0649 39.2481
v -0.6838 -0.1932 38.7104
v -1.4414 -0.7457 38.6643
v -1.7786 -1.1765 39.1445
v -1.0583 -1.7839 38.9202
v -0.8577 -1.6534 39.6076
v -0.4069 -0.9449 40.0272
v -0.0454 -0.1917 39.8629
v -0.0454 0.0388 39.2385
v -0.4069 -0.4268 38.6242
v -0.8577 -1.2379 38.4825
v -1.0583 -1.7839 38.9202
v -0.1284 -2.0380 38.8263
v -0.1041 -1.8594 39.5316
v -0.0494 -1.0426 39.9911
v -0.0055 -0.2026 39.8589
v -0.0055 0.0279 39.2345
v -0.0494 -0.5245 38.5881
v -0.1041 -1.4439 38.4064
v -0.1284 -2.0380 38.8263
v 0.8269 -1.8884 38.8816
v 0.6701 -1.7382 39.5763
v 0.3179 -0.9851 40.0123
v 0.0354 -0.1962 39.8613
v 0.0354 0.0344 39.2369
v 0.3179 -0.4670 38.6093
v 0.6701 -1.3227 38.4512
v 0.8269 -1.8884 38.8816
v 1.6184 -1.3649 39.0749
v 1.3116 -1.3139 39.7330
v 0.6222 -0.7838 40.0867
v 0.0694 -0.1738 39.8695
v 0.0694 0.0568 39.2451
v 0.6222 -0.2657 38.6837
v 1.3116 -0.8984 38.6079
v 1.6184 -1.3649 39.0749
v 2.0895 -0.5710 39.3681
v 1.6933 -0.6705 39.9706
v 0.8033 -0.4786 40.1994
v 0.0895 -0.1398 39.8821
v 0.0895 0.0908 39.2577
v 0.8033 0.0396 38.7964
v 1.6933 -0.2550 38.8455
v 2.0895 -0.5710 39.3681
v 2.1466 0.3360 39.7030
v 1.7397 0.0646 40.2421
v 0.8253 -0.1299 40.3282
v 0.0920 -0.1009 39.8965
v 0.0920 0.1297 39.2721
v 0.8253 0.3882 38.9252
v 1.7397 0.4801 39.1170
v 2.1466 0.3360 39.7030
v 1.7786 1.1765 40.0134
v 1.4414 0.7457 40.4936
v 0.6838 0.1932 40.4475
v 0.0762 -0.0649 39.9098
v 0.0762 0.1657 39.2854
v 0.6838 0.7114 39.0445
v 1.4414 1.1612 39.3685
v 1.7786 1.1765 40.0134
v 1.0583 1.7839 40.2377
v 0.8577 1.2379 40.6754
v 0.4069 0.4268 40.5337
v 0.0454 -0.0388 39.9194
v 0.0454 0.1917 39.2950
v 0.4069 0.9449 39.1307
v 0.8577 1.6534 39.5503
v 1.0583 1.7839 40.2377
v 0.1284 2.0380 40.3316
v 0.1041 1.4439 40.7514
v 0.0494 0.5245 40.5698
v 0.0055 -0.0279 39.9234
v 0.0055 0.2026 39.2990
v 0.0494 1.0426 39.1668
v 0.1041 1.8594 39.6263
v 0.1284 2.0380 40.3316
v -0.8269 1.8884 40.2763
v -0.6701 1.3227 40.7067
v -0.3179 0.4670 40.5486
v -0.0354 -0.0344 39.9210
v -0.0354 0.1962 39.2966
v -0.3179 0.9851 39.1456
v -0.6701 1.7382 39.5816
v -0.8269 1.8884 40.2763
v -1.6184 1.3649 40.0830
v -1.3116 0.8984 40.5500
v -0.6222 0.2657 40.4742
v -0.0694 -0.0568 39.9127
v -0.0694 0.1738 39.2884
v -0.6222 0.7838 39.0712
v -1.3116 1.3139 39.4249
v -1.6184 1.3649 40.0830
v -2.0895 0.5710 39.7898
v -1.6933 0.2550 40.3124
v -0.8033 -0.0396 40.3615
v -0.0895 -0.0908 39.9002
v -0.0895 0.1398 39.2758
v -0.8033 0.4786 38.9585
v -1.6933 0.6705 39.1873
v -2.0895 0.5710 39.7898
v -2.1466 -0.3360 39.4549
v -1.7397 -0.4801 40.0409
v -0.8253 -0.3882 40.2327
v -0.0920 -0.1297 39.8858
v -0.0920 0.1009 39.2614
v -0.8253 0.1299 38.8297
v -1.7397 -0.0646 38.9158
v -2.1466 -0.3360 39.4549
v -1.7278 0.8373 42.6793
v -1.4310 0.4752 43.0470
v -0.7643 0.0982 42.9949
v -0.2296 -0.0099 42.5622
v -0.2296 0.2324 42.0747
v -0.7643 0.6426 41.8996
v -1.4310 0.9118 42.1687
v -1.7278 0.8373 42.6793
v -1.9624 0.0831 42.3045
v -1.6253 -0.1495 42.7365
v -0.8680 -0.2355 42.8291
v -0.2607 -0.1101 42.5124
v -0.2607 0.1322 42.0249
v -0.8680 0.3090 41.7338
v -1.6253 0.2871 41.8582
v -1.9624 0.0831 42.3045
v -1.8083 -0.6876 41.9214
v -1.4977 -0.7878 42.4193
v -0.7999 -0.5764 42.6596
v -0.2403 -0.2125 42.4615
v -0.2403 0.0298 41.9740
v -0.7999 -0.0319 41.5643
v -1.4977 -0.3512 41.5409
v -1.8083 -0.6876 41.9214
v -1.2961 -1.3221 41.6060
v -1.0735 -1.3133 42.1580
v -0.5733 -0.8570 42.5201
v -0.1722 -0.2968 42.4196
v -0.1722 -0.0545 41.9321
v -0.5733 -0.3126 41.4248
v -1.0735 -0.8767 41.2797
v -1.2961 -1.3221 41.6060
v -0.5271 -1.6947 41.4208
v -0.4366 -1.6220 42.0046
v -0.2332 -1.0219 42.4382
v -0.0700 -0.3463 42.3950
v -0.0700 -0.1040 41.9075
v -0.2332 -0.4774 41.3429
v -0.4366 -1.1854 41.1263
v -0.5271 -1.6947 41.4208
v 0.3462 -1.7317 41.4024
v 0.2868 -1.6526 41.9894
v 0.1531 -1.0382 42.4301
v 0.0460 -0.3512 42.3925
v 0.0460 -0.1089 41.9051
v 0.1531 -0.4938 41.3348
v 0.2868 -1.2160 41.1111
v 0.3462 -1.7317 41.4024
v 1.1510 -1.4257 41.5545
v 0.9533 -1.3991 42.1154
v 0.5091 -0.9029 42.4973
v 0.1529 -0.3106 42.4127
v 0.1529 -0.0683 41.9253
v 0.5091 -0.3584 41.4020
v 0.9533 -0.9625 41.2370
v 1.1510 -1.4257 41.5545
v 1.7278 -0.8373 41.8470
v 1.4310 -0.9118 42.3576
v 0.7643 -0.6426 42.6267
v 0.2296 -0.2324 42.4516
v 0.2296 0.0099 41.9641
v 0.7643 -0.0982 41.5314
v 1.4310 -0.4752 41.4793
v 1.7278 -0.8373 41.8470
v 1.9624 -0.0831 42.2219
v 1.6253 -0.2871 42.6681
v 0.8680 -0.3090 42.7925
v 0.2607 -0.1322 42.5014
v 0.2607 0.1101 42.0139
v 0.8680 0.2355 41.6972
v 1.6253 0.1495 41.7898
v 1.9624 -0.0831 42.2219
v 1.8083 0.6876 42.6049
v 1.4977 0.3512 42.9854
v 0.7999 0.0319 42.9620
v 0.2403 -0.0298 42.5523
v 0.2403 0.2125 42.0648
v 0.7999 0.5764 41.8667
v 1.4977 0.7878 42.1071
v 1.8083 0.6876 42.6049
v 1.2961 1.3221 42.9203
v 1.0735 0.8767 43.2466
v 0.5733 0.3126 43.1015
v 0.1722 0.0545 42.5942
v 0.1722 0.2968 42.1067
v 0.5733 0.8570 42.0062
v 1.0735 1.3133 42.3683
v 1.2961 1.3221 42.9203
v 0.5271 1.6947 43.1055
v 0.4366 1.1854 43.4000
v 0.2332 0.4774 43.1834
v 0.0700 0.1040 42.6188
v 0.0700 0.3463 42.1314
v 0.2332 1.0219 42.0881
v 0.4366 1.6220 42.5217
v 0.5271 1.6947 43.1055
v -0.3462 1.7317 43.1239
v -0.2868 1.2160 43.4153
v -0.1531 0.4938 43.1916
v -0.0460 0.1089 42.6213
v -0.0460 0.3512 42.1338
v -0.1531 1.0382 42.0963
v -0.2868 1.6526 42.5369
v -0.3462 1.7317 43.1239
v -1.1510 1.4257 42.9718
v -0.9533 0.9625 43.2893
v -0.5091 0.3584 43.1243
v -0.1529 0.0683 42.6010
v -0.1529 0.3106 42.1136
v -0.5091 0.9029 42.0290
v -0.9533 1.3991 42.4109
v -1.1510 1.4257 42.9718
v -1.7278 0.8373 42.6793
v -1.4310 0.4752 43.0470
v -0.7643 0.0982 42.9949
v -0.2296 -0.0099 42.5622
v -0.2296 0.2324 42.0747
v -0.7643 0.6426 41.8996
v -1.4310 0.9118 42.1687
v -1.7278 0.8373 42.6793
v -0.7529 1.5195 45.7460
v -0.6292 1.0615 46.0111
v -0.3512 0.4490 45.8141
v -0.1282 0.1432 45.3033
v -0.1282 0.3744 44.8634
v -0.3512 0.9685 44.8256
v -0.6292 1.4781 45.2184
v -0.7529 1.5195 45.7460
v -1.4232 1.0798 45.5149
v -1.1893 0.6941 45.8180
v -0.6638 0.2439 45.7063
v -0.2424 0.0683 45.2640
v -0.2424 0.2995 44.8241
v -0.6638 0.7634 44.7179
v -1.1893 1.1107 45.0253
v -1.4232 1.0798 45.5149
v -1.8115 0.4263 45.1714
v -1.5138 0.1479 45.5309
v -0.8449 -0.0609 45.5461
v -0.3085 -0.0430 45.2055
v -0.3085 0.1882 44.7656
v -0.8449 0.4586 44.5576
v -1.5138 0.5645 44.7383
v -1.8115 0.4263 45.1714
v -1.8411 -0.3117 44.7836
v -1.5385 -0.4688 45.2068
v -0.8587 -0.4051 45.3652
v -0.3135 -0.1687 45.1394
v -0.3135 0.0625 44.6995
v -0.8587 0.1144 44.3767
v -1.5385 -0.0522 44.4141
v -1.8411 -0.3117 44.7836
v -1.5060 -0.9879 44.4282
v -1.2585 -1.0339 44.9098
v -0.7024 -0.7205 45.1994
v -0.2565 -0.2838 45.0789
v -0.2565 -0.0526 44.6390
v -0.7024 -0.2010 44.2110
v -1.2585 -0.6173 44.1171
v -1.5060 -0.9879 44.4282
v -0.8726 -1.4685 44.1756
v -0.7292 -1.4355 44.6987
v -0.4070 -0.9447 45.0816
v -0.1486 -0.3657 45.0359
v -0.1486 -0.1345 44.5960
v -0.4070 -0.4252 44.0932
v -0.7292 -1.0188 43.9061
v -0.8726 -1.4685 44.1756
v -0.0664 -1.6582 44.0759
v -0.0555 -1.5940 44.6154
v -0.0310 -1.0332 45.0351
v -0.0113 -0.3980 45.0189
v -0.0113 -0.1668 44.5790
v -0.0310 -0.5137 44.0467
v -0.0555 -1.1774 43.8228
v -0.0664 -1.6582 44.0759
v 0.7529 -1.5195 44.1488
v 0.6292 -1.4781 44.6763
v 0.3512 -0.9685 45.0691
v 0.1282 -0.3744 45.0313
v 0.1282 -0.1432 44.5914
v 0.3512 -0.4490 44.0807
v 0.6292 -1.0615 43.8837
v 0.7529 -1.5195 44.1488
v 1.4232 -1.0798 44.3798
v 1.1893 -1.1107 44.8694
v 0.6638 -0.7634 45.1769
v 0.2424 -0.2995 45.0707
v 0.2424 -0.0683 44.6308
v 0.6638 -0.2439 44.1884
v 1.1893 -0.6941 44.0768
v 1.4232 -1.0798 44.3798
v 1.8115 -0.4263 44.7233
v 1.5138 -0.5645 45.1565
v 0.8449 -0.4586 45.3371
v 0.3085 -0.1882 45.1292
v 0.3085 0.0430 44.6893
v 0.8449 0.0609 44.3487
v 1.5138 -0.1479 44.3638
v 1.8115 -0.4263 44.7233
v 1.8411 0.3117 45.1112
v 1.5385 0.0522 45.4806
v 0.8587 -0.1144 45.5180
v 0.3135 -0.0625 45.1952
v 0.3135 0.1687 44.7553
v 0.8587 0.4051 44.5296
v 1.5385 0.4688 44.6879
v 1.8411 0.3117 45.1112
v 1.5060 0.9879 45.4666
v 1.2585 0.6173 45.7776
v 0.7024 0.2010 45.6838
v 0.2565 0.0526 45.2557
v 0.2565 0.2838 44.8158
v 0.7024 0.7205 44.6953
v 1.2585 1.0339 44.9849
v 1.5060 0.9879 45.4666
v 0.8726 1.4685 45.7192
v 0.7292 1.0188 45.9887
v 0.4070 0.4252 45.8016
v 0.1486 0.1345 45.2988
v 0.1486 0.3657 44.8589
v 0.4070 0.9447 44.8131
v 0.7292 1.4355 45.1960
v 0.8726 1.4685 45.7192
v 0.0664 1.6582 45.8189
v 0.0555 1.1774 46.0720
v 0.0310 0.5137 45.8481
v 0.0113 0.1668 45.3157
v 0.0113 0.3980 44.8758
v 0.0310 1.0332 44.8596
v 0.0555 1.5940 45.2793
v 0.0664 1.6582 45.8189
v -0.7529 1.5195 45.7460
v -0.6292 1.0615 46.0111
v -0.3512 0.4490 45.8141
v -0.1282 0.1432 45.3033
v -0.1282 0.3744 44.8634
v -0.3512 0.9685 44.8256
v -0.6292 1.4781 45.2184
v -0.7529 1.5195 45.7460
v 0.5111 1.8555 48.4258
v 0.4152 1.2837 48.7989
v 0.1996 0.4460 48.5930
v 0.0268 -0.0268 47.9630
v 0.0268 0.2213 47.3834
v 0.1996 1.0035 47.2907
v 0.4152 1.7308 47.7546
v 0.5111 1.8555 48.4258
v -0.4152 1.8756 48.4345
v -0.3373 1.3001 48.8059
v -0.1622 0.4539 48.5963
v -0.0218 -0.0257 47.9634
v -0.0218 0.2224 47.3839
v -0.1622 1.0114 47.2941
v -0.3373 1.7471 47.7616
v -0.4152 1.8756 48.4345
v -1.2593 1.5242 48.2841
v -1.0230 1.0147 48.6838
v -0.4919 0.3167 48.5376
v -0.0660 -0.0441 47.9556
v -0.0660 0.2039 47.3760
v -0.4919 0.8741 47.2353
v -1.0230 1.4617 47.6394
v -1.2593 1.5242 48.2841
v -1.8540 0.8710 48.0044
v -1.5060 0.4840 48.4566
v -0.7242 0.0615 48.4283
v -0.0972 -0.0784 47.9409
v -0.0972 0.1697 47.3613
v -0.7242 0.6189 47.1261
v -1.5060 0.9310 47.4123
v -1.8540 0.8710 48.0044
v -2.0815 0.0452 47.6509
v -1.6908 -0.1868 48.1695
v -0.8130 -0.2611 48.2903
v -0.1091 -0.1217 47.9224
v -0.1091 0.1264 47.3428
v -0.8130 0.2964 46.9880
v -1.6908 0.2602 47.1251
v -2.0815 0.0452 47.6509
v -1.8967 -0.7895 47.2936
v -1.5407 -0.8649 47.8792
v -0.7409 -0.5871 48.1507
v -0.0994 -0.1654 47.9036
v -0.0994 0.0827 47.3241
v -0.7409 -0.0297 46.8484
v -1.5407 -0.4178 46.8349
v -1.8967 -0.7895 47.2936
v -1.3362 -1.4679 47.0032
v -1.0854 -1.4159 47.6433
v -0.5219 -0.8521 48.0373
v -0.0700 -0.2010 47.8884
v -0.0700 0.0471 47.3089
v -0.5219 -0.2946 46.7350
v -1.0854 -0.9689 46.5990
v -1.3362 -1.4679 47.0032
v -0.5111 -1.8555 46.8373
v -0.4152 -1.7308 47.5085
v -0.1996 -1.0035 47.9725
v -0.0268 -0.2213 47.8797
v -0.0268 0.0268 47.3002
v -0.1996 -0.4460 46.6702
v -0.4152 -1.2837 46.4642
v -0.5111 -1.8555 46.8373
v 0.4152 -1.8756 46.8287
v 0.3373 -1.7471 47.5015
v 0.1622 -1.0114 47.9691
v 0.0218 -0.2224 47.8793
v 0.0218 0.0257 47.2997
v 0.1622 -0.4539 46.6668
v 0.3373 -1.3001 46.4572
v 0.4152 -1.8756 46.8287
v 1.2593 -1.5242 46.9791
v 1.0230 -1.4617 47.6237
v 0.4919 -0.8741 48.0278
v 0.0660 -0.2039 47.8872
v 0.0660 0.0441 47.3076
v 0.4919 -0.3167 46.7256
v 1.0230 -1.0147 46.5794
v 1.2593 -1.5242 46.9791
v 1.8540 -0.8710 47.2587
v 1.5060 -0.9310 47.8509
v 0.7242 -0.6189 48.1371
v 0.0972 -0.1697 47.9018
v 0.0972 0.0784 47.3223
v 0.7242 -0.0615 46.8348
v 1.5060 -0.4840 46.8066
v 1.8540 -0.8710 47.2587
v 2.0815 -0.0452 47.6122
v 1.6908 -0.2602 48.1380
v 0.8130 -0.2964 48.2751
v 0.1091 -0.1264 47.9203
v 0.1091 0.1217 47.3408
v 0.8130 0.2611 46.9729
v 1.6908 0.1868 47.0937
v 2.0815 -0.0452 47.6122
v 1.8967 0.7895 47.9695
v 1.5407 0.4178 48.4283
v 0.7409 0.0297 48.4147
v 0.0994 -0.0827 47.9391
v 0.0994 0.1654 47.3595
v 0.7409 0.5871 47.1125
v 1.5407 0.8649 47.3839
v 1.8967 0.7895 47.9695
v 1.3362 1.4679 48.2599
v 1.0854 0.9689 48.6642
v 0.5219 0.2946 48.5281
v 0.0700 -0.0471 47.9543
v 0.0700 0.2010 47.3747
v 0.5219 0.8521 47.2259
v 1.0854 1.4159 47.6198
v 1.3362 1.4679 48.2599
v 0.5111 1.8555 48.4258
v 0.4152 1.2837 48.7989
v 0.1996 0.4460 48.5930
v 0.0268 -0.0268 47.9630
v 0.0268 0.2213 47.3834
v 0.1996 1.0035 47.2907
v 0.4152 1.7308 47.7546
v 0.5111 1.8555 48.4258
v 1.6504 1.2334 50.6746
v 1.3357 0.8363 51.1628
v 0.6285 0.2678 51.1465
v 0.0614 -0.0440 50.6380
v 0.0614 0.1357 50.0202
v 0.6285 0.6716 49.7583
v 1.3357 1.1601 50.0495
v 1.6504 1.2334 50.6746
v 0.9296 1.7988 50.8391
v 0.7523 1.2939 51.2959
v 0.3540 0.4831 51.2092
v 0.0346 -0.0230 50.6442
v 0.0346 0.1567 50.0263
v 0.3540 0.8869 49.8210
v 0.7523 1.6177 50.1827
v 0.9296 1.7988 50.8391
v 0.0247 2.0080 50.8999
v 0.0200 1.4631 51.3452
v 0.0094 0.5627 51.2323
v 0.0009 -0.0152 50.6464
v 0.0009 0.1645 50.0286
v 0.0094 0.9666 49.8441
v 0.0200 1.7870 50.2319
v 0.0247 2.0080 50.8999
v -0.8851 1.8194 50.8451
v -0.7163 1.3105 51.3008
v -0.3370 0.4909 51.2115
v -0.0329 -0.0222 50.6444
v -0.0329 0.1575 50.0266
v -0.3370 0.8948 49.8232
v -0.7163 1.6344 50.1875
v -0.8851 1.8194 50.8451
v -1.6196 1.2705 50.6854
v -1.3107 0.8663 51.1715
v -0.6167 0.2819 51.1506
v -0.0602 -0.0426 50.6384
v -0.0602 0.1371 50.0206
v -0.6167 0.6857 49.7624
v -1.3107 1.1901 50.0583
v -1.6196 1.2705 50.6854
v -2.0333 0.4699 50.4525
v -1.6455 0.2184 50.9831
v -0.7743 -0.0230 51.0620
v -0.0756 -0.0724 50.6298
v -0.0756 0.1073 50.0120
v -0.7743 0.3809 49.6737
v -1.6455 0.5423 49.8698
v -2.0333 0.4699 50.4525
v -2.0443 -0.4237 50.1925
v -1.6544 -0.5048 50.7727
v -0.7785 -0.3633 50.9630
v -0.0760 -0.1056 50.6201
v -0.0760 0.0741 50.0023
v -0.7785 0.0406 49.5747
v -1.6544 -0.1810 49.6594
v -2.0443 -0.4237 50.1925
v -1.6504 -1.2334 49.9570
v -1.3357 -1.1601 50.5820
v -0.6285 -0.6716 50.8733
v -0.0614 -0.1357 50.6114
v -0.0614 0.0440 49.9935
v -0.6285 -0.2678 49.4850
v -1.3357 -0.8363 49.4688
v -1.6504 -1.2334 49.9570
v -0.9296 -1.7988 49.7925
v -0.7523 -1.6177 50.4489
v -0.3540 -0.8869 50.8106
v -0.0346 -0.1567 50.6052
v -0.0346 0.0230 49.9874
v -0.3540 -0.4831 49.4224
v -0.7523 -1.2939 49.3356
v -0.9296 -1.7988 49.7925
v -0.0247 -2.0080 49.7316
v -0.0200 -1.7870 50.3997
v -0.0094 -0.9666 50.7875
v -0.0009 -0.1645 50.6030
v -0.0009 0.0152 49.9852
v -0.0094 -0.5627 49.3992
v -0.0200 -1.4631 49.2864
v -0.0247 -2.0080 49.7316
v 0.8851 -1.8194 49.7865
v 0.7163 -1.6344 50.4441
v 0.3370 -0.8948 50.8083
v 0.0329 -0.1575 50.6050
v 0.0329 0.0222 49.9872
v 0.3370 -0.4909 49.4201
v 0.7163 -1.3105 49.3308
v 0.8851 -1.8194 49.7865
v 1.6196 -1.2705 49.9462
v 1.3107 -1.1901 50.5733
v 0.6167 -0.6857 50.8692
v 0.0602 -0.1371 50.6110
v 0.0602 0.0426 49.9931
v 0.6167 -0.2819 49.4809
v 1.3107 -0.8663 49.4600
v 1.6196 -1.2705 49.9462
v 2.0333 -0.4699 50.1791
v 1.6455 -0.5423 50.7618
v 0.7743 -0.3809 50.9578
v 0.0756 -0.1073 50.6196
v 0.0756 0.0724 50.0018
v 0.7743 0.0230 49.5696
v 1.6455 -0.2184 49.6485
v 2.0333 -0.4699 50.1791
v 2.0443 0.4237 50.4390
v 1.6544 0.1810 50.9722
v 0.7785 -0.0406 51.0568
v 0.0760 -0.0741 50.6293
v 0.0760 0.1056 50.0115
v 0.7785 0.3633 49.6686
v 1.6544 0.5048 49.8589
v 2.0443 0.4237 50.4390
v 1.6504 1.2334 50.6746
v 1.3357 0.8363 51.1628
v 0.6285 0.2678 51.1465
v 0.0614 -0.0440 50.6380
v 0.0614 0.1357 50.0202
v 0.6285 0.6716 49.7583
v 1.3357 1.1601 50.0495
v 1.6504 1.2334 50.6746
v 1.8540 0.0000 53.0000
v 1.5400 -0.0959 53.4462
v 0.8344 -0.1196 53.5565
v 0.2686 -0.0532 53.2476
v 0.2686 0.0532 52.7524
v 0.8344 0.1196 52.4435
v 1.5400 0.0959 52.5538
v 1.8540 0.0000 53.0000
v 1.6704 0.7865 53.1690
v 1.3875 0.5574 53.5866
v 0.7518 0.2344 53.6325
v 0.2420 0.0607 53.2721
v 0.2420 0.1672 52.7768
v 0.7518 0.4735 52.5196
v 1.3875 0.7492 52.6941
v 1.6704 0.7865 53.1690
v 1.1560 1.4172 53.3045
v 0.9602 1.0813 53.6992
v 0.5203 0.5182 53.6935
v 0.1675 0.1521 53.2918
v 0.1675 0.2585 52.7965
v 0.5203 0.7574 52.5806
v 0.9602 1.2730 52.8067
v 1.1560 1.4172 53.3045
v 0.4126 1.7672 53.3797
v 0.3427 1.3720 53.7617
v 0.1857 0.6758 53.7274
v 0.0598 0.2028 53.3027
v 0.0598 0.3092 52.8074
v 0.1857 0.9149 52.6144
v 0.3427 1.5638 52.8692
v 0.4126 1.7672 53.3797
v -0.4126 1.7672 53.3797
v -0.3427 1.3720 53.7617
v -0.1857 0.6758 53.7274
v -0.0598 0.2028 53.3027
v -0.0598 0.3092 52.8074
v -0.1857 0.9149 52.6144
v -0.3427 1.5638 52.8692
v -0.4126 1.7672 53.3797
v -1.1560 1.4172 53.3045
v -0.9602 1.0813 53.6992
v -0.5203 0.5182 53.6935
v -0.1675 0.1521 53.2918
v -0.1675 0.2585 52.7965
v -0.5203 0.7574 52.5806
v -0.9602 1.2730 52.8067
v -1.1560 1.4172 53.3045
v -1.6704 0.7865 53.1690
v -1.3875 0.5574 53.5866
v -0.7518 0.2344 53.6325
v -0.2420 0.0607 53.2721
v -0.2420 0.1672 52.7768
v -0.7518 0.4735 52.5196
v -1.3875 0.7492 52.6941
v -1.6704 0.7865 53.1690
v -1.8540 -0.0000 53.0000
v -1.5400 -0.0959 53.4462
v -0.8344 -0.1196 53.5565
v -0.2686 -0.0532 53.2476
v -0.2686 0.0532 52.7524
v -0.8344 0.1196 52.4435
v -1.5400 0.0959 52.5538
v -1.8540 -0.0000 53.0000
v -1.6704 -0.7865 52.8310
v -1.3875 -0.7492 53.3059
v -0.7518 -0.4735 53.4804
v -0.2420 -0.1672 53.2232
v -0.2420 -0.0607 52.7279
v -0.7518 -0.2344 52.3675
v -1.3875 -0.5574 52.4134
v -1.6704 -0.7865 52.8310
v -1.1560 -1.4172 52.6955
v -0.9602 -1.2730 53.1933
v -0.5203 -0.7574 53.4194
v -0.1675 -0.2585 53.2035
v -0.1675 -0.1521 52.7082
v -0.5203 -0.5182 52.3065
v -0.9602 -1.0813 52.3008
v -1.1560 -1.4172 52.6955
v -0.4126 -1.7672 52.6203
v -0.3427 -1.5638 53.1308
v -0.1857 -0.9149 53.3856
v -0.0598 -0.3092 53.1926
v -0.0598 -0.2028 52.6973
v -0.1857 -0.6758 52.2726
v -0.3427 -1.3720 52.2383
v -0.4126 -1.7672 52.6203
v 0.4126 -1.7672 52.6203
v 0.3427 -1.5638 53.1308
v 0.1857 -0.9149 53.3856
v 0.0598 -0.3092 53.1926
v 0.0598 -0.2028 52.6973
v 0.1857 -0.6758 52.2726
v 0.3427 -1.3720 52.2383
v 0.4126 -1.7672 52.6203
v 1.1560 -1.4172 52.6955
v 0.9602 -1.2730 53.1933
v 0.5203 -0.7574 53.4194
v 0.1675 -0.2585 53.2035
v 0.1675 -0.1521 52.7082
v 0.5203 -0.5182 52.3065
v 0.9602 -1.0813 52.3008
v 1.1560 -1.4172 52.6955
v 1.6704 -0.7865 52.8310
v 1.3875 -0.7492 53.3059
v 0.7518 -0.4735 53.4804
v 0.2420 -0.1672 53.2232
v 0.2420 -0.0607 52.7279
v 0.7518 -0.2344 52.3675
v 1.3875 -0.5574 52.4134
v 1.6704 -0.7865 52.8310
v 1.8540 0.0000 53.0000
v 1.5400 -0.0959 53.4462
v 0.8344 -0.1196 53.5565
v 0.2686 -0.0532 53.2476
v 0.2686 0.0532 52.7524
v 0.8344 0.1196 52.4435
v 1.5400 0.0959 52.5538
v 1.8540 0.0000 53.0000
v 0.0000 0.0000 60.1500
v 0.0000 0.0000 56.8500
v 0.5130 0.0000 60.0505
v 0.4622 0.2226 60.0505
v 0.3199 0.4011 60.0505
v 0.1142 0.5002 60.0505
v -0.1142 0.5002 60.0505
v -0.3199 0.4011 60.0505
v -0.4622 0.2226 60.0505
v -0.5130 0.0000 60.0505
v -0.4622 -0.2226 60.0505
v -0.3199 -0.4011 60.0505
v -0.1142 -0.5002 60.0505
v 0.1142 -0.5002 60.0505
v 0.3199 -0.4011 60.0505
v 0.4622 -0.2226 60.0505
v 0.5130 -0.0000 60.0505
v 0.9642 0.0000 59.7640
v 0.8687 0.4183 59.7640
v 0.6012 0.7538 59.7640
v 0.2146 0.9400 59.7640
v -0.2146 0.9400 59.7640
v -0.6012 0.7538 59.7640
v -0.8687 0.4183 59.7640
v -0.9642 0.0000 59.7640
v -0.8687 -0.4183 59.7640
v -0.6012 -0.7538 59.7640
v -0.2146 -0.9400 59.7640
v 0.2146 -0.9400 59.7640
v 0.6012 -0.7538 59.7640
v 0.8687 -0.4183 59.7640
v 0.9642 -0.0000 59.7640
v 1.2990 0.0000 59.3250
v 1.1704 0.5636 59.3250
v 0.8099 1.0156 59.3250
v 0.2891 1.2665 59.3250
v -0.2891 1.2665 59.3250
v -0.8099 1.0156 59.3250
v -1.1704 0.5636 59.3250
v -1.2990 0.0000 59.3250
v -1.1704 -0.5636 59.3250
v -0.8099 -1.0156 59.3250
v -0.2891 -1.2665 59.3250
v 0.2891 -1.2665 59.3250
v 0.8099 -1.0156 59.3250
v 1.1704 -0.5636 59.3250
v 1.2990 -0.0000 59.3250
v 1.4772 0.0000 58.7865
v 1.3309 0.6409 58.7865
v 0.9210 1.1549 58.7865
v 0.3287 1.4402 58.7865
v -0.3287 1.4402 58.7865
v -0.9210 1.1549 58.7865
v -1.3309 0.6409 58.7865
v -1.4772 0.0000 58.7865
v -1.3309 -0.6409 58.7865
v -0.9210 -1.1549 58.7865
v -0.3287 -1.4402 58.7865
v 0.3287 -1.4402 58.7865
v 0.9210 -1.1549 58.7865
v 1.3309 -0.6409 58.7865
v 1.4772 -0.0000 58.7865
v 1.4772 0.0000 58.2135
v 1.3309 0.6409 58.2135
v 0.9210 1.1549 58.2135
v 0.3287 1.4402 58.2135
v -0.3287 1.4402 58.2135
v -0.9210 1.1549 58.2135
v -1.3309 0.6409 58.2135
v -1.4772 0.0000 58.2135
v -1.3309 -0.6409 58.2135
v -0.9210 -1.1549 58.2135
v -0.3287 -1.4402 58.2135
v 0.3287 -1.4402 58.2135
v 0.9210 -1.1549 58.2135
v 1.3309 -0.6409 58.2135
v 1.4772 -0.0000 58.2135
v 1.2990 0.0000 57.6750
v 1.1704 0.5636 57.6750
v 0.8099 1.0156 57.6750
v 0.2891 1.2665 57.6750
v -0.2891 1.2665 57.6750
v -0.8099 1.0156 57.6750
v -1.1704 0.5636 57.6750
v -1.2990 0.0000 57.6750
v -1.1704 -0.5636 57.6750
v -0.8099 -1.0156 57.6750
v -0.2891 -1.2665 57.6750
v 0.2891 -1.2665 57.6750
v 0.8099 -1.0156 57.6750
v 1.1704 -0.5636 57.6750
v 1.2990 -0.0000 57.6750
v 0.9642 0.0000 57.2360
v 0.8687 0.4183 57.2360
v 0.6012 0.7538 57.2360
v 0.2146 0.9400 57.2360
v -0.2146 0.9400 57.2360
v -0.6012 0.7538 57.2360
v -0.8687 0.4183 57.2360
v -0.9642 0.0000 57.2360
v -0.8687 -0.4183 57.2360
v -0.6012 -0.7538 57.2360
v -0.2146 -0.9400 57.2360
v 0.2146 -0.9400 57.2360
v 0.6012 -0.7538 57.2360
v 0.8687 -0.4183 57.2360
v 0.9642 -0.0000 57.2360
v 0.5130 0.0000 56.9495
v 0.4622 0.2226 56.9495
v 0.3199 0.4011 56.9495
v 0.1142 0.5002 56.9495
v -0.1142 0.5002 56.9495
v -0.3199 0.4011 56.9495
v -0.4622 0.2226 56.9495
v -0.5130 0.0000 56.9495
v -0.4622 -0.2226 56.9495
v -0.3199 -0.4011 56.9495
v -0.1142 -0.5002 56.9495
v 0.1142 -0.5002 56.9495
v 0.3199 -0.4011 56.9495
v 0.4622 -0.2226 56.9495
v 0.5130 -0.0000 56.9495
v 0.7000 0.0000 59.6000
v 0.0500 0.0000 62.2000
v 0.5663 0.4114 59.6000
v 0.0405 0.0294 62.2000
v 0.2163 0.6657 59.6000
v 0.0155 0.0476 62.2000
v -0.2163 0.6657 59.6000
v -0.0155 0.0476 62.2000
v -0.5663 0.4114 59.6000
v -0.0405 0.0294 62.2000
v -0.7000 0.0000 59.6000
v -0.0500 0.0000 62.2000
v -0.5663 -0.4114 59.6000
v -0.0405 -0.0294 62.2000
v -0.2163 -0.6657 59.6000
v -0.0155 -0.0476 62.2000
v 0.2163 -0.6657 59.6000
v 0.0155 -0.0476 62.2000
v 0.5663 -0.4114 59.6000
v 0.0405 -0.0294 62.2000
v 0.7000 -0.0000 59.6000
v 0.0500 -0.0000 62.2000
v 0.0000 0.0000 59.6000
vt 0.0000 0.0000
vt 0.0000 0.1429
vt 0.0000 0.2857
vt 0.0000 0.4286
vt 0.0000 0.5714
vt 0.0000 0.7143
vt 0.0000 0.8571
vt 0.0000 1.0000
vt 0.0714 0.0000
vt 0.0714 0.1429
vt 0.0714 0.2857
vt 0.0714 0.4286
vt 0.0714 0.5714
vt 0.0714 0.7143
vt 0.0714 0.8571
vt 0.0714 1.0000
vt 0.1429 0.0000
vt 0.1429 0.1429
vt 0.1429 0.2857
vt 0.1429 0.4286
vt 0.1429 0.5714
vt 0.1429 0.7143
vt 0.1429 0.8571
vt 0.1429 1.0000
vt 0.2143 0.0000
vt 0.2143 0.1429
vt 0.2143 0.2857
vt 0.2143 0.4286
vt 0.2143 0.5714
vt 0.2143 0.7143
vt 0.2143 0.8571
vt 0.2143 1.0000
vt 0.2857 0.0000
vt 0.2857 0.1429
vt 0.2857 0.2857
vt 0.2857 0.4286
vt 0.2857 0.5714
vt 0.2857 0.7143
vt 0.2857 0.8571
vt 0.2857 1.0000
vt 0.3571 0.0000
vt 0.3571 0.1429
vt 0.3571 0.2857
vt 0.3571 0.4286
vt 0.3571 0.5714
vt 0.3571 0.7143
vt 0.3571 0.8571
vt 0.3571 1.0000
vt 0.4286 0.0000
vt 0.4286 0.1429
vt 0.4286 0.2857
vt 0.4286 0.4286
vt 0.4286 0.5714
vt 0.4286 0.7143
vt 0.4286 0.8571
vt 0.4286 1.0000
vt 0.5000 0.0000
vt 0.5000 0.1429
vt 0.5000 0.2857
vt 0.5000 0.4286
vt 0.5000 0.5714
vt 0.5000 0.7143
vt 0.5000 0.8571
vt 0.5000 1.0000
vt 0.5714 0.0000
vt 0.5714 0.1429
vt 0.5714 0.2857
vt 0.5714 0.4286
vt 0.5714 0.5714
vt 0.5714 0.7143
vt 0.5714 0.8571
vt 0.5714 1.0000
vt 0.6429 0.0000
vt 0.6429 0.1429
vt 0.6429 0.2857
vt 0.6429 0.4286
vt 0.6429 0.5714
vt 0.6429 0.7143
vt 0.6429 0.8571
vt 0.6429 1.0000
vt 0.7143 0.0000
vt 0.7143 0.1429
vt 0.7143 0.2857
vt 0.7143 0.4286
vt 0.7143 0.5714
vt 0.7143 0.7143
vt 0.7143 0.8571
vt 0.7143 1.0000
vt 0.7857 0.0000
vt 0.7857 0.1429
vt 0.7857 0.2857
vt 0.7857 0.4286
vt 0.7857 0.5714
vt 0.7857 0.7143
vt 0.7857 0.8571
vt 0.7857 1.0000
vt 0.8571 0.0000
vt 0.8571 0.1429
vt 0.8571 0.2857
vt 0.8571 0.4286
vt 0.8571 0.5714
vt 0.8571 0.7143
vt 0.8571 0.8571
vt 0.8571 1.0000
vt 0.9286 0.0000
vt 0.9286 0.1429
vt 0.9286 0.2857
vt 0.9286 0.4286
vt 0.9286 0.5714
vt 0.9286 0.7143
vt 0.9286 0.8571
vt 0.9286 1.0000
vt 1.0000 0.0000
vt 1.0000 0.1429
vt 1.0000 0.2857
vt 1.0000 0.4286
vt 1.0000 0.5714
vt 1.0000 0.7143
vt 1.0000 0.8571
vt 1.0000 1.0000
vt 0.0000 0.0000
vt 0.0000 0.1429
vt 0.0000 0.2857
vt 0.0000 0.4286
vt 0.0000 0.5714
vt 0.0000 0.7143
vt 0.0000 0.8571
vt 0.0000 1.0000
vt 0.0714 0.0000
vt 0.0714 0.1429
vt 0.0714 0.2857
vt 0.0714 0.4286
vt 0.0714 0.5714
vt 0.0714 0.7143
vt 0.0714 0.8571
vt 0.0714 1.0000
vt 0.1429 0.0000
vt 0.1429 0.1429
vt 0.1429 0.2857
vt 0.1429 0.4286
vt 0.1429 0.5714
vt 0.1429 0.7143
vt 0.1429 0.8571
vt 0.1429 1.0000
vt 0.2143 0.0000
vt 0.2143 0.1429
vt 0.2143 0.2857
vt 0.2143 0.4286
vt 0.2143 0.5714
vt 0.2143 0.7143
vt 0.2143 0.8571
vt 0.2143 1.0000
vt 0.2857 0.0000
vt 0.2857 0.1429
vt 0.2857 0.2857
vt 0.2857 0.4286
vt 0.2857 0.5714
vt 0.2857 0.7143
vt 0.2857 0.8571
vt 0.2857 1.0000
vt 0.3571 0.0000
vt 0.3571 0.1429
vt 0.3571 0.2857
vt 0.3571 0.4286
vt 0.3571 0.5714
vt 0.3571 0.7143
vt 0.3571 0.8571
vt 0.3571 1.0000
vt 0.4286 0.0000
vt 0.4286 0.1429
vt 0.4286 0.2857
vt 0.4286 0.4286
vt 0.4286 0.5714
vt 0.4286 0.7143
vt 0.4286 0.8571
vt 0.4286 1.0000
vt 0.5000 0.0000
vt 0.5000 0.1429
vt 0.5000 0.2857
vt 0.5000 0.4286
vt 0.5000 0.5714
vt 0.5000 0.7143
vt 0.5000 0.8571
vt 0.5000 1.0000
vt 0.5714 0.0000
vt 0.5714 0.1429
vt 0.5714 0.2857
vt 0.5714 0.4286
vt 0.5714 0.5714
vt 0.5714 0.7143
vt 0.5714 0.8571
vt 0.5714 1.0000
vt 0.6429 0.0000
vt 0.6429 0.1429
vt 0.6429 0.2857
vt 0.6429 0.4286
vt 0.6429 0.5714
vt 0.6429 0.7143
vt 0.6429 0.8571
vt 0.6429 1.0000
vt 0.7143 0.0000
vt 0.7143 0.1429
vt 0.7143 0.2857
vt 0.7143 0.4286
vt 0.7143 0.5714
vt 0.7143 0.7143
vt 0.7143 0.8571
vt 0.7143 1.0000
vt 0.7857 0.0000
vt 0.7857 0.1429
vt 0.7857 0.2857
vt 0.7857 0.4286
vt 0.7857 0.5714
vt 0.7857 0.7143
vt 0.7857 0.8571
vt 0.7857 1.0000
vt 0.8571 0.0000
vt 0.8571 0.1429
vt 0.8571 0.2857
vt 0.8571 0.4286
vt 0.8571 0.5714
vt 0.8571 0.7143
vt 0.8571 0.8571
vt 0.8571 1.0000
vt 0.9286 0.0000
vt 0.9286 0.1429
vt 0.9286 0.2857
vt 0.9286 0.4286
vt 0.9286 0.5714
vt 0.9286 0.7143
vt 0.9286 0.8571
vt 0.9286 1.0000
vt 1.0000 0.0000
vt 1.0000 0.1429
vt 1.0000 0.2857
vt 1.0000 0.4286
vt 1.0000 0.5714
vt 1.0000 0.7143
vt 1.0000 0.8571
vt 1.0000 1.0000
vt 0.0000 0.0000
vt 0.0000 0.1429
vt 0.0000 0.2857
vt 0.0000 0.4286
vt 0.0000 0.5714
vt 0.0000 0.7143
vt 0.0000 0.8571
vt 0.0000 1.0000
vt 0.0714 0.0000
vt 0.0714 0.1429
vt 0.0714 0.2857
vt 0.0714 0.4286
vt 0.0714 0.5714
vt 0.0714 0.7143
vt 0.0714 0.8571
vt 0.0714 1.0000
vt 0.1429 0.0000
vt 0.1429 0.1429
vt 0.1429 0.2857
vt 0.1429 0.4286
vt 0.1429 0.5714
vt 0.1429 0.7143
vt 0.1429 0.8571
vt 0.1429 1.0000
vt 0.2143 0.0000
vt 0.2143 0.1429
vt 0.2143 0.2857
vt 0.2143 0.4286
vt 0.2143 0.5714
vt 0.2143 0.7143
vt 0.2143 0.8571
vt 0.2143 1.0000
vt 0.2857 0.0000
vt 0.2857 0.1429
vt 0.2857 0.2857
vt 0.2857 0.4286
vt 0.2857 0.5714
vt 0.2857 0.7143
vt 0.2857 0.8571
vt 0.2857 1.0000
vt 0.3571 0.0000
vt 0.3571 0.1429
vt 0.3571 0.2857
vt 0.3571 0.4286
vt 0.3571 0.5714
vt 0.3571 0.7143
vt 0.3571 0.8571
vt 0.3571 1.0000
vt 0.4286 0.0000
vt 0.4286 0.1429
vt 0.4286 0.2857
vt 0.4286 0.4286
vt 0.4286 0.5714
vt 0.4286 0.7143
vt 0.4286 0.8571
vt 0.4286 1.0000
vt 0.5000 0.0000
vt 0.5000 0.1429
vt 0.5000 0.2857
vt 0.5000 0.4286
vt 0.5000 0.5714
vt 0.5000 0.7143
vt 0.5000 0.8571
vt 0.5000 1.0000
vt 0.5714 0.0000
vt 0.5714 0.1429
vt 0.5714 0.2857
vt 0.5714 0.4286
vt 0.5714 0.5714
vt 0.5714 0.7143
vt 0.5714 0.8571
vt 0.5714 1.0000
vt 0.6429 0.0000
vt 0.6429 0.1429
vt 0.6429 0.2857
vt 0.6429 0.4286
vt 0.6429 0.5714
vt 0.6429 0.7143
vt 0.6429 0.8571
vt 0.6429 1.0000
vt 0.7143 0.0000
vt 0.7143 0.1429
vt 0.7143 0.2857
vt 0.7143 0.4286
vt 0.7143 0.5714
vt 0.7143 0.7143
vt 0.7143 0.8571
vt 0.7143 1.0000
vt 0.7857 0.0000
vt 0.7857 0.1429
vt 0.7857 0.2857
vt 0.7857 0.4286
vt 0.7857 0.5714
vt 0.7857 0.7143
vt 0.7857 0.8571
vt 0.7857 1.0000
vt 0.8571 0.0000
vt 0.8571 0.1429
vt 0.8571 0.2857
vt 0.8571 0.4286
vt 0.8571 0.5714
vt 0.8571 0.7143
vt 0.8571 0.8571
vt 0.8571 1.0000
vt 0.9286 0.0000
vt 0.9286 0.1429
vt 0.9286 0.2857
vt 0.9286 0.4286
vt 0.9286 0.5714
vt 0.9286 0.7143
vt 0.9286 0.8571
vt 0.9286 1.0000
vt 1.0000 0.0000
vt 1.0000 0.1429
vt 1.0000 0.2857
vt 1.0000 0.4286
vt 1.0000 0.5714
vt 1.0000 0.7143
vt 1.0000 0.8571
vt 1.0000 1.0000
vt 0.0000 0.0000
vt 0.0000 0.1429
vt 0.0000 0.2857
vt 0.0000 0.4286
vt 0.0000 0.5714
vt 0.0000 0.7143
vt 0.0000 0.8571
vt 0.0000 1.0000
vt 0.0714 0.0000
vt 0.0714 0.1429
vt 0.0714 0.2857
vt 0.0714 0.4286
vt 0.0714 0.5714
vt 0.0714 0.7143
vt 0.0714 0.8571
vt 0.0714 1.0000
vt 0.1429 0.0000
vt 0.1429 0.1429
vt 0.1429 0.2857
vt 0.1429 0.4286
vt 0.1429 0.5714
vt 0.1429 0.7143
vt 0.1429 0.8571
vt 0.1429 1.0000
vt 0.2143 0.0000
vt 0.2143 0.1429
vt 0.2143 0.2857
vt 0.2143 0.4286
vt 0.2143 0.5714
vt 0.2143 0.7143
vt 0.2143 0.8571
vt 0.2143 1.0000
vt 0.2857 0.0000
vt 0.2857 0.1429
vt 0.2857 0.2857
vt 0.2857 0.4286
vt 0.2857 0.5714
vt 0.2857 0.7143
vt 0.2857 0.8571
vt 0.2857 1.0000
vt 0.3571 0.0000
vt 0.3571 0.1429
vt 0.3571 0.2857
vt 0.3571 0.4286
vt 0.3571 0.5714
vt 0.3571 0.7143
vt 0.3571 0.8571
vt 0.3571 1.0000
vt 0.4286 0.0000
vt 0.4286 0.1429
vt 0.4286 0.2857
vt 0.4286 0.4286
vt 0.4286 0.5714
vt 0.4286 0.7143
vt 0.4286 0.8571
vt 0.4286 1.0000
vt 0.5000 0.0000
vt 0.5000 0.1429
vt 0.5000 0.2857
vt 0.5000 0.4286
vt 0.5000 0.5714
vt 0.5000 0.7143
vt 0.5000 0.8571
vt 0.5000 1.0000
vt 0.5714 0.0000
vt 0.5714 0.1429
vt 0.5714 0.2857
vt 0.5714 0.4286
vt 0.5714 0.5714
vt 0.5714 0.7143
vt 0.5714 0.8571
vt 0.5714 1.0000
vt 0.6429 0.0000
vt 0.6429 0.1429
vt 0.6429 0.2857
vt 0.6429 0.4286
vt 0.6429 0.5714
vt 0.6429 0.7143
vt 0.6429 0.8571
vt 0.6429 1.0000
vt 0.7143 0.0000
vt 0.7143 0.1429
vt 0.7143 0.2857
vt 0.7143 0.4286
vt 0.7143 0.5714
vt 0.7143 0.7143
vt 0.7143 0.8571
vt 0.7143 1.0000
vt 0.7857 0.0000
vt 0.7857 0.1429
vt 0.7857 0.2857
vt 0.7857 0.4286
vt 0.7857 0.5714
vt 0.7857 0.7143
vt 0.7857 0.8571
vt 0.7857 1.0000
vt 0.8571 0.0000
vt 0.8571 0.1429
vt 0.8571 0.2857
vt 0.8571 0.4286
vt 0.8571 0.5714
vt 0.8571 0.7143
vt 0.8571 0.8571
vt 0.8571 1.0000
vt 0.9286 0.0000
vt 0.9286 0.1429
vt 0.9286 0.2857
vt 0.9286 0.4286
vt 0.9286 0.5714
vt 0.9286 0.7143
vt 0.9286 0.8571
vt 0.9286 1.0000
vt 1.0000 0.0000
vt 1.0000 0.1429
vt 1.0000 0.2857
vt 1.0000 0.4286
vt 1.0000 0.5714
vt 1.0000 0.7143
vt 1.0000 0.8571
vt 1.0000 1.0000
vt 0.0000 0.0000
vt 0.0000 0.1429
vt 0.0000 0.2857
vt 0.0000 0.4286
vt 0.0000 0.5714
vt 0.0000 0.7143
vt 0.0000 0.8571
vt 0.0000 1.0000
vt 0.0714 0.0000
vt 0.0714 0.1429
vt 0.0714 0.2857
vt 0.0714 0.4286
vt 0.0714 0.5714
vt 0.0714 0.7143
vt 0.0714 0.8571
vt 0.0714 1.0000
vt 0.1429 0.0000
vt 0.1429 0.1429
vt 0.1429 0.2857
vt 0.1429 0.4286
vt 0.1429 0.5714
vt 0.1429 0.7143
vt 0.1429 0.8571
vt 0.1429 1.0000
vt 0.2143 0.0000
vt 0.2143 0.1429
vt 0.2143 0.2857
vt 0.2143 0.4286
vt 0.2143 0.5714
vt 0.2143 0.7143
vt 0.2143 0.8571
vt 0.2143 1.0000
vt 0.2857 0.0000
vt 0.2857 0.1429
vt 0.2857 0.2857
vt 0.2857 0.4286
vt 0.2857 0.5714
vt 0.2857 0.7143
vt 0.2857 0.8571
vt 0.2857 1.0000
vt 0.3571 0.0000
vt 0.3571 0.1429
vt 0.3571 0.2857
vt 0.3571 0.4286
vt 0.3571 0.5714
vt 0.3571 0.7143
vt 0.3571 0.8571
vt 0.3571 1.0000
vt 0.4286 0.0000
vt 0.4286 0.1429
vt 0.4286 0.2857
vt 0.4286 0.4286
vt 0.4286 0.5714
vt 0.4286 0.7143
vt 0.4286 0.8571
vt 0.4286 1.0000
vt 0.5000 0.0000
vt 0.5000 0.1429
vt 0.5000 0.2857
vt 0.5000 0.4286
vt 0.5000 0.5714
vt 0.5000 0.7143
vt 0.5000 0.8571
vt 0.5000 1.0000
vt 0.5714 0.0000
vt 0.5714 0.1429
vt 0.5714 0.2857
vt 0.5714 0.4286
vt 0.5714 0.5714
vt 0.5714 0.7143
vt 0.5714 0.8571
vt 0.5714 1.0000
vt 0.6429 0.0000
vt 0.6429 0.1429
vt 0.6429 0.2857
vt 0.6429 0.4286
vt 0.6429 0.5714
vt 0.6429 0.7143
vt 0.6429 0.8571
vt 0.6429 1.0000
vt 0.7143 0.0000
vt 0.7143 0.1429
vt 0.7143 0.2857
vt 0.7143 0.4286
vt 0.7143 0.5714
vt 0.7143 0.7143
vt 0.7143 0.8571
vt 0.7143 1.0000
vt 0.7857 0.0000
vt 0.7857 0.1429
vt 0.7857 0.2857
vt 0.7857 0.4286
vt 0.7857 0.5714
vt 0.7857 0.7143
vt 0.7857 0.8571
vt 0.7857 1.0000
vt 0.8571 0.0000
vt 0.8571 0.1429
vt 0.8571 0.2857
vt 0.8571 0.4286
vt 0.8571 0.5714
vt 0.8571 0.7143
vt 0.8571 0.8571
vt 0.8571 1.0000
vt 0.9286 0.0000
vt 0.9286 0.1429
vt 0.9286 0.2857
vt 0.9286 0.4286
vt 0.9286 0.5714
vt 0.9286 0.7143
vt 0.9286 0.8571
vt 0.9286 1.0000
vt 1.0000 0.0000
vt 1.0000 0.1429
vt 1.0000 0.2857
vt 1.0000 0.4286
vt 1.0000 0.5714
vt 1.0000 0.7143
vt 1.0000 0.8571
vt 1.0000 1.0000
vt 0.0000 0.0000
vt 0.0000 0.1429
vt 0.0000 0.2857
vt 0.0000 0.4286
vt 0.0000 0.5714
vt 0.0000 0.7143
vt 0.0000 0.8571
vt 0.0000 1.0000
vt 0.0714 0.0000
vt 0.0714 0.1429
vt 0.0714 0.2857
vt 0.0714 0.4286
vt 0.0714 0.5714
vt 0.0714 0.7143
vt 0.0714 0.8571
vt 0.0714 1.0000
vt 0.1429 0.0000
vt 0.1429 0.1429
vt 0.1429 0.2857
vt 0.1429 0.4286
vt 0.1429 0.5714
vt 0.1429 0.7143
vt 0.1429 0.8571
vt 0.1429 1.0000
vt 0.2143 0.0000
vt 0.2143 0.1429
vt 0.2143 0.2857
vt 0.2143 0.4286
vt 0.2143 0.5714
vt 0.2143 0.7143
vt 0.2143 0.8571
vt 0.2143 1.0000
vt 0.2857 0.0000
vt 0.2857 0.1429
vt 0.2857 0.2857
vt 0.2857 0.4286
vt 0.2857 0.5714
vt 0.2857 0.7143
vt 0.2857 0.8571
vt 0.2857 1.0000
vt 0.3571 0.0000
vt 0.3571 0.1429
vt 0.3571 0.2857
vt 0.3571 0.4286
vt 0.3571 0.5714
vt 0.3571 0.7143
vt 0.3571 0.8571
vt 0.3571 1.0000
vt 0.4286 0.0000
vt 0.4286 0.1429
vt 0.4286 0.2857
vt 0.4286 0.4286
vt 0.4286 0.5714
vt 0.4286 0.7143
vt 0.4286 0.8571
vt 0.4286 1.0000
vt 0.5000 0.0000
vt 0.5000 0.1429
vt 0.5000 0.2857
vt 0.5000 0.4286
vt 0.5000 0.5714
vt 0.5000 0.7143
vt 0.5000 0.8571
vt 0.5000 1.0000
vt 0.5714 0.0000
vt 0.5714 0.1429
vt 0.5714 0.2857
vt 0.5714 0.4286
vt 0.5714 0.5714
vt 0.5714 0.7143
vt 0.5714 0.8571
vt 0.5714 1.0000
vt 0.6429 0.0000
vt 0.6429 0.1429
vt 0.6429 0.2857
vt 0.6429 0.4286
vt 0.6429 0.5714
vt 0.6429 0.7143
vt 0.6429 0.8571
vt 0.6429 1.0000
vt 0.7143 0.0000
vt 0.7143 0.1429
vt 0.7143 0.2857
vt 0.7143 0.4286
vt 0.7143 0.5714
vt 0.7143 0.7143
vt 0.7143 0.8571
vt 0.7143 1.0000
vt 0.7857 0.0000
vt 0.7857 0.1429
vt 0.7857 0.2857
vt 0.7857 0.4286
vt 0.7857 0.5714
vt 0.7857 0.7143
vt 0.7857 0.8571
vt 0.7857 1.0000
vt 0.8571 0.0000
vt 0.8571 0.1429
vt 0.8571 0.2857
vt 0.8571 0.4286
vt 0.8571 0.5714
vt 0.8571 0.7143
vt 0.8571 0.8571
vt 0.8571 1.0000
vt 0.9286 0.0000
vt 0.9286 0.1429
vt 0.9286 0.2857
vt 0.9286 0.4286
vt 0.9286 0.5714
vt 0.9286 0.7143
vt 0.9286 0.8571
vt 0.9286 1.0000
vt 1.0000 0.0000
vt 1.0000 0.1429
vt 1.0000 0.2857
vt 1.0000 0.4286
vt 1.0000 0.5714
vt 1.0000 0.7143
vt 1.0000 0.8571
vt 1.0000 1.0000
vt 0.0000 0.0000
vt 0.0000 0.1429
vt 0.0000 0.2857
vt 0.0000 0.4286
vt 0.0000 0.5714
vt 0.0000 0.7143
vt 0.0000 0.8571
vt 0.0000 1.0000
vt 0.0714 0.0000
vt 0.0714 0.1429
vt 0.0714 0.2857
vt 0.0714 0.4286
vt 0.0714 0.5714
vt 0.0714 0.7143
vt 0.0714 0.8571
vt 0.0714 1.0000
vt 0.1429 0.0000
vt 0.1429 0.1429
vt 0.1429 0.2857
vt 0.1429 0.4286
vt 0.1429 0.5714
vt 0.1429 0.7143
vt 0.1429 0.8571
vt 0.1429 1.0000
vt 0.2143 0.0000
vt 0.2143 0.1429
vt 0.2143 0.2857
vt 0.2143 0.4286
vt 0.2143 0.5714
vt 0.2143 0.7143
vt 0.2143 0.8571
vt 0.2143 1.0000
vt 0.2857 0.0000
vt 0.2857 0.1429
vt 0.2857 0.2857
vt 0.2857 0.4286
vt 0.2857 0.5714
vt 0.2857 0.7143
vt 0.2857 0.8571
vt 0.2857 1.0000
vt 0.3571 0.0000
vt 0.3571 0.1429
vt 0.3571 0.2857
vt 0.3571 0.4286
vt 0.3571 0.5714
vt 0.3571 0.7143
vt 0.3571 0.8571
vt 0.3571 1.0000
vt 0.4286 0.0000
vt 0.4286 0.1429
vt 0.4286 0.2857
vt 0.4286 0.4286
vt 0.4286 0.5714
vt 0.4286 0.7143
vt 0.4286 0.8571
vt 0.4286 1.0000
vt 0.5000 0.0000
vt 0.5000 0.1429
vt 0.5000 0.2857
vt 0.5000 0.4286
vt 0.5000 0.5714
vt 0.5000 0.7143
vt 0.5000 0.8571
vt 0.5000 1.0000
vt 0.5714 0.0000
vt 0.5714 0.1429
vt 0.5714 0.2857
vt 0.5714 0.4286
vt 0.5714 0.5714
vt 0.5714 0.7143
vt 0.5714 0.8571
vt 0.5714 1.0000
vt 0.6429 0.0000
vt 0.6429 0.1429
vt 0.6429 0.2857
vt 0.6429 0.4286
vt 0.6429 0.5714
vt 0.6429 0.7143
vt 0.6429 0.8571
vt 0.6429 1.0000
vt 0.7143 0.0000
vt 0.7143 0.1429
vt 0.7143 0.2857
vt 0.7143 0.4286
vt 0.7143 0.5714
vt 0.7143 0.7143
vt 0.7143 0.8571
vt 0.7143 1.0000
vt 0.7857 0.0000
vt 0.7857 0.1429
vt 0.7857 0.2857
vt 0.7857 0.4286
vt 0.7857 0.5714
vt 0.7857 0.7143
vt 0.7857 0.8571
vt 0.7857 1.0000
vt 0.8571 0.0000
vt 0.8571 0.1429
vt 0.8571 0.2857
vt 0.8571 0.4286
vt 0.8571 0.5714
vt 0.8571 0.7143
vt 0.8571 0.8571
vt 0.8571 1.0000
vt 0.9286 0.0000
vt 0.9286 0.1429
vt 0.9286 0.2857
vt 0.9286 0.4286
vt 0.9286 0.5714
vt 0.9286 0.7143
vt 0.9286 0.8571
vt 0.9286 1.0000
vt 1.0000 0.0000
vt 1.0000 0.1429
vt 1.0000 0.2857
vt 1.0000 0.4286
vt 1.0000 0.5714
vt 1.0000 0.7143
vt 1.0000 0.8571
vt 1.0000 1.0000
vt 0.0000 0.0000
vt 0.0000 0.1429
vt 0.0000 0.2857
vt 0.0000 0.4286
vt 0.0000 0.5714
vt 0.0000 0.7143
vt 0.0000 0.8571
vt 0.0000 1.0000
vt 0.0714 0.0000
vt 0.0714 0.1429
vt 0.0714 0.2857
vt 0.0714 0.4286
vt 0.0714 0.5714
vt 0.0714 0.7143
vt 0.0714 0.8571
vt 0.0714 1.0000
vt 0.1429 0.0000
vt 0.1429 0.1429
vt 0.1429 0.2857
vt 0.1429 0.4286
vt 0.1429 0.5714
vt 0.1429 0.7143
vt 0.1429 0.8571
vt 0.1429 1.0000
vt 0.2143 0.0000
vt 0.2143 0.1429
vt 0.2143 0.2857
vt 0.2143 0.4286
vt 0.2143 0.5714
vt 0.2143 0.7143
vt 0.2143 0.8571
vt 0.2143 1.0000
vt 0.2857 0.0000
vt 0.2857 0.1429
vt 0.2857 0.2857
vt 0.2857 0.4286
vt 0.2857 0.5714
vt 0.2857 0.7143
vt 0.2857 0.8571
vt 0.2857 1.0000
vt 0.3571 0.0000
vt 0.3571 0.1429
vt 0.3571 0.2857
vt 0.3571 0.4286
vt 0.3571 0.5714
vt 0.3571 0.7143
vt 0.3571 0.8571
vt 0.3571 1.0000
vt 0.4286 0.0000
vt 0.4286 0.1429
vt 0.4286 0.2857
vt 0.4286 0.4286
vt 0.4286 0.5714
vt 0.4286 0.7143
vt 0.4286 0.8571
vt 0.4286 1.0000
vt 0.5000 0.0000
vt 0.5000 0.1429
vt 0.5000 0.2857
vt 0.5000 0.4286
vt 0.5000 0.5714
vt 0.5000 0.7143
vt 0.5000 0.8571
vt 0.5000 1.0000
vt 0.5714 0.0000
vt 0.5714 0.1429
vt 0.5714 0.2857
vt 0.5714 0.4286
vt 0.5714 0.5714
vt 0.5714 0.7143
vt 0.5714 0.8571
vt 0.5714 1.0000
vt 0.6429 0.0000
vt 0.6429 0.1429
vt 0.6429 0.2857
vt 0.6429 0.4286
vt 0.6429 0.5714
vt 0.6429 0.7143
vt 0.6429 0.8571
vt 0.6429 1.0000
vt 0.7143 0.0000
vt 0.7143 0.1429
vt 0.7143 0.2857
vt 0.7143 0.4286
vt 0.7143 0.5714
vt 0.7143 0.7143
vt 0.7143 0.8571
vt 0.7143 1.0000
vt 0.7857 0.0000
vt 0.7857 0.1429
vt 0.7857 0.2857
vt 0.7857 0.4286
vt 0.7857 0.5714
vt 0.7857 0.7143
vt 0.7857 0.8571
vt 0.7857 1.0000
vt 0.8571 0.0000
vt 0.8571 0.1429
vt 0.8571 0.2857
vt 0.8571 0.4286
vt 0.8571 0.5714
vt 0.8571 0.7143
vt 0.8571 0.8571
vt 0.8571 1.0000
vt 0.9286 0.0000
vt 0.9286 0.1429
vt 0.9286 0.2857
vt 0.9286 0.4286
vt 0.9286 0.5714
vt 0.9286 0.7143
vt 0.9286 0.8571
vt 0.9286 1.0000
vt 1.0000 0.0000
vt 1.0000 0.1429
vt 1.0000 0.2857
vt 1.0000 0.4286
vt 1.0000 0.5714
vt 1.0000 0.7143
vt 1.0000 0.8571
vt 1.0000 1.0000
vt 0.0000 0.0000
vt 0.0000 0.1429
vt 0.0000 0.2857
vt 0.0000 0.4286
vt 0.0000 0.5714
vt 0.0000 0.7143
vt 0.0000 0.8571
vt 0.0000 1.0000
vt 0.0714 0.0000
vt 0.0714 0.1429
vt 0.0714 0.2857
vt 0.0714 0.4286
vt 0.0714 0.5714
vt 0.0714 0.7143
vt 0.0714 0.8571
vt 0.0714 1.0000
vt 0.1429 0.0000
vt 0.1429 0.1429
vt 0.1429 0.2857
vt 0.1429 0.4286
vt 0.1429 0.5714
vt 0.1429 0.7143
vt 0.1429 0.8571
vt 0.1429 1.0000
vt 0.2143 0.0000
vt 0.2143 0.1429
vt 0.2143 0.2857
vt 0.2143 0.4286
vt 0.2143 0.5714
vt 0.2143 0.7143
vt 0.2143 0.8571
vt 0.2143 1.0000
vt 0.2857 0.0000
vt 0.2857 0.1429
vt 0.2857 0.2857
vt 0.2857 0.4286
vt 0.2857 0.5714
vt 0.2857 0.7143
vt 0.2857 0.8571
vt 0.2857 1.0000
vt 0.3571 0.0000
vt 0.3571 0.1429
vt 0.3571 0.2857
vt 0.3571 0.4286
vt 0.3571 0.5714
vt 0.3571 0.7143
vt 0.3571 0.8571
vt 0.3571 1.0000
vt 0.4286 0.0000
vt 0.4286 0.1429
vt 0.4286 0.2857
vt 0.4286 0.4286
vt 0.4286 0.5714
vt 0.4286 0.7143
vt 0.4286 0.8571
vt 0.4286 1.0000
vt 0.5000 0.0000
vt 0.5000 0.1429
vt 0.5000 0.2857
vt 0.5000 0.4286
vt 0.5000 0.5714
vt 0.5000 0.7143
vt 0.5000 0.8571
vt 0.5000 1.0000
vt 0.5714 0.0000
vt 0.5714 0.1429
vt 0.5714 0.2857
vt 0.5714 0.4286
vt 0.5714 0.5714
vt 0.5714 0.7143
vt 0.5714 0.8571
vt 0.5714 1.0000
vt 0.6429 0.0000
vt 0.6429 0.1429
vt 0.6429 0.2857
vt 0.6429 0.4286
vt 0.6429 0.5714
vt 0.6429 0.7143
vt 0.6429 0.8571
vt 0.6429 1.0000
vt 0.7143 0.0000
vt 0.7143 0.1429
vt 0.7143 0.2857
vt 0.7143 0.4286
vt 0.7143 0.5714
vt 0.7143 0.7143
vt 0.7143 0.8571
vt 0.7143 1.0000
vt 0.7857 0.0000
vt 0.7857 0.1429
vt 0.7857 0.2857
vt 0.7857 0.4286
vt 0.7857 0.5714
vt 0.7857 0.7143
vt 0.7857 0.8571
vt 0.7857 1.0000
vt 0.8571 0.0000
vt 0.8571 0.1429
vt 0.8571 0.2857
vt 0.8571 0.4286
vt 0.8571 0.5714
vt 0.8571 0.7143
vt 0.8571 0.8571
vt 0.8571 1.0000
vt 0.9286 0.0000
vt 0.9286 0.1429
vt 0.9286 0.2857
vt 0.9286 0.4286
vt 0.9286 0.5714
vt 0.9286 0.7143
vt 0.9286 0.8571
vt 0.9286 1.0000
vt 1.0000 0.0000
vt 1.0000 0.1429
vt 1.0000 0.2857
vt 1.0000 0.4286
vt 1.0000 0.5714
vt 1.0000 0.7143
vt 1.0000 0.8571
vt 1.0000 1.0000
vt 0.0000 0.0000
vt 0.0000 0.1429
vt 0.0000 0.2857
vt 0.0000 0.4286
vt 0.0000 0.5714
vt 0.0000 0.7143
vt 0.0000 0.8571
vt 0.0000 1.0000
vt 0.0714 0.0000
vt 0.0714 0.1429
vt 0.0714 0.2857
vt 0.0714 0.4286
vt 0.0714 0.5714
vt 0.0714 0.7143
vt 0.0714 0.8571
vt 0.0714 1.0000
vt 0.1429 0.0000
vt 0.1429 0.1429
vt 0.1429 0.2857
vt 0.1429 0.4286
vt 0.1429 0.5714
vt 0.1429 0.7143
vt 0.1429 0.8571
vt 0.1429 1.0000
vt 0.2143 0.0000
vt 0.2143 0.1429
vt 0.2143 0.2857
vt 0.2143 0.4286
vt 0.2143 0.5714
vt 0.2143 0.7143
vt 0.2143 0.8571
vt 0.2143 1.0000
vt 0.2857 0.0000
vt 0.2857 0.1429
vt 0.2857 0.2857
vt 0.2857 0.4286
vt 0.2857 0.5714
vt 0.2857 0.7143
vt 0.2857 0.8571
vt 0.2857 1.0000
vt 0.3571 0.0000
vt 0.3571 0.1429
vt 0.3571 0.2857
vt 0.3571 0.4286
vt 0.3571 0.5714
vt 0.3571 0.7143
vt 0.3571 0.8571
vt 0.3571 1.0000
vt 0.4286 0.0000
vt 0.4286 0.1429
vt 0.4286 0.2857
vt 0.4286 0.4286
vt 0.4286 0.5714
vt 0.4286 0.7143
vt 0.4286 0.8571
vt 0.4286 1.0000
vt 0.5000 0.0000
vt 0.5000 0.1429
vt 0.5000 0.2857
vt 0.5000 0.4286
vt 0.5000 0.5714
vt 0.5000 0.7143
vt 0.5000 0.8571
vt 0.5000 1.0000
vt 0.5714 0.0000
vt 0.5714 0.1429
vt 0.5714 0.2857
vt 0.5714 0.4286
vt 0.5714 0.5714
vt 0.5714 0.7143
vt 0.5714 0.8571
vt 0.5714 1.0000
vt 0.6429 0.0000
vt 0.6429 0.1429
vt 0.6429 0.2857
vt 0.6429 0.4286
vt 0.6429 0.5714
vt 0.6429 0.7143
vt 0.6429 0.8571
vt 0.6429 1.0000
vt 0.7143 0.0000
vt 0.7143 0.1429
vt 0.7143 0.2857
vt 0.7143 0.4286
vt 0.7143 0.5714
vt 0.7143 0.7143
vt 0.7143 0.8571
vt 0.7143 1.0000
vt 0.7857 0.0000
vt 0.7857 0.1429
vt 0.7857 0.2857
vt 0.7857 0.4286
vt 0.7857 0.5714
vt 0.7857 0.7143
vt 0.7857 0.8571
vt 0.7857 1.0000
vt 0.8571 0.0000
vt 0.8571 0.1429
vt 0.8571 0.2857
vt 0.8571 0.4286
vt 0.8571 0.5714
vt 0.8571 0.7143
vt 0.8571 0.8571
vt 0.8571 1.0000
vt 0.9286 0.0000
vt 0.9286 0.1429
vt 0.9286 0.2857
vt 0.9286 0.4286
vt 0.9286 0.5714
vt 0.9286 0.7143
vt 0.9286 0.8571
vt 0.9286 1.0000
vt 1.0000 0.0000
vt 1.0000 0.1429
vt 1.0000 0.2857
vt 1.0000 0.4286
vt 1.0000 0.5714
vt 1.0000 0.7143
vt 1.0000 0.8571
vt 1.0000 1.0000
vt 0.0000 0.0000
vt 0.0000 0.1429
vt 0.0000 0.2857
vt 0.0000 0.4286
vt 0.0000 0.5714
vt 0.0000 0.7143
vt 0.0000 0.8571
vt 0.0000 1.0000
vt 0.0714 0.0000
vt 0.0714 0.1429
vt 0.0714 0.2857
vt 0.0714 0.4286
vt 0.0714 0.5714
vt 0.0714 0.7143
vt 0.0714 0.8571
vt 0.0714 1.0000
vt 0.1429 0.0000
vt 0.1429 0.1429
vt 0.1429 0.2857
vt 0.1429 0.4286
vt 0.1429 0.5714
vt 0.1429 0.7143
vt 0.1429 0.8571
vt 0.1429 1.0000
vt 0.2143 0.0000
vt 0.2143 0.1429
vt 0.2143 0.2857
vt 0.2143 0.4286
vt 0.2143 0.5714
vt 0.2143 0.7143
vt 0.2143 0.8571
vt 0.2143 1.0000
vt 0.2857 0.0000
vt 0.2857 0.1429
vt 0.2857 0.2857
vt 0.2857 0.4286
vt 0.2857 0.5714
vt 0.2857 0.7143
vt 0.2857 0.8571
vt 0.2857 1.0000
vt 0.3571 0.0000
vt 0.3571 0.1429
vt 0.3571 0.2857
vt 0.3571 0.4286
vt 0.3571 0.5714
vt 0.3571 0.7143
vt 0.3571 0.8571
vt 0.3571 1.0000
vt 0.4286 0.0000
vt 0.4286 0.1429
vt 0.4286 0.2857
vt 0.4286 0.4286
vt 0.4286 0.5714
vt 0.4286 0.7143
vt 0.4286 0.8571
vt 0.4286 1.0000
vt 0.5000 0.0000
vt 0.5000 0.1429
vt 0.5000 0.2857
vt 0.5000 0.4286
vt 0.5000 0.5714
vt 0.5000 0.7143
vt 0.5000 0.8571
vt 0.5000 1.0000
vt 0.5714 0.0000
vt 0.5714 0.1429
vt 0.5714 0.2857
vt 0.5714 0.4286
vt 0.5714 0.5714
vt 0.5714 0.7143
vt 0.5714 0.8571
vt 0.5714 1.0000
vt 0.6429 0.0000
vt 0.6429 0.1429
vt 0.6429 0.2857
vt 0.6429 0.4286
vt 0.6429 0.5714
vt 0.6429 0.7143
vt 0.6429 0.8571
vt 0.6429 1.0000
vt 0.7143 0.0000
vt 0.7143 0.1429
vt 0.7143 0.2857
vt 0.7143 0.4286
vt 0.7143 0.5714
vt 0.7143 0.7143
vt 0.7143 0.8571
vt 0.7143 1.0000
vt 0.7857 0.0000
vt 0.7857 0.1429
vt 0.7857 0.2857
vt 0.7857 0.4286
vt 0.7857 0.5714
vt 0.7857 0.7143
vt 0.7857 0.8571
vt 0.7857 1.0000
vt 0.8571 0.0000
vt 0.8571 0.1429
vt 0.8571 0.2857
vt 0.8571 0.4286
vt 0.8571 0.5714
vt 0.8571 0.7143
vt 0.8571 0.8571
vt 0.8571 1.0000
vt 0.9286 0.0000
vt 0.9286 0.1429
vt 0.9286 0.2857
vt 0.9286 0.4286
vt 0.9286 0.5714
vt 0.9286 0.7143
vt 0.9286 0.8571
vt 0.9286 1.0000
vt 1.0000 0.0000
vt 1.0000 0.1429
vt 1.0000 0.2857
vt 1.0000 0.4286
vt 1.0000 0.5714
vt 1.0000 0.7143
vt 1.0000 0.8571
vt 1.0000 1.0000
vt 0.0000 0.0000
vt 0.0000 0.1429
vt 0.0000 0.2857
vt 0.0000 0.4286
vt 0.0000 0.5714
vt 0.0000 0.7143
vt 0.0000 0.8571
vt 0.0000 1.0000
vt 0.0714 0.0000
vt 0.0714 0.1429
vt 0.0714 0.2857
vt 0.0714 0.4286
vt 0.0714 0.5714
vt 0.0714 0.7143
vt 0.0714 0.8571
vt 0.0714 1.0000
vt 0.1429 0.0000
vt 0.1429 0.1429
vt 0.1429 0.2857
vt 0.1429 0.4286
vt 0.1429 0.5714
vt 0.1429 0.7143
vt 0.1429 0.8571
vt 0.1429 1.0000
vt 0.2143 0.0000
vt 0.2143 0.1429
vt 0.2143 0.2857
vt 0.2143 0.4286
vt 0.2143 0.5714
vt 0.2143 0.7143
vt 0.2143 0.8571
vt 0.2143 1.0000
vt 0.2857 0.0000
vt 0.2857 0.1429
vt 0.2857 0.2857
vt 0.2857 0.4286
vt 0.2857 0.5714
vt 0.2857 0.7143
vt 0.2857 0.8571
vt 0.2857 1.0000
vt 0.3571 0.0000
vt 0.3571 0.1429
vt 0.3571 0.2857
vt 0.3571 0.4286
vt 0.3571 0.5714
vt 0.3571 0.7143
vt 0.3571 0.8571
vt 0.3571 1.0000
vt 0.4286 0.0000
vt 0.4286 0.1429
vt 0.4286 0.2857
vt 0.4286 0.4286
vt 0.4286 0.5714
vt 0.4286 0.7143
vt 0.4286 0.8571
vt 0.4286 1.0000
vt 0.5000 0.0000
vt 0.5000 0.1429
vt 0.5000 0.2857
vt 0.5000 0.4286
vt 0.5000 0.5714
vt 0.5000 0.7143
vt 0.5000 0.8571
vt 0.5000 1.0000
vt 0.5714 0.0000
vt 0.5714 0.1429
vt 0.5714 0.2857
vt 0.5714 0.4286
vt 0.5714 0.5714
vt 0.5714 0.7143
vt 0.5714 0.8571
vt 0.5714 1.0000
vt 0.6429 0.0000
vt 0.6429 0.1429
vt 0.6429 0.2857
vt 0.6429 0.4286
vt 0.6429 0.5714
vt 0.6429 0.7143
vt 0.6429 0.8571
vt 0.6429 1.0000
vt 0.7143 0.0000
vt 0.7143 0.1429
vt 0.7143 0.2857
vt 0.7143 0.4286
vt 0.7143 0.5714
vt 0.7143 0.7143
vt 0.7143 0.8571
vt 0.7143 1.0000
vt 0.7857 0.0000
vt 0.7857 0.1429
vt 0.7857 0.2857
vt 0.7857 0.4286
vt 0.7857 0.5714
vt 0.7857 0.7143
vt 0.7857 0.8571
vt 0.7857 1.0000
vt 0.8571 0.0000
vt 0.8571 0.1429
vt 0.8571 0.2857
vt 0.8571 0.4286
vt 0.8571 0.5714
vt 0.8571 0.7143
vt 0.8571 0.8571
vt 0.8571 1.0000
vt 0.9286 0.0000
vt 0.9286 0.1429
vt 0.9286 0.2857
vt 0.9286 0.4286
vt 0.9286 0.5714
vt 0.9286 0.7143
vt 0.9286 0.8571
vt 0.9286 1.0000
vt 1.0000 0.0000
vt 1.0000 0.1429
vt 1.0000 0.2857
vt 1.0000 0.4286
vt 1.0000 0.5714
vt 1.0000 0.7143
vt 1.0000 0.8571
vt 1.0000 1.0000
vt 0.0000 0.0000
vt 0.0000 0.1429
vt 0.0000 0.2857
vt 0.0000 0.4286
vt 0.0000 0.5714
vt 0.0000 0.7143
vt 0.0000 0.8571
vt 0.0000 1.0000
vt 0.0714 0.0000
vt 0.0714 0.1429
vt 0.0714 0.2857
vt 0.0714 0.4286
vt 0.0714 0.5714
vt 0.0714 0.7143
vt 0.0714 0.8571
vt 0.0714 1.0000
vt 0.1429 0.0000
vt 0.1429 0.1429
vt 0.1429 0.2857
vt 0.1429 0.4286
vt 0.1429 0.5714
vt 0.1429 0.7143
vt 0.1429 0.8571
vt 0.1429 1.0000
vt 0.2143 0.0000
vt 0.2143 0.1429
vt 0.2143 0.2857
vt 0.2143 0.4286
vt 0.2143 0.5714
vt 0.2143 0.7143
vt 0.2143 0.8571
vt 0.2143 1.0000
vt 0.2857 0.0000
vt 0.2857 0.1429
vt 0.2857 0.2857
vt 0.2857 0.4286
vt 0.2857 0.5714
vt 0.2857 0.7143
vt 0.2857 0.8571
vt 0.2857 1.0000
vt 0.3571 0.0000
vt 0.3571 0.1429
vt 0.3571 0.2857
vt 0.3571 0.4286
vt 0.3571 0.5714
vt 0.3571 0.7143
vt 0.3571 0.8571
vt 0.3571 1.0000
vt 0.4286 0.0000
vt 0.4286 0.1429
vt 0.4286 0.2857
vt 0.4286 0.4286
vt 0.4286 0.5714
vt 0.4286 0.7143
vt 0.4286 0.8571
vt 0.4286 1.0000
vt 0.5000 0.0000
vt 0.5000 0.1429
vt 0.5000 0.2857
vt 0.5000 0.4286
vt 0.5000 0.5714
vt 0.5000 0.7143
vt 0.5000 0.8571
vt 0.5000 1.0000
vt 0.5714 0.0000
vt 0.5714 0.1429
vt 0.5714 0.2857
vt 0.5714 0.4286
vt 0.5714 0.5714
vt 0.5714 0.7143
vt 0.5714 0.8571
vt 0.5714 1.0000
vt 0.6429 0.0000
vt 0.6429 0.1429
vt 0.6429 0.2857
vt 0.6429 0.4286
vt 0.6429 0.5714
vt 0.6429 0.7143
vt 0.6429 0.8571
vt 0.6429 1.0000
vt 0.7143 0.0000
vt 0.7143 0.1429
vt 0.7143 0.2857
vt 0.7143 0.4286
vt 0.7143 0.5714
vt 0.7143 0.7143
vt 0.7143 0.8571
vt 0.7143 1.0000
vt 0.7857 0.0000
vt 0.7857 0.1429
vt 0.7857 0.2857
vt 0.7857 0.4286
vt 0.7857 0.5714
vt 0.7857 0.7143
vt 0.7857 0.8571
vt 0.7857 1.0000
vt 0.8571 0.0000
vt 0.8571 0.1429
vt 0.8571 0.2857
vt 0.8571 0.4286
vt 0.8571 0.5714
vt 0.8571 0.7143
vt 0.8571 0.8571
vt 0.8571 1.0000
vt 0.9286 0.0000
vt 0.9286 0.1429
vt 0.9286 0.2857
vt 0.9286 0.4286
vt 0.9286 0.5714
vt 0.9286 0.7143
vt 0.9286 0.8571
vt 0.9286 1.0000
vt 1.0000 0.0000
vt 1.0000 0.1429
vt 1.0000 0.2857
vt 1.0000 0.4286
vt 1.0000 0.5714
vt 1.0000 0.7143
vt 1.0000 0.8571
vt 1.0000 1.0000
vt 0.0000 0.0000
vt 0.0000 0.1429
vt 0.0000 0.2857
vt 0.0000 0.4286
vt 0.0000 0.5714
vt 0.0000 0.7143
vt 0.0000 0.8571
vt 0.0000 1.0000
vt 0.0714 0.0000
vt 0.0714 0.1429
vt 0.0714 0.2857
vt 0.0714 0.4286
vt 0.0714 0.5714
vt 0.0714 0.7143
vt 0.0714 0.8571
vt 0.0714 1.0000
vt 0.1429 0.0000
vt 0.1429 0.1429
vt 0.1429 0.2857
vt 0.1429 0.4286
vt 0.1429 0.5714
vt 0.1429 0.7143
vt 0.1429 0.8571
vt 0.1429 1.0000
vt 0.2143 0.0000
vt 0.2143 0.1429
vt 0.2143 0.2857
vt 0.2143 0.4286
vt 0.2143 0.5714
vt 0.2143 0.7143
vt 0.2143 0.8571
vt 0.2143 1.0000
vt 0.2857 0.0000
vt 0.2857 0.1429
vt 0.2857 0.2857
vt 0.2857 0.4286
vt 0.2857 0.5714
vt 0.2857 0.7143
vt 0.2857 0.8571
vt 0.2857 1.0000
vt 0.3571 0.0000
vt 0.3571 0.1429
vt 0.3571 0.2857
vt 0.3571 0.4286
vt 0.3571 0.5714
vt 0.3571 0.7143
vt 0.3571 0.8571
vt 0.3571 1.0000
vt 0.4286 0.0000
vt 0.4286 0.1429
vt 0.4286 0.2857
vt 0.4286 0.4286
vt 0.4286 0.5714
vt 0.4286 0.7143
vt 0.4286 0.8571
vt 0.4286 1.0000
vt 0.5000 0.0000
vt 0.5000 0.1429
vt 0.5000 0.2857
vt 0.5000 0.4286
vt 0.5000 0.5714
vt 0.5000 0.7143
vt 0.5000 0.8571
vt 0.5000 1.0000
vt 0.5714 0.0000
vt 0.5714 0.1429
vt 0.5714 0.2857
vt 0.5714 0.4286
vt 0.5714 0.5714
vt 0.5714 0.7143
vt 0.5714 0.8571
vt 0.5714 1.0000
vt 0.6429 0.0000
vt 0.6429 0.1429
vt 0.6429 0.2857
vt 0.6429 0.4286
vt 0.6429 0.5714
vt 0.6429 0.7143
vt 0.6429 0.8571
vt 0.6429 1.0000
vt 0.7143 0.0000
vt 0.7143 0.1429
vt 0.7143 0.2857
vt 0.7143 0.4286
vt 0.7143 0.5714
vt 0.7143 0.7143
vt 0.7143 0.8571
vt 0.7143 1.0000
vt 0.7857 0.0000
vt 0.7857 0.1429
vt 0.7857 0.2857
vt 0.7857 0.4286
vt 0.7857 0.5714
vt 0.7857 0.7143
vt 0.7857 0.8571
vt 0.7857 1.0000
vt 0.8571 0.0000
vt 0.8571 0.1429
vt 0.8571 0.2857
vt 0.8571 0.4286
vt 0.8571 0.5714
vt 0.8571 0.7143
vt 0.8571 0.8571
vt 0.8571 1.0000
vt 0.9286 0.0000
vt 0.9286 0.1429
vt 0.9286 0.2857
vt 0.9286 0.4286
vt 0.9286 0.5714
vt 0.9286 0.7143
vt 0.9286 0.8571
vt 0.9286 1.0000
vt 1.0000 0.0000
vt 1.0000 0.1429
vt 1.0000 0.2857
vt 1.0000 0.4286
vt 1.0000 0.5714
vt 1.0000 0.7143
vt 1.0000 0.8571
vt 1.0000 1.0000
vt 0.0000 0.0000
vt 0.0000 0.1429
vt 0.0000 0.2857
vt 0.0000 0.4286
vt 0.0000 0.5714
vt 0.0000 0.7143
vt 0.0000 0.8571
vt 0.0000 1.0000
vt 0.0714 0.0000
vt 0.0714 0.1429
vt 0.0714 0.2857
vt 0.0714 0.4286
vt 0.0714 0.5714
vt 0.0714 0.7143
vt 0.0714 0.8571
vt 0.0714 1.0000
vt 0.1429 0.0000
vt 0.1429 0.1429
vt 0.1429 0.2857
vt 0.1429 0.4286
vt 0.1429 0.5714
vt 0.1429 0.7143
vt 0.1429 0.8571
vt 0.1429 1.0000
vt 0.2143 0.0000
vt 0.2143 0.1429
vt 0.2143 0.2857
vt 0.2143 0.4286
vt 0.2143 0.5714
vt 0.2143 0.7143
vt 0.2143 0.8571
vt 0.2143 1.0000
vt 0.2857 0.0000
vt 0.2857 0.1429
vt 0.2857 0.2857
vt 0.2857 0.4286
vt 0.2857 0.5714
vt 0.2857 0.7143
vt 0.2857 0.8571
vt 0.2857 1.0000
vt 0.3571 0.0000
vt 0.3571 0.1429
vt 0.3571 0.2857
vt 0.3571 0.4286
vt 0.3571 0.5714
vt 0.3571 0.7143
vt 0.3571 0.8571
vt 0.3571 1.0000
vt 0.4286 0.0000
vt 0.4286 0.1429
vt 0.4286 0.2857
vt 0.4286 0.4286
vt 0.4286 0.5714
vt 0.4286 0.7143
vt 0.4286 0.8571
vt 0.4286 1.0000
vt 0.5000 0.0000
vt 0.5000 0.1429
vt 0.5000 0.2857
vt 0.5000 0.4286
vt 0.5000 0.5714
vt 0.5000 0.7143
vt 0.5000 0.8571
vt 0.5000 1.0000
vt 0.5714 0.0000
vt 0.5714 0.1429
vt 0.5714 0.2857
vt 0.5714 0.4286
vt 0.5714 0.5714
vt 0.5714 0.7143
vt 0.5714 0.8571
vt 0.5714 1.0000
vt 0.6429 0.0000
vt 0.6429 0.1429
vt 0.6429 0.2857
vt 0.6429 0.4286
vt 0.6429 0.5714
vt 0.6429 0.7143
vt 0.6429 0.8571
vt 0.6429 1.0000
vt 0.7143 0.0000
vt 0.7143 0.1429
vt 0.7143 0.2857
vt 0.7143 0.4286
vt 0.7143 0.5714
vt 0.7143 0.7143
vt 0.7143 0.8571
vt 0.7143 1.0000
vt 0.7857 0.0000
vt 0.7857 0.1429
vt 0.7857 0.2857
vt 0.7857 0.4286
vt 0.7857 0.5714
vt 0.7857 0.7143
vt 0.7857 0.8571
vt 0.7857 1.0000
vt 0.8571 0.0000
vt 0.8571 0.1429
vt 0.8571 0.2857
vt 0.8571 0.4286
vt 0.8571 0.5714
vt 0.8571 0.7143
vt 0.8571 0.8571
vt 0.8571 1.0000
vt 0.9286 0.0000
vt 0.9286 0.1429
vt 0.9286 0.2857
vt 0.9286 0.4286
vt 0.9286 0.5714
vt 0.9286 0.7143
vt 0.9286 0.8571
vt 0.9286 1.0000
vt 1.0000 0.0000
vt 1.0000 0.1429
vt 1.0000 0.2857
vt 1.0000 0.4286
vt 1.0000 0.5714
vt 1.0000 0.7143
vt 1.0000 0.8571
vt 1.0000 1.0000
vt 0.0000 0.0000
vt 0.0000 0.1429
vt 0.0000 0.2857
vt 0.0000 0.4286
vt 0.0000 0.5714
vt 0.0000 0.7143
vt 0.0000 0.8571
vt 0.0000 1.0000
vt 0.0714 0.0000
vt 0.0714 0.1429
vt 0.0714 0.2857
vt 0.0714 0.4286
vt 0.0714 0.5714
vt 0.0714 0.7143
vt 0.0714 0.8571
vt 0.0714 1.0000
vt 0.1429 0.0000
vt 0.1429 0.1429
vt 0.1429 0.2857
vt 0.1429 0.4286
vt 0.1429 0.5714
vt 0.1429 0.7143
vt 0.1429 0.8571
vt 0.1429 1.0000
vt 0.2143 0.0000
vt 0.2143 0.1429
vt 0.2143 0.2857
vt 0.2143 0.4286
vt 0.2143 0.5714
vt 0.2143 0.7143
vt 0.2143 0.8571
vt 0.2143 1.0000
vt 0.2857 0.0000
vt 0.2857 0.1429
vt 0.2857 0.2857
vt 0.2857 0.4286
vt 0.2857 0.5714
vt 0.2857 0.7143
vt 0.2857 0.8571
vt 0.2857 1.0000
vt 0.3571 0.0000
vt 0.3571 0.1429
vt 0.3571 0.2857
vt 0.3571 0.4286
vt 0.3571 0.5714
vt 0.3571 0.7143
vt 0.3571 0.8571
vt 0.3571 1.0000
vt 0.4286 0.0000
vt 0.4286 0.1429
vt 0.4286 0.2857
vt 0.4286 0.4286
vt 0.4286 0.5714
vt 0.4286 0.7143
vt 0.4286 0.8571
vt 0.4286 1.0000
vt 0.5000 0.0000
vt 0.5000 0.1429
vt 0.5000 0.2857
vt 0.5000 0.4286
vt 0.5000 0.5714
vt 0.5000 0.7143
vt 0.5000 0.8571
vt 0.5000 1.0000
vt 0.5714 0.0000
vt 0.5714 0.1429
vt 0.5714 0.2857
vt 0.5714 0.4286
vt 0.5714 0.5714
vt 0.5714 0.7143
vt 0.5714 0.8571
vt 0.5714 1.0000
vt 0.6429 0.0000
vt 0.6429 0.1429
vt 0.6429 0.2857
vt 0.6429 0.4286
vt 0.6429 0.5714
vt 0.6429 0.7143
vt 0.6429 0.8571
vt 0.6429 1.0000
vt 0.7143 0.0000
vt 0.7143 0.1429
vt 0.7143 0.2857
vt 0.7143 0.4286
vt 0.7143 0.5714
vt 0.7143 0.7143
vt 0.7143 0.8571
vt 0.7143 1.0000
vt 0.7857 0.0000
vt 0.7857 0.1429
vt 0.7857 0.2857
vt 0.7857 0.4286
vt 0.7857 0.5714
vt 0.7857 0.7143
vt 0.7857 0.8571
vt 0.7857 1.0000
vt 0.8571 0.0000
vt 0.8571 0.1429
vt 0.8571 0.2857
vt 0.8571 0.4286
vt 0.8571 0.5714
vt 0.8571 0.7143
vt 0.8571 0.8571
vt 0.8571 1.0000
vt 0.9286 0.0000
vt 0.9286 0.1429
vt 0.9286 0.2857
vt 0.9286 0.4286
vt 0.9286 0.5714
vt 0.9286 0.7143
vt 0.9286 0.8571
vt 0.9286 1.0000
vt 1.0000 0.0000
vt 1.0000 0.1429
vt 1.0000 0.2857
vt 1.0000 0.4286
vt 1.0000 0.5714
vt 1.0000 0.7143
vt 1.0000 0.8571
vt 1.0000 1.0000
vt 0.0000 0.0000
vt 0.0000 0.1429
vt 0.0000 0.2857
vt 0.0000 0.4286
vt 0.0000 0.5714
vt 0.0000 0.7143
vt 0.0000 0.8571
vt 0.0000 1.0000
vt 0.0714 0.0000
vt 0.0714 0.1429
vt 0.0714 0.2857
vt 0.0714 0.4286
vt 0.0714 0.5714
vt 0.0714 0.7143
vt 0.0714 0.8571
vt 0.0714 1.0000
vt 0.1429 0.0000
vt 0.1429 0.1429
vt 0.1429 0.2857
vt 0.1429 0.4286
vt 0.1429 0.5714
vt 0.1429 0.7143
vt 0.1429 0.8571
vt 0.1429 1.0000
vt 0.2143 0.0000
vt 0.2143 0.1429
vt 0.2143 0.2857
vt 0.2143 0.4286
vt 0.2143 0.5714
vt 0.2143 0.7143
vt 0.2143 0.8571
vt 0.2143 1.0000
vt 0.2857 0.0000
vt 0.2857 0.1429
vt 0.2857 0.2857
vt 0.2857 0.4286
vt 0.2857 0.5714
vt 0.2857 0.7143
vt 0.2857 0.8571
vt 0.2857 1.0000
vt 0.3571 0.0000
vt 0.3571 0.1429
vt 0.3571 0.2857
vt 0.3571 0.4286
vt 0.3571 0.5714
vt 0.3571 0.7143
vt 0.3571 0.8571
vt 0.3571 1.0000
vt 0.4286 0.0000
vt 0.4286 0.1429
vt 0.4286 0.2857
vt 0.4286 0.4286
vt 0.4286 0.5714
vt 0.4286 0.7143
vt 0.4286 0.8571
vt 0.4286 1.0000
vt 0.5000 0.0000
vt 0.5000 0.1429
vt 0.5000 0.2857
vt 0.5000 0.4286
vt 0.5000 0.5714
vt 0.5000 0.7143
vt 0.5000 0.8571
vt 0.5000 1.0000
vt 0.5714 0.0000
vt 0.5714 0.1429
vt 0.5714 0.2857
vt 0.5714 0.4286
vt 0.5714 0.5714
vt 0.5714 0.7143
vt 0.5714 0.8571
vt 0.5714 1.0000
vt 0.6429 0.0000
vt 0.6429 0.1429
vt 0.6429 0.2857
vt 0.6429 0.4286
vt 0.6429 0.5714
vt 0.6429 0.7143
vt 0.6429 0.8571
vt 0.6429 1.0000
vt 0.7143 0.0000
vt 0.7143 0.1429
vt 0.7143 0.2857
vt 0.7143 0.4286
vt 0.7143 0.5714
vt 0.7143 0.7143
vt 0.7143 0.8571
vt 0.7143 1.0000
vt 0.7857 0.0000
vt 0.7857 0.1429
vt 0.7857 0.2857
vt 0.7857 0.4286
vt 0.7857 0.5714
vt 0.7857 0.7143
vt 0.7857 0.8571
vt 0.7857 1.0000
vt 0.8571 0.0000
vt 0.8571 0.1429
vt 0.8571 0.2857
vt 0.8571 0.4286
vt 0.8571 0.5714
vt 0.8571 0.7143
vt 0.8571 0.8571
vt 0.8571 1.0000
vt 0.9286 0.0000
vt 0.9286 0.1429
vt 0.9286 0.2857
vt 0.9286 0.4286
vt 0.9286 0.5714
vt 0.9286 0.7143
vt 0.9286 0.8571
vt 0.9286 1.0000
vt 1.0000 0.0000
vt 1.0000 0.1429
vt 1.0000 0.2857
vt 1.0000 0.4286
vt 1.0000 0.5714
vt 1.0000 0.7143
vt 1.0000 0.8571
vt 1.0000 1.0000
vt 0.0000 0.0000
vt 0.0000 0.1429
vt 0.0000 0.2857
vt 0.0000 0.4286
vt 0.0000 0.5714
vt 0.0000 0.7143
vt 0.0000 0.8571
vt 0.0000 1.0000
vt 0.0714 0.0000
vt 0.0714 0.1429
vt 0.0714 0.2857
vt 0.0714 0.4286
vt 0.0714 0.5714
vt 0.0714 0.7143
vt 0.0714 0.8571
vt 0.0714 1.0000
vt 0.1429 0.0000
vt 0.1429 0.1429
vt 0.1429 0.2857
vt 0.1429 0.4286
vt 0.1429 0.5714
vt 0.1429 0.7143
vt 0.1429 0.8571
vt 0.1429 1.0000
vt 0.2143 0.0000
vt 0.2143 0.1429
vt 0.2143 0.2857
vt 0.2143 0.4286
vt 0.2143 0.5714
vt 0.2143 0.7143
vt 0.2143 0.8571
vt 0.2143 1.0000
vt 0.2857 0.0000
vt 0.2857 0.1429
vt 0.2857 0.2857
vt 0.2857 0.4286
vt 0.2857 0.5714
vt 0.2857 0.7143
vt 0.2857 0.8571
vt 0.2857 1.0000
vt 0.3571 0.0000
vt 0.3571 0.1429
vt 0.3571 0.2857
vt 0.3571 0.4286
vt 0.3571 0.5714
vt 0.3571 0.7143
vt 0.3571 0.8571
vt 0.3571 1.0000
vt 0.4286 0.0000
vt 0.4286 0.1429
vt 0.4286 0.2857
vt 0.4286 0.4286
vt 0.4286 0.5714
vt 0.4286 0.7143
vt 0.4286 0.8571
vt 0.4286 1.0000
vt 0.5000 0.0000
vt 0.5000 0.1429
vt 0.5000 0.2857
vt 0.5000 0.4286
vt 0.5000 0.5714
vt 0.5000 0.7143
vt 0.5000 0.8571
vt 0.5000 1.0000
vt 0.5714 0.0000
vt 0.5714 0.1429
vt 0.5714 0.2857
vt 0.5714 0.4286
vt 0.5714 0.5714
vt 0.5714 0.7143
vt 0.5714 0.8571
vt 0.5714 1.0000
vt 0.6429 0.0000
vt 0.6429 0.1429
vt 0.6429 0.2857
vt 0.6429 0.4286
vt 0.6429 0.5714
vt 0.6429 0.7143
vt 0.6429 0.8571
vt 0.6429 1.0000
vt 0.7143 0.0000
vt 0.7143 0.1429
vt 0.7143 0.2857
vt 0.7143 0.4286
vt 0.7143 0.5714
vt 0.7143 0.7143
vt 0.7143 0.8571
vt 0.7143 1.0000
vt 0.7857 0.0000
vt 0.7857 0.1429
vt 0.7857 0.2857
vt 0.7857 0.4286
vt 0.7857 0.5714
vt 0.7857 0.7143
vt 0.7857 0.8571
vt 0.7857 1.0000
vt 0.8571 0.0000
vt 0.8571 0.1429
vt 0.8571 0.2857
vt 0.8571 0.4286
vt 0.8571 0.5714
vt 0.8571 0.7143
vt 0.8571 0.8571
vt 0.8571 1.0000
vt 0.9286 0.0000
vt 0.9286 0.1429
vt 0.9286 0.2857
vt 0.9286 0.4286
vt 0.9286 0.5714
vt 0.9286 0.7143
vt 0.9286 0.8571
vt 0.9286 1.0000
vt 1.0000 0.0000
vt 1.0000 0.1429
vt 1.0000 0.2857
vt 1.0000 0.4286
vt 1.0000 0.5714
vt 1.0000 0.7143
vt 1.0000 0.8571
vt 1.0000 1.0000
vt 0.0000 0.0000
vt 0.0000 0.1429
vt 0.0000 0.2857
vt 0.0000 0.4286
vt 0.0000 0.5714
vt 0.0000 0.7143
vt 0.0000 0.8571
vt 0.0000 1.0000
vt 0.0714 0.0000
vt 0.0714 0.1429
vt 0.0714 0.2857
vt 0.0714 0.4286
vt 0.0714 0.5714
vt 0.0714 0.7143
vt 0.0714 0.8571
vt 0.0714 1.0000
vt 0.1429 0.0000
vt 0.1429 0.1429
vt 0.1429 0.2857
vt 0.1429 0.4286
vt 0.1429 0.5714
vt 0.1429 0.7143
vt 0.1429 0.8571
vt 0.1429 1.0000
vt 0.2143 0.0000
vt 0.2143 0.1429
vt 0.2143 0.2857
vt 0.2143 0.4286
vt 0.2143 0.5714
vt 0.2143 0.7143
vt 0.2143 0.8571
vt 0.2143 1.0000
vt 0.2857 0.0000
vt 0.2857 0.1429
vt 0.2857 0.2857
vt 0.2857 0.4286
vt 0.2857 0.5714
vt 0.2857 0.7143
vt 0.2857 0.8571
vt 0.2857 1.0000
vt 0.3571 0.0000
vt 0.3571 0.1429
vt 0.3571 0.2857
vt 0.3571 0.4286
vt 0.3571 0.5714
vt 0.3571 0.7143
vt 0.3571 0.8571
vt 0.3571 1.0000
vt 0.4286 0.0000
vt 0.4286 0.1429
vt 0.4286 0.2857
vt 0.4286 0.4286
vt 0.4286 0.5714
vt 0.4286 0.7143
vt 0.4286 0.8571
vt 0.4286 1.0000
vt 0.5000 0.0000
vt 0.5000 0.1429
vt 0.5000 0.2857
vt 0.5000 0.4286
vt 0.5000 0.5714
vt 0.5000 0.7143
vt 0.5000 0.8571
vt 0.5000 1.0000
vt 0.5714 0.0000
vt 0.5714 0.1429
vt 0.5714 0.2857
vt 0.5714 0.4286
vt 0.5714 0.5714
vt 0.5714 0.7143
vt 0.5714 0.8571
vt 0.5714 1.0000
vt 0.6429 0.0000
vt 0.6429 0.1429
vt 0.6429 0.2857
vt 0.6429 0.4286
vt 0.6429 0.5714
vt 0.6429 0.7143
vt 0.6429 0.8571
vt 0.6429 1.0000
vt 0.7143 0.0000
vt 0.7143 0.1429
vt 0.7143 0.2857
vt 0.7143 0.4286
vt 0.7143 0.5714
vt 0.7143 0.7143
vt 0.7143 0.8571
vt 0.7143 1.0000
vt 0.7857 0.0000
vt 0.7857 0.1429
vt 0.7857 0.2857
vt 0.7857 0.4286
vt 0.7857 0.5714
vt 0.7857 0.7143
vt 0.7857 0.8571
vt 0.7857 1.0000
vt 0.8571 0.0000
vt 0.8571 0.1429
vt 0.8571 0.2857
vt 0.8571 0.4286
vt 0.8571 0.5714
vt 0.8571 0.7143
vt 0.8571 0.8571
vt 0.8571 1.0000
vt 0.9286 0.0000
vt 0.9286 0.1429
vt 0.9286 0.2857
vt 0.9286 0.4286
vt 0.9286 0.5714
vt 0.9286 0.7143
vt 0.9286 0.8571
vt 0.9286 1.0000
vt 1.0000 0.0000
vt 1.0000 0.1429
vt 1.0000 0.2857
vt 1.0000 0.4286
vt 1.0000 0.5714
vt 1.0000 0.7143
vt 1.0000 0.8571
vt 1.0000 1.0000
vt 0.0000 0.0000
vt 0.0000 0.1429
vt 0.0000 0.2857
vt 0.0000 0.4286
vt 0.0000 0.5714
vt 0.0000 0.7143
vt 0.0000 0.8571
vt 0.0000 1.0000
vt 0.0714 0.0000
vt 0.0714 0.1429
vt 0.0714 0.2857
vt 0.0714 0.4286
vt 0.0714 0.5714
vt 0.0714 0.7143
vt 0.0714 0.8571
vt 0.0714 1.0000
vt 0.1429 0.0000
vt 0.1429 0.1429
vt 0.1429 0.2857
vt 0.1429 0.4286
vt 0.1429 0.5714
vt 0.1429 0.7143
vt 0.1429 0.8571
vt 0.1429 1.0000
vt 0.2143 0.0000
vt 0.2143 0.1429
vt 0.2143 0.2857
vt 0.2143 0.4286
vt 0.2143 0.5714
vt 0.2143 0.7143
vt 0.2143 0.8571
vt 0.2143 1.0000
vt 0.2857 0.0000
vt 0.2857 0.1429
vt 0.2857 0.2857
vt 0.2857 0.4286
vt 0.2857 0.5714
vt 0.2857 0.7143
vt 0.2857 0.8571
vt 0.2857 1.0000
vt 0.3571 0.0000
vt 0.3571 0.1429
vt 0.3571 0.2857
vt 0.3571 0.4286
vt 0.3571 0.5714
vt 0.3571 0.7143
vt 0.3571 0.8571
vt 0.3571 1.0000
vt 0.4286 0.0000
vt 0.4286 0.1429
vt 0.4286 0.2857
vt 0.4286 0.4286
vt 0.4286 0.5714
vt 0.4286 0.7143
vt 0.4286 0.8571
vt 0.4286 1.0000
vt 0.5000 0.0000
vt 0.5000 0.1429
vt 0.5000 0.2857
vt 0.5000 0.4286
vt 0.5000 0.5714
vt 0.5000 0.7143
vt 0.5000 0.8571
vt 0.5000 1.0000
vt 0.5714 0.0000
vt 0.5714 0.1429
vt 0.5714 0.2857
vt 0.5714 0.4286
vt 0.5714 0.5714
vt 0.5714 0.7143
vt 0.5714 0.8571
vt 0.5714 1.0000
vt 0.6429 0.0000
vt 0.6429 0.1429
vt 0.6429 0.2857
vt 0.6429 0.4286
vt 0.6429 0.5714
vt 0.6429 0.7143
vt 0.6429 0.8571
vt 0.6429 1.0000
vt 0.7143 0.0000
vt 0.7143 0.1429
vt 0.7143 0.2857
vt 0.7143 0.4286
vt 0.7143 0.5714
vt 0.7143 0.7143
vt 0.7143 0.8571
vt 0.7143 1.0000
vt 0.7857 0.0000
vt 0.7857 0.1429
vt 0.7857 0.2857
vt 0.7857 0.4286
vt 0.7857 0.5714
vt 0.7857 0.7143
vt 0.7857 0.8571
vt 0.7857 1.0000
vt 0.8571 0.0000
vt 0.8571 0.1429
vt 0.8571 0.2857
vt 0.8571 0.4286
vt 0.8571 0.5714
vt 0.8571 0.7143
vt 0.8571 0.8571
vt 0.8571 1.0000
vt 0.9286 0.0000
vt 0.9286 0.1429
vt 0.9286 0.2857
vt 0.9286 0.4286
vt 0.9286 0.5714
vt 0.9286 0.7143
vt 0.9286 0.8571
vt 0.9286 1.0000
vt 1.0000 0.0000
vt 1.0000 0.1429
vt 1.0000 0.2857
vt 1.0000 0.4286
vt 1.0000 0.5714
vt 1.0000 0.7143
vt 1.0000 0.8571
vt 1.0000 1.0000
vt 0.5000 1.0000
vt 0.5000 0.0000
vt 0.0000 0.8889
vt 0.0714 0.8889
vt 0.1429 0.8889
vt 0.2143 0.8889
vt 0.2857 0.8889
vt 0.3571 0.8889
vt 0.4286 0.8889
vt 0.5000 0.8889
vt 0.5714 0.8889
vt 0.6429 0.8889
vt 0.7143 0.8889
vt 0.7857 0.8889
vt 0.8571 0.8889
vt 0.9286 0.8889
vt 1.0000 0.8889
vt 0.0000 0.7778
vt 0.0714 0.7778
vt 0.1429 0.7778
vt 0.2143 0.7778
vt 0.2857 0.7778
vt 0.3571 0.7778
vt 0.4286 0.7778
vt 0.5000 0.7778
vt 0.5714 0.7778
vt 0.6429 0.7778
vt 0.7143 0.7778
vt 0.7857 0.7778
vt 0.8571 0.7778
vt 0.9286 0.7778
vt 1.0000 0.7778
vt 0.0000 0.6667
vt 0.0714 0.6667
vt 0.1429 0.6667
vt 0.2143 0.6667
vt 0.2857 0.6667
vt 0.3571 0.6667
vt 0.4286 0.6667
vt 0.5000 0.6667
vt 0.5714 0.6667
vt 0.6429 0.6667
vt 0.7143 0.6667
vt 0.7857 0.6667
vt 0.8571 0.6667
vt 0.9286 0.6667
vt 1.0000 0.6667
vt 0.0000 0.5556
vt 0.0714 0.5556
vt 0.1429 0.5556
vt 0.2143 0.5556
vt 0.2857 0.5556
vt 0.3571 0.5556
vt 0.4286 0.5556
vt 0.5000 0.5556
vt 0.5714 0.5556
vt 0.6429 0.5556
vt 0.7143 0.5556
vt 0.7857 0.5556
vt 0.8571 0.5556
vt 0.9286 0.5556
vt 1.0000 0.5556
vt 0.0000 0.4444
vt 0.0714 0.4444
vt 0.1429 0.4444
vt 0.2143 0.4444
vt 0.2857 0.4444
vt 0.3571 0.4444
vt 0.4286 0.4444
vt 0.5000 0.4444
vt 0.5714 0.4444
vt 0.6429 0.4444
vt 0.7143 0.4444
vt 0.7857 0.4444
vt 0.8571 0.4444
vt 0.9286 0.4444
vt 1.0000 0.4444
vt 0.0000 0.3333
vt 0.0714 0.3333
vt 0.1429 0.3333
vt 0.2143 0.3333
vt 0.2857 0.3333
vt 0.3571 0.3333
vt 0.4286 0.3333
vt 0.5000 0.3333
vt 0.5714 0.3333
vt 0.6429 0.3333
vt 0.7143 0.3333
vt 0.7857 0.3333
vt 0.8571 0.3333
vt 0.9286 0.3333
vt 1.0000 0.3333
vt 0.0000 0.2222
vt 0.0714 0.2222
vt 0.1429 0.2222
vt 0.2143 0.2222
vt 0.2857 0.2222
vt 0.3571 0.2222
vt 0.4286 0.2222
vt 0.5000 0.2222
vt 0.5714 0.2222
vt 0.6429 0.2222
vt 0.7143 0.2222
vt 0.7857 0.2222
vt 0.8571 0.2222
vt 0.9286 0.2222
vt 1.0000 0.2222
vt 0.0000 0.1111
vt 0.0714 0.1111
vt 0.1429 0.1111
vt 0.2143 0.1111
vt 0.2857 0.1111
vt 0.3571 0.1111
vt 0.4286 0.1111
vt 0.5000 0.1111
vt 0.5714 0.1111
vt 0.6429 0.1111
vt 0.7143 0.1111
vt 0.7857 0.1111
vt 0.8571 0.1111
vt 0.9286 0.1111
vt 1.0000 0.1111
vt 0.0000 0.0000
vt 0.0000 1.0000
vt 0.1000 0.0000
vt 0.1000 1.0000
vt 0.2000 0.0000
vt 0.2000 1.0000
vt 0.3000 0.0000
vt 0.3000 1.0000
vt 0.4000 0.0000
vt 0.4000 1.0000
vt 0.5000 0.0000
vt 0.5000 1.0000
vt 0.6000 0.0000
vt 0.6000 1.0000
vt 0.7000 0.0000
vt 0.7000 1.0000
vt 0.8000 0.0000
vt 0.8000 1.0000
vt 0.9000 0.0000
vt 0.9000 1.0000
vt 1.0000 0.0000
vt 1.0000 1.0000
vt 0.5000 0.0000
f 1/1 9/9 10/10 2/2
f 2/2 10/10 11/11 3/3
f 3/3 11/11 12/12 4/4
f 4/4 12/12 13/13 5/5
f 5/5 13/13 14/14 6/6
f 6/6 14/14 15/15 7/7
f 7/7 15/15 16/16 8/8
f 9/9 17/17 18/18 10/10
f 10/10 18/18 19/19 11/11
f 11/11 19/19 20/20 12/12
f 12/12 20/20 21/21 13/13
f 13/13 21/21 22/22 14/14
f 14/14 22/22 23/23 15/15
f 15/15 23/23 24/24 16/16
f 17/17 25/25 26/26 18/18
f 18/18 26/26 27/27 19/19
f 19/19 27/27 28/28 20/20
f 20/20 28/28 29/29 21/21
f 21/21 29/29 30/30 22/22
f 22/22 30/30 31/31 23/23
f 23/23 31/31 32/32 24/24
f 25/25 33/33 34/34 26/26
f 26/26 34/34 35/35 27/27
f 27/27 35/35 36/36 28/28
f 28/28 36/36 37/37 29/29
f 29/29 37/37 38/38 30/30
f 30/30 38/38 39/39 31/31
f 31/31 39/39 40/40 32/32
f 33/33 41/41 42/42 34/34
f 34/34 42/42 43/43 35/35
f 35/35 43/43 44/44 36/36
f 36/36 44/44 45/45 37/37
f 37/37 45/45 46/46 38/38
f 38/38 46/46 47/47 39/39
f 39/39 47/47 48/48 40/40
f 41/41 49/49 50/50 42/42
f 42/42 50/50 51/51 43/43
f 43/43 51/51 52/52 44/44
f 44/44 52/52 53/53 45/45
f 45/45 53/53 54/54 46/46
f 46/46 54/54 55/55 47/47
f 47/47 55/55 56/56 48/48
f 49/49 57/57 58/58 50/50
f 50/50 58/58 59/59 51/51
f 51/51 59/59 60/60 52/52
f 52/52 60/60 61/61 53/53
f 53/53 61/61 62/62 54/54
f 54/54 62/62 63/63 55/55
f 55/55 63/63 64/64 56/56
f 57/57 65/65 66/66 58/58
f 58/58 66/66 67/67 59/59
f 59/59 67/67 68/68 60/60
f 60/60 68/68 69/69 61/61
f 61/61 69/69 70/70 62/62
f 62/62 70/70 71/71 63/63
f 63/63 71/71 72/72 64/64
f 65/65 73/73 74/74 66/66
f 66/66 74/74 75/75 67/67
f 67/67 75/75 76/76 68/68
f 68/68 76/76 77/77 69/69
f 69/69 77/77 78/78 70/70
f 70/70 78/78 79/79 71/71
f 71/71 79/79 80/80 72/72
f 73/73 81/81 82/82 74/74
f 74/74 82/82 83/83 75/75
f 75/75 83/83 84/84 76/76
f 76/76 84/84 85/85 77/77
f 77/77 85/85 86/86 78/78
f 78/78 86/86 87/87 79/79
f 79/79 87/87 88/88 80/80
f 81/81 89/89 90/90 82/82
f 82/82 90/90 91/91 83/83
f 83/83 91/91 92/92 84/84
f 84/84 92/92 93/93 85/85
f 85/85 93/93 94/94 86/86
f 86/86 94/94 95/95 87/87
f 87/87 95/95 96/96 88/88
f 89/89 97/97 98/98 90/90
f 90/90 98/98 99/99 91/91
f 91/91 99/99 100/100 92/92
f 92/92 100/100 101/101 93/93
f 93/93 101/101 102/102 94/94
f 94/94 102/102 103/103 95/95
f 95/95 103/103 104/104 96/96
f 97/97 105/105 106/106 98/98
f 98/98 106/106 107/107 99/99
f 99/99 107/107 108/108 100/100
f 100/100 108/108 109/109 101/101
f 101/101 109/109 110/110 102/102
f 102/102 110/110 111/111 103/103
f 103/103 111/111 112/112 104/104
f 105/105 113/113 114/114 106/106
f 106/106 114/114 115/115 107/107
f 107/107 115/115 116/116 108/108
f 108/108 116/116 117/117 109/109
f 109/109 117/117 118/118 110/110
f 110/110 118/118 119/119 111/111
f 111/111 119/119 120/120 112/112
f 121/121 129/129 130/130 122/122
f 122/122 130/130 131/131 123/123
f 123/123 131/131 132/132 124/124
f 124/124 132/132 133/133 125/125
f 125/125 133/133 134/134 126/126
f 126/126 134/134 135/135 127/127
f 127/127 135/135 136/136 128/128
f 129/129 137/137 138/138 130/130
f 130/130 138/138 139/139 131/131
f 131/131 139/139 140/140 132/132
f 132/132 140/140 141/141 133/133
f 133/133 141/141 142/142 134/134
f 134/134 142/142 143/143 135/135
f 135/135 143/143 144/144 136/136
f 137/137 145/145 146/146 138/138
f 138/138 146/146 147/147 139/139
f 139/139 147/147 148/148 140/140
f 140/140 148/148 149/149 141/141
f 141/141 149/149 150/150 142/142
f 142/142 150/150 151/151 143/143
f 143/143 151/151 152/152 144/144
f 145/145 153/153 154/154 146/146
f 146/146 154/154 155/155 147/147
f 147/147 155/155 156/156 148/148
f 148/148 156/156 157/157 149/149
f 149/149 157/157 158/158 150/150
f 150/150 158/158 159/159 151/151
f 151/151 159/159 160/160 152/152
f 153/153 161/161 162/162 154/154
f 154/154 162/162 163/163 155/155
f 155/155 163/163 164/164 156/156
f 156/156 164/164 165/165 157/157
f 157/157 165/165 166/166 158/158
f 158/158 166/166 167/167 159/159
f 159/159 167/167 168/168 160/160
f 161/161 169/169 170/170 162/162
f 162/162 170/170 171/171 163/163
f 163/163 171/171 172/172 164/164
f 164/164 172/172 173/173 165/165
f 165/165 173/173 174/174 166/166
f 166/166 174/174 175/175 167/167
f 167/167 175/175 176/176 168/168
f 169/169 177/177 178/178 170/170
f 170/170 178/178 179/179 171/171
f 171/171 179/179 180/180 172/172
f 172/172 180/180 181/181 173/173
f 173/173 181/181 182/182 174/174
f 174/174 182/182 183/183 175/175
f 175/175 183/183 184/184 176/176
f 177/177 185/185 186/186 178/178
f 178/178 186/186 187/187 179/179
f 179/179 187/187 188/188 180/180
f 180/180 188/188 189/189 181/181
f 181/181 189/189 190/190 182/182
f 182/182 190/190 191/191 183/183
f 183/183 191/191 192/192 184/184
f 185/185 193/193 194/194 186/186
f 186/186 194/194 195/195 187/187
f 187/187 195/195 196/196 188/188
f 188/188 196/196 197/197 189/189
f 189/189 197/197 198/198 190/190
f 190/190 198/198 199/199 191/191
f 191/191 199/199 200/200 192/192
f 193/193 201/201 202/202 194/194
f 194/194 202/202 203/203 195/195
f 195/195 203/203 204/204 196/196
f 196/196 204/204 205/205 197/197
f 197/197 205/205 206/206 198/198
f 198/198 206/206 207/207 199/199
f 199/199 207/207 208/208 200/200
f 201/201 209/209 210/210 202/202
f 202/202 210/210 211/211 203/203
f 203/203 211/211 212/212 204/204
f 204/204 212/212 213/213 205/205
f 205/205 213/213 214/214 206/206
f 206/206 214/214 215/215 207/207
f 207/207 215/215 216/216 208/208
f 209/209 217/217 218/218 210/210
f 210/210 218/218 219/219 211/211
f 211/211 219/219 220/220 212/212
f 212/212 220/220 221/221 213/213
f 213/213 221/221 222/222 214/214
f 214/214 222/222 223/223 215/215
f 215/215 223/223 224/224 216/216
f 217/217 225/225 226/226 218/218
f 218/218 226/226 227/227 219/219
f 219/219 227/227 228/228 220/220
f 220/220 228/228 229/229 221/221
f 221/221 229/229 230/230 222/222
f 222/222 230/230 231/231 223/223
f 223/223 231/231 232/232 224/224
f 225/225 233/233 234/234 226/226
f 226/226 234/234 235/235 227/227
f 227/227 235/235 236/236 228/228
f 228/228 236/236 237/237 229/229
f 229/229 237/237 238/238 230/230
f 230/230 238/238 239/239 231/231
f 231/231 239/239 240/240 232/232
f 241/241 249/249 250/250 242/242
f 242/242 250/250 251/251 243/243
f 243/243 251/251 252/252 244/244
f 244/244 252/252 253/253 245/245
f 245/245 253/253 254/254 246/246
f 246/246 254/254 255/255 247/247
f 247/247 255/255 256/256 248/248
f 249/249 257/257 258/258 250/250
f 250/250 258/258 259/259 251/251
f 251/251 259/259 260/260 252/252
f 252/252 260/260 261/261 253/253
f 253/253 261/261 262/262 254/254
f 254/254 262/262 263/263 255/255
f 255/255 263/263 264/264 256/256
f 257/257 265/265 266/266 258/258
f 258/258 266/266 267/267 259/259
f 259/259 267/267 268/268 260/260
f 260/260 268/268 269/269 261/261
f 261/261 269/269 270/270 262/262
f 262/262 270/270 271/271 263/263
f 263/263 271/271 272/272 264/264
f 265/265 273/273 274/274 266/266
f 266/266 274/274 275/275 267/267
f 267/267 275/275 276/276 268/268
f 268/268 276/276 277/277 269/269
f 269/269 277/277 278/278 270/270
f 270/270 278/278 279/279 271/271
f 271/271 279/279 280/280 272/272
f 273/273 281/281 282/282 274/274
f 274/274 282/282 283/283 275/275
f 275/275 283/283 284/284 276/276
f 276/276 284/284 285/285 277/277
f 277/277 285/285 286/286 278/278
f 278/278 286/286 287/287 279/279
f 279/279 287/287 288/288 280/280
f 281/281 289/289 290/290 282/282
f 282/282 290/290 291/291 283/283
f 283/283 291/291 292/292 284/284
f 284/284 292/292 293/293 285/285
f 285/285 293/293 294/294 286/286
f 286/286 294/294 295/295 287/287
f 287/287 295/295 296/296 288/288
f 289/289 297/297 298/298 290/290
f 290/290 298/298 299/299 291/291
f 291/291 299/299 300/300 292/292
f 292/292 300/300 301/301 293/293
f 293/293 301/301 302/302 294/294
f 294/294 302/302 303/303 295/295
f 295/295 303/303 304/304 296/296
f 297/297 305/305 306/306 298/298
f 298/298 306/306 307/307 299/299
f 299/299 307/307 308/308 300/300
f 300/300 308/308 309/309 301/301
f 301/301 309/309 310/310 302/302
f 302/302 310/310 311/311 303/303
f 303/303 311/311 312/312 304/304
f 305/305 313/313 314/314 306/306
f 306/306 314/314 315/315 307/307
f 307/307 315/315 316/316 308/308
f 308/308 316/316 317/317 309/309
f 309/309 317/317 318/318 310/310
f 310/310 318/318 319/319 311/311
f 311/311 319/319 320/320 312/312
f 313/313 321/321 322/322 314/314
f 314/314 322/322 323/323 315/315
f 315/315 323/323 324/324 316/316
f 316/316 324/324 325/325 317/317
f 317/317 325/325 326/326 318/318
f 318/318 326/326 327/327 319/319
f 319/319 327/327 328/328 320/320
f 321/321 329/329 330/330 322/322
f 322/322 330/330 331/331 323/323
f 323/323 331/331 332/332 324/324
f 324/324 332/332 333/333 325/325
f 325/325 333/333 334/334 326/326
f 326/326 334/334 335/335 327/327
f 327/327 335/335 336/336 328/328
f 329/329 337/337 338/338 330/330
f 330/330 338/338 339/339 331/331
f 331/331 339/339 340/340 332/332
f 332/332 340/340 341/341 333/333
f 333/333 341/341 342/342 334/334
f 334/334 342/342 343/343 335/335
f 335/335 343/343 344/344 336/336
f 337/337 345/345 346/346 338/338
f 338/338 346/346 347/347 339/339
f 339/339 347/347 348/348 340/340
f 340/340 348/348 349/349 341/341
f 341/341 349/349 350/350 342/342
f 342/342 350/350 351/351 343/343
f 343/343 351/351 352/352 344/344
f 345/345 353/353 354/354 346/346
f 346/346 354/354 355/355 347/347
f 347/347 355/355 356/356 348/348
f 348/348 356/356 357/357 349/349
f 349/349 357/357 358/358 350/350
f 350/350 358/358 359/359 351/351
f 351/351 359/359 360/360 352/352
f 361/361 369/369 370/370 362/362
f 362/362 370/370 371/371 363/363
f 363/363 371/371 372/372 364/364
f 364/364 372/372 373/373 365/365
f 365/365 373/373 374/374 366/366
f 366/366 374/374 375/375 367/367
f 367/367 375/375 376/376 368/368
f 369/369 377/377 378/378 370/370
f 370/370 378/378 379/379 371/371
f 371/371 379/379 380/380 372/372
f 372/372 380/380 381/381 373/373
f 373/373 381/381 382/382 374/374
f 374/374 382/382 383/383 375/375
f 375/375 383/383 384/384 376/376
f 377/377 385/385 386/386 378/378
f 378/378 386/386 387/387 379/379
f 379/379 387/387 388/388 380/380
f 380/380 388/388 389/389 381/381
f 381/381 389/389 390/390 382/382
f 382/382 390/390 391/391 383/383
f 383/383 391/391 392/392 384/384
f 385/385 393/393 394/394 386/386
f 386/386 394/394 395/395 387/387
f 387/387 395/395 396/396 388/388
f 388/388 396/396 397/397 389/389
f 389/389 397/397 398/398 390/390
f 390/390 398/398 399/399 391/391
f 391/391 399/399 400/400 392/392
f 393/393 401/401 402/402 394/394
f 394/394 402/402 403/403 395/395
f 395/395 403/403 404/404 396/396
f 396/396 404/404 405/405 397/397
f 397/397 405/405 406/406 398/398
f 398/398 406/406 407/407 399/399
f 399/399 407/407 408/408 400/400
f 401/401 409/409 410/410 402/402
f 402/402 410/410 411/411 403/403
f 403/403 411/411 412/412 404/404
f 404/404 412/412 413/413 405/405
f 405/405 413/413 414/414 406/406
f 406/406 414/414 415/415 407/407
f 407/407 415/415 416/416 408/408
f 409/409 417/417 418/418 410/410
f 410/410 418/418 419/419 411/411
f 411/411 419/419 420/420 412/412
f 412/412 420/420 421/421 413/413
f 413/413 421/421 422/422 414/414
f 414/414 422/422 423/423 415/415
f 415/415 423/423 424/424 416/416
f 417/417 425/425 426/426 418/418
f 418/418 426/426 427/427 419/419
f 419/419 427/427 428/428 420/420
f 420/420 428/428 429/429 421/421
f 421/421 429/429 430/430 422/422
f 422/422 430/430 431/431 423/423
f 423/423 431/431 432/432 424/424
f 425/425 433/433 434/434 426/426
f 426/426 434/434 435/435 427/427
f 427/427 435/435 436/436 428/428
f 428/428 436/436 437/437 429/429
f 429/429 437/437 438/438 430/430
f 430/430 438/438 439/439 431/431
f 431/431 439/439 440/440 432/432
f 433/433 441/441 442/442 434/434
f 434/434 442/442 443/443 435/435
f 435/435 443/443 444/444 436/436
f 436/436 444/444 445/445 437/437
f 437/437 445/445 446/446 438/438
f 438/438 446/446 447/447 439/439
f 439/439 447/447 448/448 440/440
f 441/441 449/449 450/450 442/442
f 442/442 450/450 451/451 443/443
f 443/443 451/451 452/452 444/444
f 444/444 452/452 453/453 445/445
f 445/445 453/453 454/454 446/446
f 446/446 454/454 455/455 447/447
f 447/447 455/455 456/456 448/448
f 449/449 457/457 458/458 450/450
f 450/450 458/458 459/459 451/451
f 451/451 459/459 460/460 452/452
f 452/452 460/460 461/461 453/453
f 453/453 461/461 462/462 454/454
f 454/454 462/462 463/463 455/455
f 455/455 463/463 464/464 456/456
f 457/457 465/465 466/466 458/458
f 458/458 466/466 467/467 459/459
f 459/459 467/467 468/468 460/460
f 460/460 468/468 469/469 461/461
f 461/461 469/469 470/470 462/462
f 462/462 470/470 471/471 463/463
f 463/463 471/471 472/472 464/464
f 465/465 473/473 474/474 466/466
f 466/466 474/474 475/475 467/467
f 467/467 475/475 476/476 468/468
f 468/468 476/476 477/477 469/469
f 469/469 477/477 478/478 470/470
f 470/470 478/478 479/479 471/471
f 471/471 479/479 480/480 472/472
f 481/481 489/489 490/490 482/482
f 482/482 490/490 491/491 483/483
f 483/483 491/491 492/492 484/484
f 484/484 492/492 493/493 485/485
f 485/485 493/493 494/494 486/486
f 486/486 494/494 495/495 487/487
f 487/487 495/495 496/496 488/488
f 489/489 497/497 498/498 490/490
f 490/490 498/498 499/499 491/491
f 491/491 499/499 500/500 492/492
f 492/492 500/500 501/501 493/493
f 493/493 501/501 502/502 494/494
f 494/494 502/502 503/503 495/495
f 495/495 503/503 504/504 496/496
f 497/497 505/505 506/506 498/498
f 498/498 506/506 507/507 499/499
f 499/499 507/507 508/508 500/500
f 500/500 508/508 509/509 501/501
f 501/501 509/509 510/510 502/502
f 502/502 510/510 511/511 503/503
f 503/503 511/511 512/512 504/504
f 505/505 513/513 514/514 506/506
f 506/506 514/514 515/515 507/507
f 507/507 515/515 516/516 508/508
f 508/508 516/516 517/517 509/509
f 509/509 517/517 518/518 510/510
f 510/510 518/518 519/519 511/511
f 511/511 519/519 520/520 512/512
f 513/513 521/521 522/522 514/514
f 514/514 522/522 523/523 515/515
f 515/515 523/523 524/524 516/516
f 516/516 524/524 525/525 517/517
f 517/517 525/525 526/526 518/518
f 518/518 526/526 527/527 519/519
f 519/519 527/527 528/528 520/520
f 521/521 529/529 530/530 522/522
f 522/522 530/530 531/531 523/523
f 523/523 531/531 532/532 524/524
f 524/524 532/532 533/533 525/525
f 525/525 533/533 534/534 526/526
f 526/526 534/534 535/535 527/527
f 527/527 535/535 536/536 528/528
f 529/529 537/537 538/538 530/530
f 530/530 538/538 539/539 531/531
f 531/531 539/539 540/540 532/532
f 532/532 540/540 541/541 533/533
f 533/533 541/541 542/542 534/534
f 534/534 542/542 543/543 535/535
f 535/535 543/543 544/544 536/536
f 537/537 545/545 546/546 538/538
f 538/538 546/546 547/547 539/539
f 539/539 547/547 548/548 540/540
f 540/540 548/548 549/549 541/541
f 541/541 549/549 550/550 542/542
f 542/542 550/550 551/551 543/543
f 543/543 551/551 552/552 544/544
f 545/545 553/553 554/554 546/546
f 546/546 554/554 555/555 547/547
f 547/547 555/555 556/556 548/548
f 548/548 556/556 557/557 549/549
f 549/549 557/557 558/558 550/550
f 550/550 558/558 559/559 551/551
f 551/551 559/559 560/560 552/552
f 553/553 561/561 562/562 554/554
f 554/554 562/562 563/563 555/555
f 555/555 563/563 564/564 556/556
f 556/556 564/564 565/565 557/557
f 557/557 565/565 566/566 558/558
f 558/558 566/566 567/567 559/559
f 559/559 567/567 568/568 560/560
f 561/561 569/569 570/570 562/562
f 562/562 570/570 571/571 563/563
f 563/563 571/571 572/572 564/564
f 564/564 572/572 573/573 565/565
f 565/565 573/573 574/574 566/566
f 566/566 574/574 575/575 567/567
f 567/567 575/575 576/576 568/568
f 569/569 577/577 578/578 570/570
f 570/570 578/578 579/579 571/571
f 571/571 579/579 580/580 572/572
f 572/572 580/580 581/581 573/573
f 573/573 581/581 582/582 574/574
f 574/574 582/582 583/583 575/575
f 575/575 583/583 584/584 576/576
f 577/577 585/585 586/586 578/578
f 578/578 586/586 587/587 579/579
f 579/579 587/587 588/588 580/580
f 580/580 588/588 589/589 581/581
f 581/581 589/589 590/590 582/582
f 582/582 590/590 591/591 583/583
f 583/583 591/591 592/592 584/584
f 585/585 593/593 594/594 586/586
f 586/586 594/594 595/595 587/587
f 587/587 595/595 596/596 588/588
f 588/588 596/596 597/597 589/589
f 589/589 597/597 598/598 590/590
f 590/590 598/598 599/599 591/591
f 591/591 599/599 600/600 592/592
f 601/601 609/609 610/610 602/602
f 602/602 610/610 611/611 603/603
f 603/603 611/611 612/612 604/604
f 604/604 612/612 613/613 605/605
f 605/605 613/613 614/614 606/606
f 606/606 614/614 615/615 607/607
f 607/607 615/615 616/616 608/608
f 609/609 617/617 618/618 610/610
f 610/610 618/618 619/619 611/611
f 611/611 619/619 620/620 612/612
f 612/612 620/620 621/621 613/613
f 613/613 621/621 622/622 614/614
f 614/614 622/622 623/623 615/615
f 615/615 623/623 624/624 616/616
f 617/617 625/625 626/626 618/618
f 618/618 626/626 627/627 619/619
f 619/619 627/627 628/628 620/620
f 620/620 628/628 629/629 621/621
f 621/621 629/629 630/630 622/622
f 622/622 630/630 631/631 623/623
f 623/623 631/631 632/632 624/624
f 625/625 633/633 634/634 626/626
f 626/626 634/634 635/635 627/627
f 627/627 635/635 636/636 628/628
f 628/628 636/636 637/637 629/629
f 629/629 637/637 638/638 630/630
f 630/630 638/638 639/639 631/631
f 631/631 639/639 640/640 632/632
f 633/633 641/641 642/642 634/634
f 634/634 642/642 643/643 635/635
f 635/635 643/643 644/644 636/636
f 636/636 644/644 645/645 637/637
f 637/637 645/645 646/646 638/638
f 638/638 646/646 647/647 639/639
f 639/639 647/647 648/648 640/640
f 641/641 649/649 650/650 642/642
f 642/642 650/650 651/651 643/643
f 643/643 651/651 652/652 644/644
f 644/644 652/652 653/653 645/645
f 645/645 653/653 654/654 646/646
f 646/646 654/654 655/655 647/647
f 647/647 655/655 656/656 648/648
f 649/649 657/657 658/658 650/650
f 650/650 658/658 659/659 651/651
f 651/651 659/659 660/660 652/652
f 652/652 660/660 661/661 653/653
f 653/653 661/661 662/662 654/654
f 654/654 662/662 663/663 655/655
f 655/655 663/663 664/664 656/656
f 657/657 665/665 666/666 658/658
f 658/658 666/666 667/667 659/659
f 659/659 667/667 668/668 660/660
f 660/660 668/668 669/669 661/661
f 661/661 669/669 670/670 662/662
f 662/662 670/670 671/671 663/663
f 663/663 671/671 672/672 664/664
f 665/665 673/673 674/674 666/666
f 666/666 674/674 675/675 667/667
f 667/667 675/675 676/676 668/668
f 668/668 676/676 677/677 669/669
f 669/669 677/677 678/678 670/670
f 670/670 678/678 679/679 671/671
f 671/671 679/679 680/680 672/672
f 673/673 681/681 682/682 674/674
f 674/674 682/682 683/683 675/675
f 675/675 683/683 684/684 676/676
f 676/676 684/684 685/685 677/677
f 677/677 685/685 686/686 678/678
f 678/678 686/686 687/687 679/679
f 679/679 687/687 688/688 680/680
f 681/681 689/689 690/690 682/682
f 682/682 690/690 691/691 683/683
f 683/683 691/691 692/692 684/684
f 684/684 692/692 693/693 685/685
f 685/685 693/693 694/694 686/686
f 686/686 694/694 695/695 687/687
f 687/687 695/695 696/696 688/688
f 689/689 697/697 698/698 690/690
f 690/690 698/698 699/699 691/691
f 691/691 699/699 700/700 692/692
f 692/692 700/700 701/701 693/693
f 693/693 701/701 702/702 694/694
f 694/694 702/702 703/703 695/695
f 695/695 703/703 704/704 696/696
f 697/697 705/705 706/706 698/698
f 698/698 706/706 707/707 699/699
f 699/699 707/707 708/708 700/700
f 700/700 708/708 709/709 701/701
f 701/701 709/709 710/710 702/702
f 702/702 710/710 711/711 703/703
f 703/703 711/711 712/712 704/704
f 705/705 713/713 714/714 706/706
f 706/706 714/714 715/715 707/707
f 707/707 715/715 716/716 708/708
f 708/708 716/716 717/717 709/709
f 709/709 717/717 718/718 710/710
f 710/710 718/718 719/719 711/711
f 711/711 719/719 720/720 712/712
f 721/721 729/729 730/730 722/722
f 722/722 730/730 731/731 723/723
f 723/723 731/731 732/732 724/724
f 724/724 732/732 733/733 725/725
f 725/725 733/733 734/734 726/726
f 726/726 734/734 735/735 727/727
f 727/727 735/735 736/736 728/728
f 729/729 737/737 738/738 730/730
f 730/730 738/738 739/739 731/731
f 731/731 739/739 740/740 732/732
f 732/732 740/740 741/741 733/733
f 733/733 741/741 742/742 734/734
f 734/734 742/742 743/743 735/735
f 735/735 743/743 744/744 736/736
f 737/737 745/745 746/746 738/738
f 738/738 746/746 747/747 739/739
f 739/739 747/747 748/748 740/740
f 740/740 748/748 749/749 741/741
f 741/741 749/749 750/750 742/742
f 742/742 750/750 751/751 743/743
f 743/743 751/751 752/752 744/744
f 745/745 753/753 754/754 746/746
f 746/746 754/754 755/755 747/747
f 747/747 755/755 756/756 748/748
f 748/748 756/756 757/757 749/749
f 749/749 757/757 758/758 750/750
f 750/750 758/758 759/759 751/751
f 751/751 759/759 760/760 752/752
f 753/753 761/761 762/762 754/754
f 754/754 762/762 763/763 755/755
f 755/755 763/763 764/764 756/756
f 756/756 764/764 765/765 757/757
f 757/757 765/765 766/766 758/758
f 758/758 766/766 767/767 759/759
f 759/759 767/767 768/768 760/760
f 761/761 769/769 770/770 762/762
f 762/762 770/770 771/771 763/763
f 763/763 771/771 772/772 764/764
f 764/764 772/772 773/773 765/765
f 765/765 773/773 774/774 766/766
f 766/766 774/774 775/775 767/767
f 767/767 775/775 776/776 768/768
f 769/769 777/777 778/778 770/770
f 770/770 778/778 779/779 771/771
f 771/771 779/779 780/780 772/772
f 772/772 780/780 781/781 773/773
f 773/773 781/781 782/782 774/774
f 774/774 782/782 783/783 775/775
f 775/775 783/783 784/784 776/776
f 777/777 785/785 786/786 778/778
f 778/778 786/786 787/787 779/779
f 779/779 787/787 788/788 780/780
f 780/780 788/788 789/789 781/781
f 781/781 789/789 790/790 782/782
f 782/782 790/790 791/791 783/783
f 783/783 791/791 792/792 784/784
f 785/785 793/793 794/794 786/786
f 786/786 794/794 795/795 787/787
f 787/787 795/795 796/796 788/788
f 788/788 796/796 797/797 789/789
f 789/789 797/797 798/798 790/790
f 790/790 798/798 799/799 791/791
f 791/791 799/799 800/800 792/792
f 793/793 801/801 802/802 794/794
f 794/794 802/802 803/803 795/795
f 795/795 803/803 804/804 796/796
f 796/796 804/804 805/805 797/797
f 797/797 805/805 806/806 798/798
f 798/798 806/806 807/807 799/799
f 799/799 807/807 808/808 800/800
f 801/801 809/809 810/810 802/802
f 802/802 810/810 811/811 803/803
f 803/803 811/811 812/812 804/804
f 804/804 812/812 813/813 805/805
f 805/805 813/813 814/814 806/806
f 806/806 814/814 815/815 807/807
f 807/807 815/815 816/816 808/808
f 809/809 817/817 818/818 810/810
f 810/810 818/818 819/819 811/811
f 811/811 819/819 820/820 812/812
f 812/812 820/820 821/821 813/813
f 813/813 821/821 822/822 814/814
f 814/814 822/822 823/823 815/815
f 815/815 823/823 824/824 816/816
f 817/817 825/825 826/826 818/818
f 818/818 826/826 827/827 819/819
f 819/819 827/827 828/828 820/820
f 820/820 828/828 829/829 821/821
f 821/821 829/829 830/830 822/822
f 822/822 830/830 831/831 823/823
f 823/823 831/831 832/832 824/824
f 825/825 833/833 834/834 826/826
f 826/826 834/834 835/835 827/827
f 827/827 835/835 836/836 828/828
f 828/828 836/836 837/837 829/829
f 829/829 837/837 838/838 830/830
f 830/830 838/838 839/839 831/831
f 831/831 839/839 840/840 832/832
f 841/841 849/849 850/850 842/842
f 842/842 850/850 851/851 843/843
f 843/843 851/851 852/852 844/844
f 844/844 852/852 853/853 845/845
f 845/845 853/853 854/854 846/846
f 846/846 854/854 855/855 847/847
f 847/847 855/855 856/856 848/848
f 849/849 857/857 858/858 850/850
f 850/850 858/858 859/859 851/851
f 851/851 859/859 860/860 852/852
f 852/852 860/860 861/861 853/853
f 853/853 861/861 862/862 854/854
f 854/854 862/862 863/863 855/855
f 855/855 863/863 864/864 856/856
f 857/857 865/865 866/866 858/858
f 858/858 866/866 867/867 859/859
f 859/859 867/867 868/868 860/860
f 860/860 868/868 869/869 861/861
f 861/861 869/869 870/870 862/862
f 862/862 870/870 871/871 863/863
f 863/863 871/871 872/872 864/864
f 865/865 873/873 874/874 866/866
f 866/866 874/874 875/875 867/867
f 867/867 875/875 876/876 868/868
f 868/868 876/876 877/877 869/869
f 869/869 877/877 878/878 870/870
f 870/870 878/878 879/879 871/871
f 871/871 879/879 880/880 872/872
f 873/873 881/881 882/882 874/874
f 874/874 882/882 883/883 875/875
f 875/875 883/883 884/884 876/876
f 876/876 884/884 885/885 877/877
f 877/877 885/885 886/886 878/878
f 878/878 886/886 887/887 879/879
f 879/879 887/887 888/888 880/880
f 881/881 889/889 890/890 882/882
f 882/882 890/890 891/891 883/883
f 883/883 891/891 892/892 884/884
f 884/884 892/892 893/893 885/885
f 885/885 893/893 894/894 886/886
f 886/886 894/894 895/895 887/887
f 887/887 895/895 896/896 888/888
f 889/889 897/897 898/898 890/890
f 890/890 898/898 899/899 891/891
f 891/891 899/899 900/900 892/892
f 892/892 900/900 901/901 893/893
f 893/893 901/901 902/902 894/894
f 894/894 902/902 903/903 895/895
f 895/895 903/903 904/904 896/896
f 897/897 905/905 906/906 898/898
f 898/898 906/906 907/907 899/899
f 899/899 907/907 908/908 900/900
f 900/900 908/908 909/909 901/901
f 901/901 909/909 910/910 902/902
f 902/902 910/910 911/911 903/903
f 903/903 911/911 912/912 904/904
f 905/905 913/913 914/914 906/906
f 906/906 914/914 915/915 907/907
f 907/907 915/915 916/916 908/908
f 908/908 916/916 917/917 909/909
f 909/909 917/917 918/918 910/910
f 910/910 918/918 919/919 911/911
f 911/911 919/919 920/920 912/912
f 913/913 921/921 922/922 914/914
f 914/914 922/922 923/923 915/915
f 915/915 923/923 924/924 916/916
f 916/916 924/924 925/925 917/917
f 917/917 925/925 926/926 918/918
f 918/918 926/926 927/927 919/919
f 919/919 927/927 928/928 920/920
f 921/921 929/929 930/930 922/922
f 922/922 930/930 931/931 923/923
f 923/923 931/931 932/932 924/924
f 924/924 932/932 933/933 925/925
f 925/925 933/933 934/934 926/926
f 926/926 934/934 935/935 927/927
f 927/927 935/935 936/936 928/928
f 929/929 937/937 938/938 930/930
f 930/930 938/938 939/939 931/931
f 931/931 939/939 940/940 932/932
f 932/932 940/940 941/941 933/933
f 933/933 941/941 942/942 934/934
f 934/934 942/942 943/943 935/935
f 935/935 943/943 944/944 936/936
f 937/937 945/945 946/946 938/938
f 938/938 946/946 947/947 939/939
f 939/939 947/947 948/948 940/940
f 940/940 948/948 949/949 941/941
f 941/941 949/949 950/950 942/942
f 942/942 950/950 951/951 943/943
f 943/943 951/951 952/952 944/944
f 945/945 953/953 954/954 946/946
f 946/946 954/954 955/955 947/947
f 947/947 955/955 956/956 948/948
f 948/948 956/956 957/957 949/949
f 949/949 957/957 958/958 950/950
f 950/950 958/958 959/959 951/951
f 951/951 959/959 960/960 952/952
f 961/961 969/969 970/970 962/962
f 962/962 970/970 971/971 963/963
f 963/963 971/971 972/972 964/964
f 964/964 972/972 973/973 965/965
f 965/965 973/973 974/974 966/966
f 966/966 974/974 975/975 967/967
f 967/967 975/975 976/976 968/968
f 969/969 977/977 978/978 970/970
f 970/970 978/978 979/979 971/971
f 971/971 979/979 980/980 972/972
f 972/972 980/980 981/981 973/973
f 973/973 981/981 982/982 974/974
f 974/974 982/982 983/983 975/975
f 975/975 983/983 984/984 976/976
f 977/977 985/985 986/986 978/978
f 978/978 986/986 987/987 979/979
f 979/979 987/987 988/988 980/980
f 980/980 988/988 989/989 981/981
f 981/981 989/989 990/990 982/982
f 982/982 990/990 991/991 983/983
f 983/983 991/991 992/992 984/984
f 985/985 993/993 994/994 986/986
f 986/986 994/994 995/995 987/987
f 987/987 995/995 996/996 988/988
f 988/988 996/996 997/997 989/989
f 989/989 997/997 998/998 990/990
f 990/990 998/998 999/999 991/991
f 991/991 999/999 1000/1000 992/992
f 993/993 1001/1001 1002/1002 994/994
f 994/994 1002/1002 1003/1003 995/995
f 995/995 1003/1003 1004/1004 996/996
f 996/996 1004/1004 1005/1005 997/997
f 997/997 1005/1005 1006/1006 998/998
f 998/998 1006/1006 1007/1007 999/999
f 999/999 1007/1007 1008/1008 1000/1000
f 1001/1001 1009/1009 1010/1010 1002/1002
f 1002/1002 1010/1010 1011/1011 1003/1003
f 1003/1003 1011/1011 1012/1012 1004/1004
f 1004/1004 1012/1012 1013/1013 1005/1005
f 1005/1005 1013/1013 1014/1014 1006/1006
f 1006/1006 1014/1014 1015/1015 1007/1007
f 1007/1007 1015/1015 1016/1016 1008/1008
f 1009/1009 1017/1017 1018/1018 1010/1010
f 1010/1010 1018/1018 1019/1019 1011/1011
f 1011/1011 1019/1019 1020/1020 1012/1012
f 1012/1012 1020/1020 1021/1021 1013/1013
f 1013/1013 1021/1021 1022/1022 1014/1014
f 1014/1014 1022/1022 1023/1023 1015/1015
f 1015/1015 1023/1023 1024/1024 1016/1016
f 1017/1017 1025/1025 1026/1026 1018/1018
f 1018/1018 1026/1026 1027/1027 1019/1019
f 1019/1019 1027/1027 1028/1028 1020/1020
f 1020/1020 1028/1028 1029/1029 1021/1021
f 1021/1021 1029/1029 1030/1030 1022/1022
f 1022/1022 1030/1030 1031/1031 1023/1023
f 1023/1023 1031/1031 1032/1032 1024/1024
f 1025/1025 1033/1033 1034/1034 1026/1026
f 1026/1026 1034/1034 1035/1035 1027/1027
f 1027/1027 1035/1035 1036/1036 1028/1028
f 1028/1028 1036/1036 1037/1037 1029/1029
f 1029/1029 1037/1037 1038/1038 1030/1030
f 1030/1030 1038/1038 1039/1039 1031/1031
f 1031/1031 1039/1039 1040/1040 1032/1032
f 1033/1033 1041/1041 1042/1042 1034/1034
f 1034/1034 1042/1042 1043/1043 1035/1035
f 1035/1035 1043/1043 1044/1044 1036/1036
f 1036/1036 1044/1044 1045/1045 1037/1037
f 1037/1037 1045/1045 1046/1046 1038/1038
f 1038/1038 1046/1046 1047/1047 1039/1039
f 1039/1039 1047/1047 1048/1048 1040/1040
f 1041/1041 1049/1049 1050/1050 1042/1042
f 1042/1042 1050/1050 1051/1051 1043/1043
f 1043/1043 1051/1051 1052/1052 1044/1044
f 1044/1044 1052/1052 1053/1053 1045/1045
f 1045/1045 1053/1053 1054/1054 1046/1046
f 1046/1046 1054/1054 1055/1055 1047/1047
f 1047/1047 1055/1055 1056/1056 1048/1048
f 1049/1049 1057/1057 1058/1058 1050/1050
f 1050/1050 1058/1058 1059/1059 1051/1051
f 1051/1051 1059/1059 1060/1060 1052/1052
f 1052/1052 1060/1060 1061/1061 1053/1053
f 1053/1053 1061/1061 1062/1062 1054/1054
f 1054/1054 1062/1062 1063/1063 1055/1055
f 1055/1055 1063/1063 1064/1064 1056/1056
f 1057/1057 1065/1065 1066/1066 1058/1058
f 1058/1058 1066/1066 1067/1067 1059/1059
f 1059/1059 1067/1067 1068/1068 1060/1060
f 1060/1060 1068/1068 1069/1069 1061/1061
f 1061/1061 1069/1069 1070/1070 1062/1062
f 1062/1062 1070/1070 1071/1071 1063/1063
f 1063/1063 1071/1071 1072/1072 1064/1064
f 1065/1065 1073/1073 1074/1074 1066/1066
f 1066/1066 1074/1074 1075/1075 1067/1067
f 1067/1067 1075/1075 1076/1076 1068/1068
f 1068/1068 1076/1076 1077/1077 1069/1069
f 1069/1069 1077/1077 1078/1078 1070/1070
f 1070/1070 1078/1078 1079/1079 1071/1071
f 1071/1071 1079/1079 1080/1080 1072/1072
f 1081/1081 1089/1089 1090/1090 1082/1082
f 1082/1082 1090/1090 1091/1091 1083/1083
f 1083/1083 1091/1091 1092/1092 1084/1084
f 1084/1084 1092/1092 1093/1093 1085/1085
f 1085/1085 1093/1093 1094/1094 1086/1086
f 1086/1086 1094/1094 1095/1095 1087/1087
f 1087/1087 1095/1095 1096/1096 1088/1088
f 1089/1089 1097/1097 1098/1098 1090/1090
f 1090/1090 1098/1098 1099/1099 1091/1091
f 1091/1091 1099/1099 1100/1100 1092/1092
f 1092/1092 1100/1100 1101/1101 1093/1093
f 1093/1093 1101/1101 1102/1102 1094/1094
f 1094/1094 1102/1102 1103/1103 1095/1095
f 1095/1095 1103/1103 1104/1104 1096/1096
f 1097/1097 1105/1105 1106/1106 1098/1098
f 1098/1098 1106/1106 1107/1107 1099/1099
f 1099/1099 1107/1107 1108/1108 1100/1100
f 1100/1100 1108/1108 1109/1109 1101/1101
f 1101/1101 1109/1109 1110/1110 1102/1102
f 1102/1102 1110/1110 1111/1111 1103/1103
f 1103/1103 1111/1111 1112/1112 1104/1104
f 1105/1105 1113/1113 1114/1114 1106/1106
f 1106/1106 1114/1114 1115/1115 1107/1107
f 1107/1107 1115/1115 1116/1116 1108/1108
f 1108/1108 1116/1116 1117/1117 1109/1109
f 1109/1109 1117/1117 1118/1118 1110/1110
f 1110/1110 1118/1118 1119/1119 1111/1111
f 1111/1111 1119/1119 1120/1120 1112/1112
f 1113/1113 1121/1121 1122/1122 1114/1114
f 1114/1114 1122/1122 1123/1123 1115/1115
f 1115/1115 1123/1123 1124/1124 1116/1116
f 1116/1116 1124/1124 1125/1125 1117/1117
f 1117/1117 1125/1125 1126/1126 1118/1118
f 1118/1118 1126/1126 1127/1127 1119/1119
f 1119/1119 1127/1127 1128/1128 1120/1120
f 1121/1121 1129/1129 1130/1130 1122/1122
f 1122/1122 1130/1130 1131/1131 1123/1123
f 1123/1123 1131/1131 1132/1132 1124/1124
f 1124/1124 1132/1132 1133/1133 1125/1125
f 1125/1125 1133/1133 1134/1134 1126/1126
f 1126/1126 1134/1134 1135/1135 1127/1127
f 1127/1127 1135/1135 1136/1136 1128/1128
f 1129/1129 1137/1137 1138/1138 1130/1130
f 1130/1130 1138/1138 1139/1139 1131/1131
f 1131/1131 1139/1139 1140/1140 1132/1132
f 1132/1132 1140/1140 1141/1141 1133/1133
f 1133/1133 1141/1141 1142/1142 1134/1134
f 1134/1134 1142/1142 1143/1143 1135/1135
f 1135/1135 1143/1143 1144/1144 1136/1136
f 1137/1137 1145/1145 1146/1146 1138/1138
f 1138/1138 1146/1146 1147/1147 1139/1139
f 1139/1139 1147/1147 1148/1148 1140/1140
f 1140/1140 1148/1148 1149/1149 1141/1141
f 1141/1141 1149/1149 1150/1150 1142/1142
f 1142/1142 1150/1150 1151/1151 1143/1143
f 1143/1143 1151/1151 1152/1152 1144/1144
f 1145/1145 1153/1153 1154/1154 1146/1146
f 1146/1146 1154/1154 1155/1155 1147/1147
f 1147/1147 1155/1155 1156/1156 1148/1148
f 1148/1148 1156/1156 1157/1157 1149/1149
f 1149/1149 1157/1157 1158/1158 1150/1150
f 1150/1150 1158/1158 1159/1159 1151/1151
f 1151/1151 1159/1159 1160/1160 1152/1152
f 1153/1153 1161/1161 1162/1162 1154/1154
f 1154/1154 1162/1162 1163/1163 1155/1155
f 1155/1155 1163/1163 1164/1164 1156/1156
f 1156/1156 1164/1164 1165/1165 1157/1157
f 1157/1157 1165/1165 1166/1166 1158/1158
f 1158/1158 1166/1166 1167/1167 1159/1159
f 1159/1159 1167/1167 1168/1168 1160/1160
f 1161/1161 1169/1169 1170/1170 1162/1162
f 1162/1162 1170/1170 1171/1171 1163/1163
f 1163/1163 1171/1171 1172/1172 1164/1164
f 1164/1164 1172/1172 1173/1173 1165/1165
f 1165/1165 1173/1173 1174/1174 1166/1166
f 1166/1166 1174/1174 1175/1175 1167/1167
f 1167/1167 1175/1175 1176/1176 1168/1168
f 1169/1169 1177/1177 1178/1178 1170/1170
f 1170/1170 1178/1178 1179/1179 1171/1171
f 1171/1171 1179/1179 1180/1180 1172/1172
f 1172/1172 1180/1180 1181/1181 1173/1173
f 1173/1173 1181/1181 1182/1182 1174/1174
f 1174/1174 1182/1182 1183/1183 1175/1175
f 1175/1175 1183/1183 1184/1184 1176/1176
f 1177/1177 1185/1185 1186/1186 1178/1178
f 1178/1178 1186/1186 1187/1187 1179/1179
f 1179/1179 1187/1187 1188/1188 1180/1180
f 1180/1180 1188/1188 1189/1189 1181/1181
f 1181/1181 1189/1189 1190/1190 1182/1182
f 1182/1182 1190/1190 1191/1191 1183/1183
f 1183/1183 1191/1191 1192/1192 1184/1184
f 1185/1185 1193/1193 1194/1194 1186/1186
f 1186/1186 1194/1194 1195/1195 1187/1187
f 1187/1187 1195/1195 1196/1196 1188/1188
f 1188/1188 1196/1196 1197/1197 1189/1189
f 1189/1189 1197/1197 1198/1198 1190/1190
f 1190/1190 1198/1198 1199/1199 1191/1191
f 1191/1191 1199/1199 1200/1200 1192/1192
f 1201/1201 1209/1209 1210/1210 1202/1202
f 1202/1202 1210/1210 1211/1211 1203/1203
f 1203/1203 1211/1211 1212/1212 1204/1204
f 1204/1204 1212/1212 1213/1213 1205/1205
f 1205/1205 1213/1213 1214/1214 1206/1206
f 1206/1206 1214/1214 1215/1215 1207/1207
f 1207/1207 1215/1215 1216/1216 1208/1208
f 1209/1209 1217/1217 1218/1218 1210/1210
f 1210/1210 1218/1218 1219/1219 1211/1211
f 1211/1211 1219/1219 1220/1220 1212/1212
f 1212/1212 1220/1220 1221/1221 1213/1213
f 1213/1213 1221/1221 1222/1222 1214/1214
f 1214/1214 1222/1222 1223/1223 1215/1215
f 1215/1215 1223/1223 1224/1224 1216/1216
f 1217/1217 1225/1225 1226/1226 1218/1218
f 1218/1218 1226/1226 1227/1227 1219/1219
f 1219/1219 1227/1227 1228/1228 1220/1220
f 1220/1220 1228/1228 1229/1229 1221/1221
f 1221/1221 1229/1229 1230/1230 1222/1222
f 1222/1222 1230/1230 1231/1231 1223/1223
f 1223/1223 1231/1231 1232/1232 1224/1224
f 1225/1225 1233/1233 1234/1234 1226/1226
f 1226/1226 1234/1234 1235/1235 1227/1227
f 1227/1227 1235/1235 1236/1236 1228/1228
f 1228/1228 1236/1236 1237/1237 1229/1229
f 1229/1229 1237/1237 1238/1238 1230/1230
f 1230/1230 1238/1238 1239/1239 1231/1231
f 1231/1231 1239/1239 1240/1240 1232/1232
f 1233/1233 1241/1241 1242/1242 1234/1234
f 1234/1234 1242/1242 1243/1243 1235/1235
f 1235/1235 1243/1243 1244/1244 1236/1236
f 1236/1236 1244/1244 1245/1245 1237/1237
f 1237/1237 1245/1245 1246/1246 1238/1238
f 1238/1238 1246/1246 1247/1247 1239/1239
f 1239/1239 1247/1247 1248/1248 1240/1240
f 1241/1241 1249/1249 1250/1250 1242/1242
f 1242/1242 1250/1250 1251/1251 1243/1243
f 1243/1243 1251/1251 1252/1252 1244/1244
f 1244/1244 1252/1252 1253/1253 1245/1245
f 1245/1245 1253/1253 1254/1254 1246/1246
f 1246/1246 1254/1254 1255/1255 1247/1247
f 1247/1247 1255/1255 1256/1256 1248/1248
f 1249/1249 1257/1257 1258/1258 1250/1250
f 1250/1250 1258/1258 1259/1259 1251/1251
f 1251/1251 1259/1259 1260/1260 1252/1252
f 1252/1252 1260/1260 1261/1261 1253/1253
f 1253/1253 1261/1261 1262/1262 1254/1254
f 1254/1254 1262/1262 1263/1263 1255/1255
f 1255/1255 1263/1263 1264/1264 1256/1256
f 1257/1257 1265/1265 1266/1266 1258/1258
f 1258/1258 1266/1266 1267/1267 1259/1259
f 1259/1259 1267/1267 1268/1268 1260/1260
f 1260/1260 1268/1268 1269/1269 1261/1261
f 1261/1261 1269/1269 1270/1270 1262/1262
f 1262/1262 1270/1270 1271/1271 1263/1263
f 1263/1263 1271/1271 1272/1272 1264/1264
f 1265/1265 1273/1273 1274/1274 1266/1266
f 1266/1266 1274/1274 1275/1275 1267/1267
f 1267/1267 1275/1275 1276/1276 1268/1268
f 1268/1268 1276/1276 1277/1277 1269/1269
f 1269/1269 1277/1277 1278/1278 1270/1270
f 1270/1270 1278/1278 1279/1279 1271/1271
f 1271/1271 1279/1279 1280/1280 1272/1272
f 1273/1273 1281/1281 1282/1282 1274/1274
f 1274/1274 1282/1282 1283/1283 1275/1275
f 1275/1275 1283/1283 1284/1284 1276/1276
f 1276/1276 1284/1284 1285/1285 1277/1277
f 1277/1277 1285/1285 1286/1286 1278/1278
f 1278/1278 1286/1286 1287/1287 1279/1279
f 1279/1279 1287/1287 1288/1288 1280/1280
f 1281/1281 1289/1289 1290/1290 1282/1282
f 1282/1282 1290/1290 1291/1291 1283/1283
f 1283/1283 1291/1291 1292/1292 1284/1284
f 1284/1284 1292/1292 1293/1293 1285/1285
f 1285/1285 1293/1293 1294/1294 1286/1286
f 1286/1286 1294/1294 1295/1295 1287/1287
f 1287/1287 1295/1295 1296/1296 1288/1288
f 1289/1289 1297/1297 1298/1298 1290/1290
f 1290/1290 1298/1298 1299/1299 1291/1291
f 1291/1291 1299/1299 1300/1300 1292/1292
f 1292/1292 1300/1300 1301/1301 1293/1293
f 1293/1293 1301/1301 1302/1302 1294/1294
f 1294/1294 1302/1302 1303/1303 1295/1295
f 1295/1295 1303/1303 1304/1304 1296/1296
f 1297/1297 1305/1305 1306/1306 1298/1298
f 1298/1298 1306/1306 1307/1307 1299/1299
f 1299/1299 1307/1307 1308/1308 1300/1300
f 1300/1300 1308/1308 1309/1309 1301/1301
f 1301/1301 1309/1309 1310/1310 1302/1302
f 1302/1302 1310/1310 1311/1311 1303/1303
f 1303/1303 1311/1311 1312/1312 1304/1304
f 1305/1305 1313/1313 1314/1314 1306/1306
f 1306/1306 1314/1314 1315/1315 1307/1307
f 1307/1307 1315/1315 1316/1316 1308/1308
f 1308/1308 1316/1316 1317/1317 1309/1309
f 1309/1309 1317/1317 1318/1318 1310/1310
f 1310/1310 1318/1318 1319/1319 1311/1311
f 1311/1311 1319/1319 1320/1320 1312/1312
f 1321/1321 1329/1329 1330/1330 1322/1322
f 1322/1322 1330/1330 1331/1331 1323/1323
f 1323/1323 1331/1331 1332/1332 1324/1324
f 1324/1324 1332/1332 1333/1333 1325/1325
f 1325/1325 1333/1333 1334/1334 1326/1326
f 1326/1326 1334/1334 1335/1335 1327/1327
f 1327/1327 1335/1335 1336/1336 1328/1328
f 1329/1329 1337/1337 1338/1338 1330/1330
f 1330/1330 1338/1338 1339/1339 1331/1331
f 1331/1331 1339/1339 1340/1340 1332/1332
f 1332/1332 1340/1340 1341/1341 1333/1333
f 1333/1333 1341/1341 1342/1342 1334/1334
f 1334/1334 1342/1342 1343/1343 1335/1335
f 1335/1335 1343/1343 1344/1344 1336/1336
f 1337/1337 1345/1345 1346/1346 1338/1338
f 1338/1338 1346/1346 1347/1347 1339/1339
f 1339/1339 1347/1347 1348/1348 1340/1340
f 1340/1340 1348/1348 1349/1349 1341/1341
f 1341/1341 1349/1349 1350/1350 1342/1342
f 1342/1342 1350/1350 1351/1351 1343/1343
f 1343/1343 1351/1351 1352/1352 1344/1344
f 1345/1345 1353/1353 1354/1354 1346/1346
f 1346/1346 1354/1354 1355/1355 1347/1347
f 1347/1347 1355/1355 1356/1356 1348/1348
f 1348/1348 1356/1356 1357/1357 1349/1349
f 1349/1349 1357/1357 1358/1358 1350/1350
f 1350/1350 1358/1358 1359/1359 1351/1351
f 1351/1351 1359/1359 1360/1360 1352/1352
f 1353/1353 1361/1361 1362/1362 1354/1354
f 1354/1354 1362/1362 1363/1363 1355/1355
f 1355/1355 1363/1363 1364/1364 1356/1356
f 1356/1356 1364/1364 1365/1365 1357/1357
f 1357/1357 1365/1365 1366/1366 1358/1358
f 1358/1358 1366/1366 1367/1367 1359/1359
f 1359/1359 1367/1367 1368/1368 1360/1360
f 1361/1361 1369/1369 1370/1370 1362/1362
f 1362/1362 1370/1370 1371/1371 1363/1363
f 1363/1363 1371/1371 1372/1372 1364/1364
f 1364/1364 1372/1372 1373/1373 1365/1365
f 1365/1365 1373/1373 1374/1374 1366/1366
f 1366/1366 1374/1374 1375/1375 1367/1367
f 1367/1367 1375/1375 1376/1376 1368/1368
f 1369/1369 1377/1377 1378/1378 1370/1370
f 1370/1370 1378/1378 1379/1379 1371/1371
f 1371/1371 1379/1379 1380/1380 1372/1372
f 1372/1372 1380/1380 1381/1381 1373/1373
f 1373/1373 1381/1381 1382/1382 1374/1374
f 1374/1374 1382/1382 1383/1383 1375/1375
f 1375/1375 1383/1383 1384/1384 1376/1376
f 1377/1377 1385/1385 1386/1386 1378/1378
f 1378/1378 1386/1386 1387/1387 1379/1379
f 1379/1379 1387/1387 1388/1388 1380/1380
f 1380/1380 1388/1388 1389/1389 1381/1381
f 1381/1381 1389/1389 1390/1390 1382/1382
f 1382/1382 1390/1390 1391/1391 1383/1383
f 1383/1383 1391/1391 1392/1392 1384/1384
f 1385/1385 1393/1393 1394/1394 1386/1386
f 1386/1386 1394/1394 1395/1395 1387/1387
f 1387/1387 1395/1395 1396/1396 1388/1388
f 1388/1388 1396/1396 1397/1397 1389/1389
f 1389/1389 1397/1397 1398/1398 1390/1390
f 1390/1390 1398/1398 1399/1399 1391/1391
f 1391/1391 1399/1399 1400/1400 1392/1392
f 1393/1393 1401/1401 1402/1402 1394/1394
f 1394/1394 1402/1402 1403/1403 1395/1395
f 1395/1395 1403/1403 1404/1404 1396/1396
f 1396/1396 1404/1404 1405/1405 1397/1397
f 1397/1397 1405/1405 1406/1406 1398/1398
f 1398/1398 1406/1406 1407/1407 1399/1399
f 1399/1399 1407/1407 1408/1408 1400/1400
f 1401/1401 1409/1409 1410/1410 1402/1402
f 1402/1402 1410/1410 1411/1411 1403/1403
f 1403/1403 1411/1411 1412/1412 1404/1404
f 1404/1404 1412/1412 1413/1413 1405/1405
f 1405/1405 1413/1413 1414/1414 1406/1406
f 1406/1406 1414/1414 1415/1415 1407/1407
f 1407/1407 1415/1415 1416/1416 1408/1408
f 1409/1409 1417/1417 1418/1418 1410/1410
f 1410/1410 1418/1418 1419/1419 1411/1411
f 1411/1411 1419/1419 1420/1420 1412/1412
f 1412/1412 1420/1420 1421/1421 1413/1413
f 1413/1413 1421/1421 1422/1422 1414/1414
f 1414/1414 1422/1422 1423/1423 1415/1415
f 1415/1415 1423/1423 1424/1424 1416/1416
f 1417/1417 1425/1425 1426/1426 1418/1418
f 1418/1418 1426/1426 1427/1427 1419/1419
f 1419/1419 1427/1427 1428/1428 1420/1420
f 1420/1420 1428/1428 1429/1429 1421/1421
f 1421/1421 1429/1429 1430/1430 1422/1422
f 1422/1422 1430/1430 1431/1431 1423/1423
f 1423/1423 1431/1431 1432/1432 1424/1424
f 1425/1425 1433/1433 1434/1434 1426/1426
f 1426/1426 1434/1434 1435/1435 1427/1427
f 1427/1427 1435/1435 1436/1436 1428/1428
f 1428/1428 1436/1436 1437/1437 1429/1429
f 1429/1429 1437/1437 1438/1438 1430/1430
f 1430/1430 1438/1438 1439/1439 1431/1431
f 1431/1431 1439/1439 1440/1440 1432/1432
f 1441/1441 1449/1449 1450/1450 1442/1442
f 1442/1442 1450/1450 1451/1451 1443/1443
f 1443/1443 1451/1451 1452/1452 1444/1444
f 1444/1444 1452/1452 1453/1453 1445/1445
f 1445/1445 1453/1453 1454/1454 1446/1446
f 1446/1446 1454/1454 1455/1455 1447/1447
f 1447/1447 1455/1455 1456/1456 1448/1448
f 1449/1449 1457/1457 1458/1458 1450/1450
f 1450/1450 1458/1458 1459/1459 1451/1451
f 1451/1451 1459/1459 1460/1460 1452/1452
f 1452/1452 1460/1460 1461/1461 1453/1453
f 1453/1453 1461/1461 1462/1462 1454/1454
f 1454/1454 1462/1462 1463/1463 1455/1455
f 1455/1455 1463/1463 1464/1464 1456/1456
f 1457/1457 1465/1465 1466/1466 1458/1458
f 1458/1458 1466/1466 1467/1467 1459/1459
f 1459/1459 1467/1467 1468/1468 1460/1460
f 1460/1460 1468/1468 1469/1469 1461/1461
f 1461/1461 1469/1469 1470/1470 1462/1462
f 1462/1462 1470/1470 1471/1471 1463/1463
f 1463/1463 1471/1471 1472/1472 1464/1464
f 1465/1465 1473/1473 1474/1474 1466/1466
f 1466/1466 1474/1474 1475/1475 1467/1467
f 1467/1467 1475/1475 1476/1476 1468/1468
f 1468/1468 1476/1476 1477/1477 1469/1469
f 1469/1469 1477/1477 1478/1478 1470/1470
f 1470/1470 1478/1478 1479/1479 1471/1471
f 1471/1471 1479/1479 1480/1480 1472/1472
f 1473/1473 1481/1481 1482/1482 1474/1474
f 1474/1474 1482/1482 1483/1483 1475/1475
f 1475/1475 1483/1483 1484/1484 1476/1476
f 1476/1476 1484/1484 1485/1485 1477/1477
f 1477/1477 1485/1485 1486/1486 1478/1478
f 1478/1478 1486/1486 1487/1487 1479/1479
f 1479/1479 1487/1487 1488/1488 1480/1480
f 1481/1481 1489/1489 1490/1490 1482/1482
f 1482/1482 1490/1490 1491/1491 1483/1483
f 1483/1483 1491/1491 1492/1492 1484/1484
f 1484/1484 1492/1492 1493/1493 1485/1485
f 1485/1485 1493/1493 1494/1494 1486/1486
f 1486/1486 1494/1494 1495/1495 1487/1487
f 1487/1487 1495/1495 1496/1496 1488/1488
f 1489/1489 1497/1497 1498/1498 1490/1490
f 1490/1490 1498/1498 1499/1499 1491/1491
f 1491/1491 1499/1499 1500/1500 1492/1492
f 1492/1492 1500/1500 1501/1501 1493/1493
f 1493/1493 1501/1501 1502/1502 1494/1494
f 1494/1494 1502/1502 1503/1503 1495/1495
f 1495/1495 1503/1503 1504/1504 1496/1496
f 1497/1497 1505/1505 1506/1506 1498/1498
f 1498/1498 1506/1506 1507/1507 1499/1499
f 1499/1499 1507/1507 1508/1508 1500/1500
f 1500/1500 1508/1508 1509/1509 1501/1501
f 1501/1501 1509/1509 1510/1510 1502/1502
f 1502/1502 1510/1510 1511/1511 1503/1503
f 1503/1503 1511/1511 1512/1512 1504/1504
f 1505/1505 1513/1513 1514/1514 1506/1506
f 1506/1506 1514/1514 1515/1515 1507/1507
f 1507/1507 1515/1515 1516/1516 1508/1508
f 1508/1508 1516/1516 1517/1517 1509/1509
f 1509/1509 1517/1517 1518/1518 1510/1510
f 1510/1510 1518/1518 1519/1519 1511/1511
f 1511/1511 1519/1519 1520/1520 1512/1512
f 1513/1513 1521/1521 1522/1522 1514/1514
f 1514/1514 1522/1522 1523/1523 1515/1515
f 1515/1515 1523/1523 1524/1524 1516/1516
f 1516/1516 1524/1524 1525/1525 1517/1517
f 1517/1517 1525/1525 1526/1526 1518/1518
f 1518/1518 1526/1526 1527/1527 1519/1519
f 1519/1519 1527/1527 1528/1528 1520/1520
f 1521/1521 1529/1529 1530/1530 1522/1522
f 1522/1522 1530/1530 1531/1531 1523/1523
f 1523/1523 1531/1531 1532/1532 1524/1524
f 1524/1524 1532/1532 1533/1533 1525/1525
f 1525/1525 1533/1533 1534/1534 1526/1526
f 1526/1526 1534/1534 1535/1535 1527/1527
f 1527/1527 1535/1535 1536/1536 1528/1528
f 1529/1529 1537/1537 1538/1538 1530/1530
f 1530/1530 1538/1538 1539/1539 1531/1531
f 1531/1531 1539/1539 1540/1540 1532/1532
f 1532/1532 1540/1540 1541/1541 1533/1533
f 1533/1533 1541/1541 1542/1542 1534/1534
f 1534/1534 1542/1542 1543/1543 1535/1535
f 1535/1535 1543/1543 1544/1544 1536/1536
f 1537/1537 1545/1545 1546/1546 1538/1538
f 1538/1538 1546/1546 1547/1547 1539/1539
f 1539/1539 1547/1547 1548/1548 1540/1540
f 1540/1540 1548/1548 1549/1549 1541/1541
f 1541/1541 1549/1549 1550/1550 1542/1542
f 1542/1542 1550/1550 1551/1551 1543/1543
f 1543/1543 1551/1551 1552/1552 1544/1544
f 1545/1545 1553/1553 1554/1554 1546/1546
f 1546/1546 1554/1554 1555/1555 1547/1547
f 1547/1547 1555/1555 1556/1556 1548/1548
f 1548/1548 1556/1556 1557/1557 1549/1549
f 1549/1549 1557/1557 1558/1558 1550/1550
f 1550/1550 1558/1558 1559/1559 1551/1551
f 1551/1551 1559/1559 1560/1560 1552/1552
f 1561/1561 1569/1569 1570/1570 1562/1562
f 1562/1562 1570/1570 1571/1571 1563/1563
f 1563/1563 1571/1571 1572/1572 1564/1564
f 1564/1564 1572/1572 1573/1573 1565/1565
f 1565/1565 1573/1573 1574/1574 1566/1566
f 1566/1566 1574/1574 1575/1575 1567/1567
f 1567/1567 1575/1575 1576/1576 1568/1568
f 1569/1569 1577/1577 1578/1578 1570/1570
f 1570/1570 1578/1578 1579/1579 1571/1571
f 1571/1571 1579/1579 1580/1580 1572/1572
f 1572/1572 1580/1580 1581/1581 1573/1573
f 1573/1573 1581/1581 1582/1582 1574/1574
f 1574/1574 1582/1582 1583/1583 1575/1575
f 1575/1575 1583/1583 1584/1584 1576/1576
f 1577/1577 1585/1585 1586/1586 1578/1578
f 1578/1578 1586/1586 1587/1587 1579/1579
f 1579/1579 1587/1587 1588/1588 1580/1580
f 1580/1580 1588/1588 1589/1589 1581/1581
f 1581/1581 1589/1589 1590/1590 1582/1582
f 1582/1582 1590/1590 1591/1591 1583/1583
f 1583/1583 1591/1591 1592/1592 1584/1584
f 1585/1585 1593/1593 1594/1594 1586/1586
f 1586/1586 1594/1594 1595/1595 1587/1587
f 1587/1587 1595/1595 1596/1596 1588/1588
f 1588/1588 1596/1596 1597/1597 1589/1589
f 1589/1589 1597/1597 1598/1598 1590/1590
f 1590/1590 1598/1598 1599/1599 1591/1591
f 1591/1591 1599/1599 1600/1600 1592/1592
f 1593/1593 1601/1601 1602/1602 1594/1594
f 1594/1594 1602/1602 1603/1603 1595/1595
f 1595/1595 1603/1603 1604/1604 1596/1596
f 1596/1596 1604/1604 1605/1605 1597/1597
f 1597/1597 1605/1605 1606/1606 1598/1598
f 1598/1598 1606/1606 1607/1607 1599/1599
f 1599/1599 1607/1607 1608/1608 1600/1600
f 1601/1601 1609/1609 1610/1610 1602/1602
f 1602/1602 1610/1610 1611/1611 1603/1603
f 1603/1603 1611/1611 1612/1612 1604/1604
f 1604/1604 1612/1612 1613/1613 1605/1605
f 1605/1605 1613/1613 1614/1614 1606/1606
f 1606/1606 1614/1614 1615/1615 1607/1607
f 1607/1607 1615/1615 1616/1616 1608/1608
f 1609/1609 1617/1617 1618/1618 1610/1610
f 1610/1610 1618/1618 1619/1619 1611/1611
f 1611/1611 1619/1619 1620/1620 1612/1612
f 1612/1612 1620/1620 1621/1621 1613/1613
f 1613/1613 1621/1621 1622/1622 1614/1614
f 1614/1614 1622/1622 1623/1623 1615/1615
f 1615/1615 1623/1623 1624/1624 1616/1616
f 1617/1617 1625/1625 1626/1626 1618/1618
f 1618/1618 1626/1626 1627/1627 1619/1619
f 1619/1619 1627/1627 1628/1628 1620/1620
f 1620/1620 1628/1628 1629/1629 1621/1621
f 1621/1621 1629/1629 1630/1630 1622/1622
f 1622/1622 1630/1630 1631/1631 1623/1623
f 1623/1623 1631/1631 1632/1632 1624/1624
f 1625/1625 1633/1633 1634/1634 1626/1626
f 1626/1626 1634/1634 1635/1635 1627/1627
f 1627/1627 1635/1635 1636/1636 1628/1628
f 1628/1628 1636/1636 1637/1637 1629/1629
f 1629/1629 1637/1637 1638/1638 1630/1630
f 1630/1630 1638/1638 1639/1639 1631/1631
f 1631/1631 1639/1639 1640/1640 1632/1632
f 1633/1633 1641/1641 1642/1642 1634/1634
f 1634/1634 1642/1642 1643/1643 1635/1635
f 1635/1635 1643/1643 1644/1644 1636/1636
f 1636/1636 1644/1644 1645/1645 1637/1637
f 1637/1637 1645/1645 1646/1646 1638/1638
f 1638/1638 1646/1646 1647/1647 1639/1639
f 1639/1639 1647/1647 1648/1648 1640/1640
f 1641/1641 1649/1649 1650/1650 1642/1642
f 1642/1642 1650/1650 1651/1651 1643/1643
f 1643/1643 1651/1651 1652/1652 1644/1644
f 1644/1644 1652/1652 1653/1653 1645/1645
f 1645/1645 1653/1653 1654/1654 1646/1646
f 1646/1646 1654/1654 1655/1655 1647/1647
f 1647/1647 1655/1655 1656/1656 1648/1648
f 1649/1649 1657/1657 1658/1658 1650/1650
f 1650/1650 1658/1658 1659/1659 1651/1651
f 1651/1651 1659/1659 1660/1660 1652/1652
f 1652/1652 1660/1660 1661/1661 1653/1653
f 1653/1653 1661/1661 1662/1662 1654/1654
f 1654/1654 1662/1662 1663/1663 1655/1655
f 1655/1655 1663/1663 1664/1664 1656/1656
f 1657/1657 1665/1665 1666/1666 1658/1658
f 1658/1658 1666/1666 1667/1667 1659/1659
f 1659/1659 1667/1667 1668/1668 1660/1660
f 1660/1660 1668/1668 1669/1669 1661/1661
f 1661/1661 1669/1669 1670/1670 1662/1662
f 1662/1662 1670/1670 1671/1671 1663/1663
f 1663/1663 1671/1671 1672/1672 1664/1664
f 1665/1665 1673/1673 1674/1674 1666/1666
f 1666/1666 1674/1674 1675/1675 1667/1667
f 1667/1667 1675/1675 1676/1676 1668/1668
f 1668/1668 1676/1676 1677/1677 1669/1669
f 1669/1669 1677/1677 1678/1678 1670/1670
f 1670/1670 1678/1678 1679/1679 1671/1671
f 1671/1671 1679/1679 1680/1680 1672/1672
f 1681/1681 1689/1689 1690/1690 1682/1682
f 1682/1682 1690/1690 1691/1691 1683/1683
f 1683/1683 1691/1691 1692/1692 1684/1684
f 1684/1684 1692/1692 1693/1693 1685/1685
f 1685/1685 1693/1693 1694/1694 1686/1686
f 1686/1686 1694/1694 1695/1695 1687/1687
f 1687/1687 1695/1695 1696/1696 1688/1688
f 1689/1689 1697/1697 1698/1698 1690/1690
f 1690/1690 1698/1698 1699/1699 1691/1691
f 1691/1691 1699/1699 1700/1700 1692/1692
f 1692/1692 1700/1700 1701/1701 1693/1693
f 1693/1693 1701/1701 1702/1702 1694/1694
f 1694/1694 1702/1702 1703/1703 1695/1695
f 1695/1695 1703/1703 1704/1704 1696/1696
f 1697/1697 1705/1705 1706/1706 1698/1698
f 1698/1698 1706/1706 1707/1707 1699/1699
f 1699/1699 1707/1707 1708/1708 1700/1700
f 1700/1700 1708/1708 1709/1709 1701/1701
f 1701/1701 1709/1709 1710/1710 1702/1702
f 1702/1702 1710/1710 1711/1711 1703/1703
f 1703/1703 1711/1711 1712/1712 1704/1704
f 1705/1705 1713/1713 1714/1714 1706/1706
f 1706/1706 1714/1714 1715/1715 1707/1707
f 1707/1707 1715/1715 1716/1716 1708/1708
f 1708/1708 1716/1716 1717/1717 1709/1709
f 1709/1709 1717/1717 1718/1718 1710/1710
f 1710/1710 1718/1718 1719/1719 1711/1711
f 1711/1711 1719/1719 1720/1720 1712/1712
f 1713/1713 1721/1721 1722/1722 1714/1714
f 1714/1714 1722/1722 1723/1723 1715/1715
f 1715/1715 1723/1723 1724/1724 1716/1716
f 1716/1716 1724/1724 1725/1725 1717/1717
f 1717/1717 1725/1725 1726/1726 1718/1718
f 1718/1718 1726/1726 1727/1727 1719/1719
f 1719/1719 1727/1727 1728/1728 1720/1720
f 1721/1721 1729/1729 1730/1730 1722/1722
f 1722/1722 1730/1730 1731/1731 1723/1723
f 1723/1723 1731/1731 1732/1732 1724/1724
f 1724/1724 1732/1732 1733/1733 1725/1725
f 1725/1725 1733/1733 1734/1734 1726/1726
f 1726/1726 1734/1734 1735/1735 1727/1727
f 1727/1727 1735/1735 1736/1736 1728/1728
f 1729/1729 1737/1737 1738/1738 1730/1730
f 1730/1730 1738/1738 1739/1739 1731/1731
f 1731/1731 1739/1739 1740/1740 1732/1732
f 1732/1732 1740/1740 1741/1741 1733/1733
f 1733/1733 1741/1741 1742/1742 1734/1734
f 1734/1734 1742/1742 1743/1743 1735/1735
f 1735/1735 1743/1743 1744/1744 1736/1736
f 1737/1737 1745/1745 1746/1746 1738/1738
f 1738/1738 1746/1746 1747/1747 1739/1739
f 1739/1739 1747/1747 1748/1748 1740/1740
f 1740/1740 1748/1748 1749/1749 1741/1741
f 1741/1741 1749/1749 1750/1750 1742/1742
f 1742/1742 1750/1750 1751/1751 1743/1743
f 1743/1743 1751/1751 1752/1752 1744/1744
f 1745/1745 1753/1753 1754/1754 1746/1746
f 1746/1746 1754/1754 1755/1755 1747/1747
f 1747/1747 1755/1755 1756/1756 1748/1748
f 1748/1748 1756/1756 1757/1757 1749/1749
f 1749/1749 1757/1757 1758/1758 1750/1750
f 1750/1750 1758/1758 1759/1759 1751/1751
f 1751/1751 1759/1759 1760/1760 1752/1752
f 1753/1753 1761/1761 1762/1762 1754/1754
f 1754/1754 1762/1762 1763/1763 1755/1755
f 1755/1755 1763/1763 1764/1764 1756/1756
f 1756/1756 1764/1764 1765/1765 1757/1757
f 1757/1757 1765/1765 1766/1766 1758/1758
f 1758/1758 1766/1766 1767/1767 1759/1759
f 1759/1759 1767/1767 1768/1768 1760/1760
f 1761/1761 1769/1769 1770/1770 1762/1762
f 1762/1762 1770/1770 1771/1771 1763/1763
f 1763/1763 1771/1771 1772/1772 1764/1764
f 1764/1764 1772/1772 1773/1773 1765/1765
f 1765/1765 1773/1773 1774/1774 1766/1766
f 1766/1766 1774/1774 1775/1775 1767/1767
f 1767/1767 1775/1775 1776/1776 1768/1768
f 1769/1769 1777/1777 1778/1778 1770/1770
f 1770/1770 1778/1778 1779/1779 1771/1771
f 1771/1771 1779/1779 1780/1780 1772/1772
f 1772/1772 1780/1780 1781/1781 1773/1773
f 1773/1773 1781/1781 1782/1782 1774/1774
f 1774/1774 1782/1782 1783/1783 1775/1775
f 1775/1775 1783/1783 1784/1784 1776/1776
f 1777/1777 1785/1785 1786/1786 1778/1778
f 1778/1778 1786/1786 1787/1787 1779/1779
f 1779/1779 1787/1787 1788/1788 1780/1780
f 1780/1780 1788/1788 1789/1789 1781/1781
f 1781/1781 1789/1789 1790/1790 1782/1782
f 1782/1782 1790/1790 1791/1791 1783/1783
f 1783/1783 1791/1791 1792/1792 1784/1784
f 1785/1785 1793/1793 1794/1794 1786/1786
f 1786/1786 1794/1794 1795/1795 1787/1787
f 1787/1787 1795/1795 1796/1796 1788/1788
f 1788/1788 1796/1796 1797/1797 1789/1789
f 1789/1789 1797/1797 1798/1798 1790/1790
f 1790/1790 1798/1798 1799/1799 1791/1791
f 1791/1791 1799/1799 1800/1800 1792/1792
f 1801/1801 1809/1809 1810/1810 1802/1802
f 1802/1802 1810/1810 1811/1811 1803/1803
f 1803/1803 1811/1811 1812/1812 1804/1804
f 1804/1804 1812/1812 1813/1813 1805/1805
f 1805/1805 1813/1813 1814/1814 1806/1806
f 1806/1806 1814/1814 1815/1815 1807/1807
f 1807/1807 1815/1815 1816/1816 1808/1808
f 1809/1809 1817/1817 1818/1818 1810/1810
f 1810/1810 1818/1818 1819/1819 1811/1811
f 1811/1811 1819/1819 1820/1820 1812/1812
f 1812/1812 1820/1820 1821/1821 1813/1813
f 1813/1813 1821/1821 1822/1822 1814/1814
f 1814/1814 1822/1822 1823/1823 1815/1815
f 1815/1815 1823/1823 1824/1824 1816/1816
f 1817/1817 1825/1825 1826/1826 1818/1818
f 1818/1818 1826/1826 1827/1827 1819/1819
f 1819/1819 1827/1827 1828/1828 1820/1820
f 1820/1820 1828/1828 1829/1829 1821/1821
f 1821/1821 1829/1829 1830/1830 1822/1822
f 1822/1822 1830/1830 1831/1831 1823/1823
f 1823/1823 1831/1831 1832/1832 1824/1824
f 1825/1825 1833/1833 1834/1834 1826/1826
f 1826/1826 1834/1834 1835/1835 1827/1827
f 1827/1827 1835/1835 1836/1836 1828/1828
f 1828/1828 1836/1836 1837/1837 1829/1829
f 1829/1829 1837/1837 1838/1838 1830/1830
f 1830/1830 1838/1838 1839/1839 1831/1831
f 1831/1831 1839/1839 1840/1840 1832/1832
f 1833/1833 1841/1841 1842/1842 1834/1834
f 1834/1834 1842/1842 1843/1843 1835/1835
f 1835/1835 1843/1843 1844/1844 1836/1836
f 1836/1836 1844/1844 1845/1845 1837/1837
f 1837/1837 1845/1845 1846/1846 1838/1838
f 1838/1838 1846/1846 1847/1847 1839/1839
f 1839/1839 1847/1847 1848/1848 1840/1840
f 1841/1841 1849/1849 1850/1850 1842/1842
f 1842/1842 1850/1850 1851/1851 1843/1843
f 1843/1843 1851/1851 1852/1852 1844/1844
f 1844/1844 1852/1852 1853/1853 1845/1845
f 1845/1845 1853/1853 1854/1854 1846/1846
f 1846/1846 1854/1854 1855/1855 1847/1847
f 1847/1847 1855/1855 1856/1856 1848/1848
f 1849/1849 1857/1857 1858/1858 1850/1850
f 1850/1850 1858/1858 1859/1859 1851/1851
f 1851/1851 1859/1859 1860/1860 1852/1852
f 1852/1852 1860/1860 1861/1861 1853/1853
f 1853/1853 1861/1861 1862/1862 1854/1854
f 1854/1854 1862/1862 1863/1863 1855/1855
f 1855/1855 1863/1863 1864/1864 1856/1856
f 1857/1857 1865/1865 1866/1866 1858/1858
f 1858/1858 1866/1866 1867/1867 1859/1859
f 1859/1859 1867/1867 1868/1868 1860/1860
f 1860/1860 1868/1868 1869/1869 1861/1861
f 1861/1861 1869/1869 1870/1870 1862/1862
f 1862/1862 1870/1870 1871/1871 1863/1863
f 1863/1863 1871/1871 1872/1872 1864/1864
f 1865/1865 1873/1873 1874/1874 1866/1866
f 1866/1866 1874/1874 1875/1875 1867/1867
f 1867/1867 1875/1875 1876/1876 1868/1868
f 1868/1868 1876/1876 1877/1877 1869/1869
f 1869/1869 1877/1877 1878/1878 1870/1870
f 1870/1870 1878/1878 1879/1879 1871/1871
f 1871/1871 1879/1879 1880/1880 1872/1872
f 1873/1873 1881/1881 1882/1882 1874/1874
f 1874/1874 1882/1882 1883/1883 1875/1875
f 1875/1875 1883/1883 1884/1884 1876/1876
f 1876/1876 1884/1884 1885/1885 1877/1877
f 1877/1877 1885/1885 1886/1886 1878/1878
f 1878/1878 1886/1886 1887/1887 1879/1879
f 1879/1879 1887/1887 1888/1888 1880/1880
f 1881/1881 1889/1889 1890/1890 1882/1882
f 1882/1882 1890/1890 1891/1891 1883/1883
f 1883/1883 1891/1891 1892/1892 1884/1884
f 1884/1884 1892/1892 1893/1893 1885/1885
f 1885/1885 1893/1893 1894/1894 1886/1886
f 1886/1886 1894/1894 1895/1895 1887/1887
f 1887/1887 1895/1895 1896/1896 1888/1888
f 1889/1889 1897/1897 1898/1898 1890/1890
f 1890/1890 1898/1898 1899/1899 1891/1891
f 1891/1891 1899/1899 1900/1900 1892/1892
f 1892/1892 1900/1900 1901/1901 1893/1893
f 1893/1893 1901/1901 1902/1902 1894/1894
f 1894/1894 1902/1902 1903/1903 1895/1895
f 1895/1895 1903/1903 1904/1904 1896/1896
f 1897/1897 1905/1905 1906/1906 1898/1898
f 1898/1898 1906/1906 1907/1907 1899/1899
f 1899/1899 1907/1907 1908/1908 1900/1900
f 1900/1900 1908/1908 1909/1909 1901/1901
f 1901/1901 1909/1909 1910/1910 1902/1902
f 1902/1902 1910/1910 1911/1911 1903/1903
f 1903/1903 1911/1911 1912/1912 1904/1904
f 1905/1905 1913/1913 1914/1914 1906/1906
f 1906/1906 1914/1914 1915/1915 1907/1907
f 1907/1907 1915/1915 1916/1916 1908/1908
f 1908/1908 1916/1916 1917/1917 1909/1909
f 1909/1909 1917/1917 1918/1918 1910/1910
f 1910/1910 1918/1918 1919/1919 1911/1911
f 1911/1911 1919/1919 1920/1920 1912/1912
f 1921/1921 1929/1929 1930/1930 1922/1922
f 1922/1922 1930/1930 1931/1931 1923/1923
f 1923/1923 1931/1931 1932/1932 1924/1924
f 1924/1924 1932/1932 1933/1933 1925/1925
f 1925/1925 1933/1933 1934/1934 1926/1926
f 1926/1926 1934/1934 1935/1935 1927/1927
f 1927/1927 1935/1935 1936/1936 1928/1928
f 1929/1929 1937/1937 1938/1938 1930/1930
f 1930/1930 1938/1938 1939/1939 1931/1931
f 1931/1931 1939/1939 1940/1940 1932/1932
f 1932/1932 1940/1940 1941/1941 1933/1933
f 1933/1933 1941/1941 1942/1942 1934/1934
f 1934/1934 1942/1942 1943/1943 1935/1935
f 1935/1935 1943/1943 1944/1944 1936/1936
f 1937/1937 1945/1945 1946/1946 1938/1938
f 1938/1938 1946/1946 1947/1947 1939/1939
f 1939/1939 1947/1947 1948/1948 1940/1940
f 1940/1940 1948/1948 1949/1949 1941/1941
f 1941/1941 1949/1949 1950/1950 1942/1942
f 1942/1942 1950/1950 1951/1951 1943/1943
f 1943/1943 1951/1951 1952/1952 1944/1944
f 1945/1945 1953/1953 1954/1954 1946/1946
f 1946/1946 1954/1954 1955/1955 1947/1947
f 1947/1947 1955/1955 1956/1956 1948/1948
f 1948/1948 1956/1956 1957/1957 1949/1949
f 1949/1949 1957/1957 1958/1958 1950/1950
f 1950/1950 1958/1958 1959/1959 1951/1951
f 1951/1951 1959/1959 1960/1960 1952/1952
f 1953/1953 1961/1961 1962/1962 1954/1954
f 1954/1954 1962/1962 1963/1963 1955/1955
f 1955/1955 1963/1963 1964/1964 1956/1956
f 1956/1956 1964/1964 1965/1965 1957/1957
f 1957/1957 1965/1965 1966/1966 1958/1958
f 1958/1958 1966/1966 1967/1967 1959/1959
f 1959/1959 1967/1967 1968/1968 1960/1960
f 1961/1961 1969/1969 1970/1970 1962/1962
f 1962/1962 1970/1970 1971/1971 1963/1963
f 1963/1963 1971/1971 1972/1972 1964/1964
f 1964/1964 1972/1972 1973/1973 1965/1965
f 1965/1965 1973/1973 1974/1974 1966/1966
f 1966/1966 1974/1974 1975/1975 1967/1967
f 1967/1967 1975/1975 1976/1976 1968/1968
f 1969/1969 1977/1977 1978/1978 1970/1970
f 1970/1970 1978/1978 1979/1979 1971/1971
f 1971/1971 1979/1979 1980/1980 1972/1972
f 1972/1972 1980/1980 1981/1981 1973/1973
f 1973/1973 1981/1981 1982/1982 1974/1974
f 1974/1974 1982/1982 1983/1983 1975/1975
f 1975/1975 1983/1983 1984/1984 1976/1976
f 1977/1977 1985/1985 1986/1986 1978/1978
f 1978/1978 1986/1986 1987/1987 1979/1979
f 1979/1979 1987/1987 1988/1988 1980/1980
f 1980/1980 1988/1988 1989/1989 1981/1981
f 1981/1981 1989/1989 1990/1990 1982/1982
f 1982/1982 1990/1990 1991/1991 1983/1983
f 1983/1983 1991/1991 1992/1992 1984/1984
f 1985/1985 1993/1993 1994/1994 1986/1986
f 1986/1986 1994/1994 1995/1995 1987/1987
f 1987/1987 1995/1995 1996/1996 1988/1988
f 1988/1988 1996/1996 1997/1997 1989/1989
f 1989/1989 1997/1997 1998/1998 1990/1990
f 1990/1990 1998/1998 1999/1999 1991/1991
f 1991/1991 1999/1999 2000/2000 1992/1992
f 1993/1993 2001/2001 2002/2002 1994/1994
f 1994/1994 2002/2002 2003/2003 1995/1995
f 1995/1995 2003/2003 2004/2004 1996/1996
f 1996/1996 2004/2004 2005/2005 1997/1997
f 1997/1997 2005/2005 2006/2006 1998/1998
f 1998/1998 2006/2006 2007/2007 1999/1999
f 1999/1999 2007/2007 2008/2008 2000/2000
f 2001/2001 2009/2009 2010/2010 2002/2002
f 2002/2002 2010/2010 2011/2011 2003/2003
f 2003/2003 2011/2011 2012/2012 2004/2004
f 2004/2004 2012/2012 2013/2013 2005/2005
f 2005/2005 2013/2013 2014/2014 2006/2006
f 2006/2006 2014/2014 2015/2015 2007/2007
f 2007/2007 2015/2015 2016/2016 2008/2008
f 2009/2009 2017/2017 2018/2018 2010/2010
f 2010/2010 2018/2018 2019/2019 2011/2011
f 2011/2011 2019/2019 2020/2020 2012/2012
f 2012/2012 2020/2020 2021/2021 2013/2013
f 2013/2013 2021/2021 2022/2022 2014/2014
f 2014/2014 2022/2022 2023/2023 2015/2015
f 2015/2015 2023/2023 2024/2024 2016/2016
f 2017/2017 2025/2025 2026/2026 2018/2018
f 2018/2018 2026/2026 2027/2027 2019/2019
f 2019/2019 2027/2027 2028/2028 2020/2020
f 2020/2020 2028/2028 2029/2029 2021/2021
f 2021/2021 2029/2029 2030/2030 2022/2022
f 2022/2022 2030/2030 2031/2031 2023/2023
f 2023/2023 2031/2031 2032/2032 2024/2024
f 2025/2025 2033/2033 2034/2034 2026/2026
f 2026/2026 2034/2034 2035/2035 2027/2027
f 2027/2027 2035/2035 2036/2036 2028/2028
f 2028/2028 2036/2036 2037/2037 2029/2029
f 2029/2029 2037/2037 2038/2038 2030/2030
f 2030/2030 2038/2038 2039/2039 2031/2031
f 2031/2031 2039/2039 2040/2040 2032/2032
f 2041/2041 2049/2049 2050/2050 2042/2042
f 2042/2042 2050/2050 2051/2051 2043/2043
f 2043/2043 2051/2051 2052/2052 2044/2044
f 2044/2044 2052/2052 2053/2053 2045/2045
f 2045/2045 2053/2053 2054/2054 2046/2046
f 2046/2046 2054/2054 2055/2055 2047/2047
f 2047/2047 2055/2055 2056/2056 2048/2048
f 2049/2049 2057/2057 2058/2058 2050/2050
f 2050/2050 2058/2058 2059/2059 2051/2051
f 2051/2051 2059/2059 2060/2060 2052/2052
f 2052/2052 2060/2060 2061/2061 2053/2053
f 2053/2053 2061/2061 2062/2062 2054/2054
f 2054/2054 2062/2062 2063/2063 2055/2055
f 2055/2055 2063/2063 2064/2064 2056/2056
f 2057/2057 2065/2065 2066/2066 2058/2058
f 2058/2058 2066/2066 2067/2067 2059/2059
f 2059/2059 2067/2067 2068/2068 2060/2060
f 2060/2060 2068/2068 2069/2069 2061/2061
f 2061/2061 2069/2069 2070/2070 2062/2062
f 2062/2062 2070/2070 2071/2071 2063/2063
f 2063/2063 2071/2071 2072/2072 2064/2064
f 2065/2065 2073/2073 2074/2074 2066/2066
f 2066/2066 2074/2074 2075/2075 2067/2067
f 2067/2067 2075/2075 2076/2076 2068/2068
f 2068/2068 2076/2076 2077/2077 2069/2069
f 2069/2069 2077/2077 2078/2078 2070/2070
f 2070/2070 2078/2078 2079/2079 2071/2071
f 2071/2071 2079/2079 2080/2080 2072/2072
f 2073/2073 2081/2081 2082/2082 2074/2074
f 2074/2074 2082/2082 2083/2083 2075/2075
f 2075/2075 2083/2083 2084/2084 2076/2076
f 2076/2076 2084/2084 2085/2085 2077/2077
f 2077/2077 2085/2085 2086/2086 2078/2078
f 2078/2078 2086/2086 2087/2087 2079/2079
f 2079/2079 2087/2087 2088/2088 2080/2080
f 2081/2081 2089/2089 2090/2090 2082/2082
f 2082/2082 2090/2090 2091/2091 2083/2083
f 2083/2083 2091/2091 2092/2092 2084/2084
f 2084/2084 2092/2092 2093/2093 2085/2085
f 2085/2085 2093/2093 2094/2094 2086/2086
f 2086/2086 2094/2094 2095/2095 2087/2087
f 2087/2087 2095/2095 2096/2096 2088/2088
f 2089/2089 2097/2097 2098/2098 2090/2090
f 2090/2090 2098/2098 2099/2099 2091/2091
f 2091/2091 2099/2099 2100/2100 2092/2092
f 2092/2092 2100/2100 2101/2101 2093/2093
f 2093/2093 2101/2101 2102/2102 2094/2094
f 2094/2094 2102/2102 2103/2103 2095/2095
f 2095/2095 2103/2103 2104/2104 2096/2096
f 2097/2097 2105/2105 2106/2106 2098/2098
f 2098/2098 2106/2106 2107/2107 2099/2099
f 2099/2099 2107/2107 2108/2108 2100/2100
f 2100/2100 2108/2108 2109/2109 2101/2101
f 2101/2101 2109/2109 2110/2110 2102/2102
f 2102/2102 2110/2110 2111/2111 2103/2103
f 2103/2103 2111/2111 2112/2112 2104/2104
f 2105/2105 2113/2113 2114/2114 2106/2106
f 2106/2106 2114/2114 2115/2115 2107/2107
f 2107/2107 2115/2115 2116/2116 2108/2108
f 2108/2108 2116/2116 2117/2117 2109/2109
f 2109/2109 2117/2117 2118/2118 2110/2110
f 2110/2110 2118/2118 2119/2119 2111/2111
f 2111/2111 2119/2119 2120/2120 2112/2112
f 2113/2113 2121/2121 2122/2122 2114/2114
f 2114/2114 2122/2122 2123/2123 2115/2115
f 2115/2115 2123/2123 2124/2124 2116/2116
f 2116/2116 2124/2124 2125/2125 2117/2117
f 2117/2117 2125/2125 2126/2126 2118/2118
f 2118/2118 2126/2126 2127/2127 2119/2119
f 2119/2119 2127/2127 2128/2128 2120/2120
f 2121/2121 2129/2129 2130/2130 2122/2122
f 2122/2122 2130/2130 2131/2131 2123/2123
f 2123/2123 2131/2131 2132/2132 2124/2124
f 2124/2124 2132/2132 2133/2133 2125/2125
f 2125/2125 2133/2133 2134/2134 2126/2126
f 2126/2126 2134/2134 2135/2135 2127/2127
f 2127/2127 2135/2135 2136/2136 2128/2128
f 2129/2129 2137/2137 2138/2138 2130/2130
f 2130/2130 2138/2138 2139/2139 2131/2131
f 2131/2131 2139/2139 2140/2140 2132/2132
f 2132/2132 2140/2140 2141/2141 2133/2133
f 2133/2133 2141/2141 2142/2142 2134/2134
f 2134/2134 2142/2142 2143/2143 2135/2135
f 2135/2135 2143/2143 2144/2144 2136/2136
f 2137/2137 2145/2145 2146/2146 2138/2138
f 2138/2138 2146/2146 2147/2147 2139/2139
f 2139/2139 2147/2147 2148/2148 2140/2140
f 2140/2140 2148/2148 2149/2149 2141/2141
f 2141/2141 2149/2149 2150/2150 2142/2142
f 2142/2142 2150/2150 2151/2151 2143/2143
f 2143/2143 2151/2151 2152/2152 2144/2144
f 2145/2145 2153/2153 2154/2154 2146/2146
f 2146/2146 2154/2154 2155/2155 2147/2147
f 2147/2147 2155/2155 2156/2156 2148/2148
f 2148/2148 2156/2156 2157/2157 2149/2149
f 2149/2149 2157/2157 2158/2158 2150/2150
f 2150/2150 2158/2158 2159/2159 2151/2151
f 2151/2151 2159/2159 2160/2160 2152/2152
f 2161/2161 2169/2169 2170/2170 2162/2162
f 2162/2162 2170/2170 2171/2171 2163/2163
f 2163/2163 2171/2171 2172/2172 2164/2164
f 2164/2164 2172/2172 2173/2173 2165/2165
f 2165/2165 2173/2173 2174/2174 2166/2166
f 2166/2166 2174/2174 2175/2175 2167/2167
f 2167/2167 2175/2175 2176/2176 2168/2168
f 2169/2169 2177/2177 2178/2178 2170/2170
f 2170/2170 2178/2178 2179/2179 2171/2171
f 2171/2171 2179/2179 2180/2180 2172/2172
f 2172/2172 2180/2180 2181/2181 2173/2173
f 2173/2173 2181/2181 2182/2182 2174/2174
f 2174/2174 2182/2182 2183/2183 2175/2175
f 2175/2175 2183/2183 2184/2184 2176/2176
f 2177/2177 2185/2185 2186/2186 2178/2178
f 2178/2178 2186/2186 2187/2187 2179/2179
f 2179/2179 2187/2187 2188/2188 2180/2180
f 2180/2180 2188/2188 2189/2189 2181/2181
f 2181/2181 2189/2189 2190/2190 2182/2182
f 2182/2182 2190/2190 2191/2191 2183/2183
f 2183/2183 2191/2191 2192/2192 2184/2184
f 2185/2185 2193/2193 2194/2194 2186/2186
f 2186/2186 2194/2194 2195/2195 2187/2187
f 2187/2187 2195/2195 2196/2196 2188/2188
f 2188/2188 2196/2196 2197/2197 2189/2189
f 2189/2189 2197/2197 2198/2198 2190/2190
f 2190/2190 2198/2198 2199/2199 2191/2191
f 2191/2191 2199/2199 2200/2200 2192/2192
f 2193/2193 2201/2201 2202/2202 2194/2194
f 2194/2194 2202/2202 2203/2203 2195/2195
f 2195/2195 2203/2203 2204/2204 2196/2196
f 2196/2196 2204/2204 2205/2205 2197/2197
f 2197/2197 2205/2205 2206/2206 2198/2198
f 2198/2198 2206/2206 2207/2207 2199/2199
f 2199/2199 2207/2207 2208/2208 2200/2200
f 2201/2201 2209/2209 2210/2210 2202/2202
f 2202/2202 2210/2210 2211/2211 2203/2203
f 2203/2203 2211/2211 2212/2212 2204/2204
f 2204/2204 2212/2212 2213/2213 2205/2205
f 2205/2205 2213/2213 2214/2214 2206/2206
f 2206/2206 2214/2214 2215/2215 2207/2207
f 2207/2207 2215/2215 2216/2216 2208/2208
f 2209/2209 2217/2217 2218/2218 2210/2210
f 2210/2210 2218/2218 2219/2219 2211/2211
f 2211/2211 2219/2219 2220/2220 2212/2212
f 2212/2212 2220/2220 2221/2221 2213/2213
f 2213/2213 2221/2221 2222/2222 2214/2214
f 2214/2214 2222/2222 2223/2223 2215/2215
f 2215/2215 2223/2223 2224/2224 2216/2216
f 2217/2217 2225/2225 2226/2226 2218/2218
f 2218/2218 2226/2226 2227/2227 2219/2219
f 2219/2219 2227/2227 2228/2228 2220/2220
f 2220/2220 2228/2228 2229/2229 2221/2221
f 2221/2221 2229/2229 2230/2230 2222/2222
f 2222/2222 2230/2230 2231/2231 2223/2223
f 2223/2223 2231/2231 2232/2232 2224/2224
f 2225/2225 2233/2233 2234/2234 2226/2226
f 2226/2226 2234/2234 2235/2235 2227/2227
f 2227/2227 2235/2235 2236/2236 2228/2228
f 2228/2228 2236/2236 2237/2237 2229/2229
f 2229/2229 2237/2237 2238/2238 2230/2230
f 2230/2230 2238/2238 2239/2239 2231/2231
f 2231/2231 2239/2239 2240/2240 2232/2232
f 2233/2233 2241/2241 2242/2242 2234/2234
f 2234/2234 2242/2242 2243/2243 2235/2235
f 2235/2235 2243/2243 2244/2244 2236/2236
f 2236/2236 2244/2244 2245/2245 2237/2237
f 2237/2237 2245/2245 2246/2246 2238/2238
f 2238/2238 2246/2246 2247/2247 2239/2239
f 2239/2239 2247/2247 2248/2248 2240/2240
f 2241/2241 2249/2249 2250/2250 2242/2242
f 2242/2242 2250/2250 2251/2251 2243/2243
f 2243/2243 2251/2251 2252/2252 2244/2244
f 2244/2244 2252/2252 2253/2253 2245/2245
f 2245/2245 2253/2253 2254/2254 2246/2246
f 2246/2246 2254/2254 2255/2255 2247/2247
f 2247/2247 2255/2255 2256/2256 2248/2248
f 2249/2249 2257/2257 2258/2258 2250/2250
f 2250/2250 2258/2258 2259/2259 2251/2251
f 2251/2251 2259/2259 2260/2260 2252/2252
f 2252/2252 2260/2260 2261/2261 2253/2253
f 2253/2253 2261/2261 2262/2262 2254/2254
f 2254/2254 2262/2262 2263/2263 2255/2255
f 2255/2255 2263/2263 2264/2264 2256/2256
f 2257/2257 2265/2265 2266/2266 2258/2258
f 2258/2258 2266/2266 2267/2267 2259/2259
f 2259/2259 2267/2267 2268/2268 2260/2260
f 2260/2260 2268/2268 2269/2269 2261/2261
f 2261/2261 2269/2269 2270/2270 2262/2262
f 2262/2262 2270/2270 2271/2271 2263/2263
f 2263/2263 2271/2271 2272/2272 2264/2264
f 2265/2265 2273/2273 2274/2274 2266/2266
f 2266/2266 2274/2274 2275/2275 2267/2267
f 2267/2267 2275/2275 2276/2276 2268/2268
f 2268/2268 2276/2276 2277/2277 2269/2269
f 2269/2269 2277/2277 2278/2278 2270/2270
f 2270/2270 2278/2278 2279/2279 2271/2271
f 2271/2271 2279/2279 2280/2280 2272/2272
f 2281/2281 2289/2289 2290/2290 2282/2282
f 2282/2282 2290/2290 2291/2291 2283/2283
f 2283/2283 2291/2291 2292/2292 2284/2284
f 2284/2284 2292/2292 2293/2293 2285/2285
f 2285/2285 2293/2293 2294/2294 2286/2286
f 2286/2286 2294/2294 2295/2295 2287/2287
f 2287/2287 2295/2295 2296/2296 2288/2288
f 2289/2289 2297/2297 2298/2298 2290/2290
f 2290/2290 2298/2298 2299/2299 2291/2291
f 2291/2291 2299/2299 2300/2300 2292/2292
f 2292/2292 2300/2300 2301/2301 2293/2293
f 2293/2293 2301/2301 2302/2302 2294/2294
f 2294/2294 2302/2302 2303/2303 2295/2295
f 2295/2295 2303/2303 2304/2304 2296/2296
f 2297/2297 2305/2305 2306/2306 2298/2298
f 2298/2298 2306/2306 2307/2307 2299/2299
f 2299/2299 2307/2307 2308/2308 2300/2300
f 2300/2300 2308/2308 2309/2309 2301/2301
f 2301/2301 2309/2309 2310/2310 2302/2302
f 2302/2302 2310/2310 2311/2311 2303/2303
f 2303/2303 2311/2311 2312/2312 2304/2304
f 2305/2305 2313/2313 2314/2314 2306/2306
f 2306/2306 2314/2314 2315/2315 2307/2307
f 2307/2307 2315/2315 2316/2316 2308/2308
f 2308/2308 2316/2316 2317/2317 2309/2309
f 2309/2309 2317/2317 2318/2318 2310/2310
f 2310/2310 2318/2318 2319/2319 2311/2311
f 2311/2311 2319/2319 2320/2320 2312/2312
f 2313/2313 2321/2321 2322/2322 2314/2314
f 2314/2314 2322/2322 2323/2323 2315/2315
f 2315/2315 2323/2323 2324/2324 2316/2316
f 2316/2316 2324/2324 2325/2325 2317/2317
f 2317/2317 2325/2325 2326/2326 2318/2318
f 2318/2318 2326/2326 2327/2327 2319/2319
f 2319/2319 2327/2327 2328/2328 2320/2320
f 2321/2321 2329/2329 2330/2330 2322/2322
f 2322/2322 2330/2330 2331/2331 2323/2323
f 2323/2323 2331/2331 2332/2332 2324/2324
f 2324/2324 2332/2332 2333/2333 2325/2325
f 2325/2325 2333/2333 2334/2334 2326/2326
f 2326/2326 2334/2334 2335/2335 2327/2327
f 2327/2327 2335/2335 2336/2336 2328/2328
f 2329/2329 2337/2337 2338/2338 2330/2330
f 2330/2330 2338/2338 2339/2339 2331/2331
f 2331/2331 2339/2339 2340/2340 2332/2332
f 2332/2332 2340/2340 2341/2341 2333/2333
f 2333/2333 2341/2341 2342/2342 2334/2334
f 2334/2334 2342/2342 2343/2343 2335/2335
f 2335/2335 2343/2343 2344/2344 2336/2336
f 2337/2337 2345/2345 2346/2346 2338/2338
f 2338/2338 2346/2346 2347/2347 2339/2339
f 2339/2339 2347/2347 2348/2348 2340/2340
f 2340/2340 2348/2348 2349/2349 2341/2341
f 2341/2341 2349/2349 2350/2350 2342/2342
f 2342/2342 2350/2350 2351/2351 2343/2343
f 2343/2343 2351/2351 2352/2352 2344/2344
f 2345/2345 2353/2353 2354/2354 2346/2346
f 2346/2346 2354/2354 2355/2355 2347/2347
f 2347/2347 2355/2355 2356/2356 2348/2348
f 2348/2348 2356/2356 2357/2357 2349/2349
f 2349/2349 2357/2357 2358/2358 2350/2350
f 2350/2350 2358/2358 2359/2359 2351/2351
f 2351/2351 2359/2359 2360/2360 2352/2352
f 2353/2353 2361/2361 2362/2362 2354/2354
f 2354/2354 2362/2362 2363/2363 2355/2355
f 2355/2355 2363/2363 2364/2364 2356/2356
f 2356/2356 2364/2364 2365/2365 2357/2357
f 2357/2357 2365/2365 2366/2366 2358/2358
f 2358/2358 2366/2366 2367/2367 2359/2359
f 2359/2359 2367/2367 2368/2368 2360/2360
f 2361/2361 2369/2369 2370/2370 2362/2362
f 2362/2362 2370/2370 2371/2371 2363/2363
f 2363/2363 2371/2371 2372/2372 2364/2364
f 2364/2364 2372/2372 2373/2373 2365/2365
f 2365/2365 2373/2373 2374/2374 2366/2366
f 2366/2366 2374/2374 2375/2375 2367/2367
f 2367/2367 2375/2375 2376/2376 2368/2368
f 2369/2369 2377/2377 2378/2378 2370/2370
f 2370/2370 2378/2378 2379/2379 2371/2371
f 2371/2371 2379/2379 2380/2380 2372/2372
f 2372/2372 2380/2380 2381/2381 2373/2373
f 2373/2373 2381/2381 2382/2382 2374/2374
f 2374/2374 2382/2382 2383/2383 2375/2375
f 2375/2375 2383/2383 2384/2384 2376/2376
f 2377/2377 2385/2385 2386/2386 2378/2378
f 2378/2378 2386/2386 2387/2387 2379/2379
f 2379/2379 2387/2387 2388/2388 2380/2380
f 2380/2380 2388/2388 2389/2389 2381/2381
f 2381/2381 2389/2389 2390/2390 2382/2382
f 2382/2382 2390/2390 2391/2391 2383/2383
f 2383/2383 2391/2391 2392/2392 2384/2384
f 2385/2385 2393/2393 2394/2394 2386/2386
f 2386/2386 2394/2394 2395/2395 2387/2387
f 2387/2387 2395/2395 2396/2396 2388/2388
f 2388/2388 2396/2396 2397/2397 2389/2389
f 2389/2389 2397/2397 2398/2398 2390/2390
f 2390/2390 2398/2398 2399/2399 2391/2391
f 2391/2391 2399/2399 2400/2400 2392/2392
f 2401/2401 2403/2403 2404/2404
f 2402/2402 2509/2509 2508/2508
f 2401/2401 2404/2404 2405/2405
f 2402/2402 2510/2510 2509/2509
f 2401/2401 2405/2405 2406/2406
f 2402/2402 2511/2511 2510/2510
f 2401/2401 2406/2406 2407/2407
f 2402/2402 2512/2512 2511/2511
f 2401/2401 2407/2407 2408/2408
f 2402/2402 2513/2513 2512/2512
f 2401/2401 2408/2408 2409/2409
f 2402/2402 2514/2514 2513/2513
f 2401/2401 2409/2409 2410/2410
f 2402/2402 2515/2515 2514/2514
f 2401/2401 2410/2410 2411/2411
f 2402/2402 2516/2516 2515/2515
f 2401/2401 2411/2411 2412/2412
f 2402/2402 2517/2517 2516/2516
f 2401/2401 2412/2412 2413/2413
f 2402/2402 2518/2518 2517/2517
f 2401/2401 2413/2413 2414/2414
f 2402/2402 2519/2519 2518/2518
f 2401/2401 2414/2414 2415/2415
f 2402/2402 2520/2520 2519/2519
f 2401/2401 2415/2415 2416/2416
f 2402/2402 2521/2521 2520/2520
f 2401/2401 2416/2416 2417/2417
f 2402/2402 2522/2522 2521/2521
f 2403/2403 2418/2418 2419/2419 2404/2404
f 2404/2404 2419/2419 2420/2420 2405/2405
f 2405/2405 2420/2420 2421/2421 2406/2406
f 2406/2406 2421/2421 2422/2422 2407/2407
f 2407/2407 2422/2422 2423/2423 2408/2408
f 2408/2408 2423/2423 2424/2424 2409/2409
f 2409/2409 2424/2424 2425/2425 2410/2410
f 2410/2410 2425/2425 2426/2426 2411/2411
f 2411/2411 2426/2426 2427/2427 2412/2412
f 2412/2412 2427/2427 2428/2428 2413/2413
f 2413/2413 2428/2428 2429/2429 2414/2414
f 2414/2414 2429/2429 2430/2430 2415/2415
f 2415/2415 2430/2430 2431/2431 2416/2416
f 2416/2416 2431/2431 2432/2432 2417/2417
f 2418/2418 2433/2433 2434/2434 2419/2419
f 2419/2419 2434/2434 2435/2435 2420/2420
f 2420/2420 2435/2435 2436/2436 2421/2421
f 2421/2421 2436/2436 2437/2437 2422/2422
f 2422/2422 2437/2437 2438/2438 2423/2423
f 2423/2423 2438/2438 2439/2439 2424/2424
f 2424/2424 2439/2439 2440/2440 2425/2425
f 2425/2425 2440/2440 2441/2441 2426/2426
f 2426/2426 2441/2441 2442/2442 2427/2427
f 2427/2427 2442/2442 2443/2443 2428/2428
f 2428/2428 2443/2443 2444/2444 2429/2429
f 2429/2429 2444/2444 2445/2445 2430/2430
f 2430/2430 2445/2445 2446/2446 2431/2431
f 2431/2431 2446/2446 2447/2447 2432/2432
f 2433/2433 2448/2448 2449/2449 2434/2434
f 2434/2434 2449/2449 2450/2450 2435/2435
f 2435/2435 2450/2450 2451/2451 2436/2436
f 2436/2436 2451/2451 2452/2452 2437/2437
f 2437/2437 2452/2452 2453/2453 2438/2438
f 2438/2438 2453/2453 2454/2454 2439/2439
f 2439/2439 2454/2454 2455/2455 2440/2440
f 2440/2440 2455/2455 2456/2456 2441/2441
f 2441/2441 2456/2456 2457/2457 2442/2442
f 2442/2442 2457/2457 2458/2458 2443/2443
f 2443/2443 2458/2458 2459/2459 2444/2444
f 2444/2444 2459/2459 2460/2460 2445/2445
f 2445/2445 2460/2460 2461/2461 2446/2446
f 2446/2446 2461/2461 2462/2462 2447/2447
f 2448/2448 2463/2463 2464/2464 2449/2449
f 2449/2449 2464/2464 2465/2465 2450/2450
f 2450/2450 2465/2465 2466/2466 2451/2451
f 2451/2451 2466/2466 2467/2467 2452/2452
f 2452/2452 2467/2467 2468/2468 2453/2453
f 2453/2453 2468/2468 2469/2469 2454/2454
f 2454/2454 2469/2469 2470/2470 2455/2455
f 2455/2455 2470/2470 2471/2471 2456/2456
f 2456/2456 2471/2471 2472/2472 2457/2457
f 2457/2457 2472/2472 2473/2473 2458/2458
f 2458/2458 2473/2473 2474/2474 2459/2459
f 2459/2459 2474/2474 2475/2475 2460/2460
f 2460/2460 2475/2475 2476/2476 2461/2461
f 2461/2461 2476/2476 2477/2477 2462/2462
f 2463/2463 2478/2478 2479/2479 2464/2464
f 2464/2464 2479/2479 2480/2480 2465/2465
f 2465/2465 2480/2480 2481/2481 2466/2466
f 2466/2466 2481/2481 2482/2482 2467/2467
f 2467/2467 2482/2482 2483/2483 2468/2468
f 2468/2468 2483/2483 2484/2484 2469/2469
f 2469/2469 2484/2484 2485/2485 2470/2470
f 2470/2470 2485/2485 2486/2486 2471/2471
f 2471/2471 2486/2486 2487/2487 2472/2472
f 2472/2472 2487/2487 2488/2488 2473/2473
f 2473/2473 2488/2488 2489/2489 2474/2474
f 2474/2474 2489/2489 2490/2490 2475/2475
f 2475/2475 2490/2490 2491/2491 2476/2476
f 2476/2476 2491/2491 2492/2492 2477/2477
f 2478/2478 2493/2493 2494/2494 2479/2479
f 2479/2479 2494/2494 2495/2495 2480/2480
f 2480/2480 2495/2495 2496/2496 2481/2481
f 2481/2481 2496/2496 2497/2497 2482/2482
f 2482/2482 2497/2497 2498/2498 2483/2483
f 2483/2483 2498/2498 2499/2499 2484/2484
f 2484/2484 2499/2499 2500/2500 2485/2485
f 2485/2485 2500/2500 2501/2501 2486/2486
f 2486/2486 2501/2501 2502/2502 2487/2487
f 2487/2487 2502/2502 2503/2503 2488/2488
f 2488/2488 2503/2503 2504/2504 2489/2489
f 2489/2489 2504/2504 2505/2505 2490/2490
f 2490/2490 2505/2505 2506/2506 2491/2491
f 2491/2491 2506/2506 2507/2507 2492/2492
f 2493/2493 2508/2508 2509/2509 2494/2494
f 2494/2494 2509/2509 2510/2510 2495/2495
f 2495/2495 2510/2510 2511/2511 2496/2496
f 2496/2496 2511/2511 2512/2512 2497/2497
f 2497/2497 2512/2512 2513/2513 2498/2498
f 2498/2498 2513/2513 2514/2514 2499/2499
f 2499/2499 2514/2514 2515/2515 2500/2500
f 2500/2500 2515/2515 2516/2516 2501/2501
f 2501/2501 2516/2516 2517/2517 2502/2502
f 2502/2502 2517/2517 2518/2518 2503/2503
f 2503/2503 2518/2518 2519/2519 2504/2504
f 2504/2504 2519/2519 2520/2520 2505/2505
f 2505/2505 2520/2520 2521/2521 2506/2506
f 2506/2506 2521/2521 2522/2522 2507/2507
f 2523/2523 2525/2525 2526/2526 2524/2524
f 2525/2525 2527/2527 2528/2528 2526/2526
f 2527/2527 2529/2529 2530/2530 2528/2528
f 2529/2529 2531/2531 2532/2532 2530/2530
f 2531/2531 2533/2533 2534/2534 2532/2532
f 2533/2533 2535/2535 2536/2536 2534/2534
f 2535/2535 2537/2537 2538/2538 2536/2536
f 2537/2537 2539/2539 2540/2540 2538/2538
f 2539/2539 2541/2541 2542/2542 2540/2540
f 2541/2541 2543/2543 2544/2544 2542/2542
f 2545/2545 2525/2525 2523/2523
f 2545/2545 2527/2527 2525/2525
f 2545/2545 2529/2529 2527/2527
f 2545/2545 2531/2531 2529/2529
f 2545/2545 2533/2533 2531/2531
f 2545/2545 2535/2535 2533/2533
f 2545/2545 2537/2537 2535/2535
f 2545/2545 2539/2539 2537/2537
f 2545/2545 2541/2541 2539/2539
f 2545/2545 2543/2543 2541/2541
