# staff_gold - original Tiangang Star staff recreation
o staff_gold
v 2.25000 0.00000 1.40000
v 2.17631 0.00000 1.67500
v 1.97500 0.00000 1.87631
v 1.70000 0.00000 1.95000
v 1.42500 0.00000 1.87631
v 1.22369 0.00000 1.67500
v 1.15000 0.00000 1.40000
v 1.22369 0.00000 1.12500
v 1.42500 0.00000 0.92369
v 1.70000 0.00000 0.85000
v 1.97500 0.00000 0.92369
v 2.17631 0.00000 1.12500
v 2.25000 0.00000 1.40000
v 2.17333 0.58234 1.40000
v 2.10216 0.56327 1.67500
v 1.90770 0.51117 1.87631
v 1.64207 0.43999 1.95000
v 1.37644 0.36882 1.87631
v 1.18199 0.31671 1.67500
v 1.11081 0.29764 1.40000
v 1.18199 0.31671 1.12500
v 1.37644 0.36882 0.92369
v 1.64207 0.43999 0.85000
v 1.90770 0.51117 0.92369
v 2.10216 0.56327 1.12500
v 2.17333 0.58234 1.40000
v 1.94856 1.12500 1.40000
v 1.88474 1.08816 1.67500
v 1.71040 0.98750 1.87631
v 1.47224 0.85000 1.95000
v 1.23409 0.71250 1.87631
v 1.05974 0.61184 1.67500
v 0.99593 0.57500 1.40000
v 1.05974 0.61184 1.12500
v 1.23409 0.71250 0.92369
v 1.47224 0.85000 0.85000
v 1.71040 0.98750 0.92369
v 1.88474 1.08816 1.12500
v 1.94856 1.12500 1.40000
v 1.59099 1.59099 1.40000
v 1.53889 1.53889 1.67500
v 1.39654 1.39654 1.87631
v 1.20208 1.20208 1.95000
v 1.00763 1.00763 1.87631
v 0.86528 0.86528 1.67500
v 0.81317 0.81317 1.40000
v 0.86528 0.86528 1.12500
v 1.00763 1.00763 0.92369
v 1.20208 1.20208 0.85000
v 1.39654 1.39654 0.92369
v 1.53889 1.53889 1.12500
v 1.59099 1.59099 1.40000
v 1.12500 1.94856 1.40000
v 1.08816 1.88474 1.67500
v 0.98750 1.71040 1.87631
v 0.85000 1.47224 1.95000
v 0.71250 1.23409 1.87631
v 0.61184 1.05974 1.67500
v 0.57500 0.99593 1.40000
v 0.61184 1.05974 1.12500
v 0.71250 1.23409 0.92369
v 0.85000 1.47224 0.85000
v 0.98750 1.71040 0.92369
v 1.08816 1.88474 1.12500
v 1.12500 1.94856 1.40000
v 0.58234 2.17333 1.40000
v 0.56327 2.10216 1.67500
v 0.51117 1.90770 1.87631
v 0.43999 1.64207 1.95000
v 0.36882 1.37644 1.87631
v 0.31671 1.18199 1.67500
v 0.29764 1.11081 1.40000
v 0.31671 1.18199 1.12500
v 0.36882 1.37644 0.92369
v 0.43999 1.64207 0.85000
v 0.51117 1.90770 0.92369
v 0.56327 2.10216 1.12500
v 0.58234 2.17333 1.40000
v 0.00000 2.25000 1.40000
v 0.00000 2.17631 1.67500
v 0.00000 1.97500 1.87631
v 0.00000 1.70000 1.95000
v 0.00000 1.42500 1.87631
v 0.00000 1.22369 1.67500
v 0.00000 1.15000 1.40000
v 0.00000 1.22369 1.12500
v 0.00000 1.42500 0.92369
v 0.00000 1.70000 0.85000
v 0.00000 1.97500 0.92369
v 0.00000 2.17631 1.12500
v 0.00000 2.25000 1.40000
v -0.58234 2.17333 1.40000
v -0.56327 2.10216 1.67500
v -0.51117 1.90770 1.87631
v -0.43999 1.64207 1.95000
v -0.36882 1.37644 1.87631
v -0.31671 1.18199 1.67500
v -0.29764 1.11081 1.40000
v -0.31671 1.18199 1.12500
v -0.36882 1.37644 0.92369
v -0.43999 1.64207 0.85000
v -0.51117 1.90770 0.92369
v -0.56327 2.10216 1.12500
v -0.58234 2.17333 1.40000
v -1.12500 1.94856 1.40000
v -1.08816 1.88474 1.67500
v -0.98750 1.71040 1.87631
v -0.85000 1.47224 1.95000
v -0.71250 1.23409 1.87631
v -0.61184 1.05974 1.67500
v -0.57500 0.99593 1.40000
v -0.61184 1.05974 1.12500
v -0.71250 1.23409 0.92369
v -0.85000 1.47224 0.85000
v -0.98750 1.71040 0.92369
v -1.08816 1.88474 1.12500
v -1.12500 1.94856 1.40000
v -1.59099 1.59099 1.40000
v -1.53889 1.53889 1.67500
v -1.39654 1.39654 1.87631
v -1.20208 1.20208 1.95000
v -1.00763 1.00763 1.87631
v -0.86528 0.86528 1.67500
v -0.81317 0.81317 1.40000
v -0.86528 0.86528 1.12500
v -1.00763 1.00763 0.92369
v -1.20208 1.20208 0.85000
v -1.39654 1.39654 0.92369
v -1.53889 1.53889 1.12500
v -1.59099 1.59099 1.40000
v -1.94856 1.12500 1.40000
v -1.88474 1.08816 1.67500
v -1.71040 0.98750 1.87631
v -1.47224 0.85000 1.95000
v -1.23409 0.71250 1.87631
v -1.05974 0.61184 1.67500
v -0.99593 0.57500 1.40000
v -1.05974 0.61184 1.12500
v -1.23409 0.71250 0.92369
v -1.47224 0.85000 0.85000
v -1.71040 0.98750 0.92369
v -1.88474 1.08816 1.12500
v -1.94856 1.12500 1.40000
v -2.17333 0.58234 1.40000
v -2.10216 0.56327 1.67500
v -1.90770 0.51117 1.87631
v -1.64207 0.43999 1.95000
v -1.37644 0.36882 1.87631
v -1.18199 0.31671 1.67500
v -1.11081 0.29764 1.40000
v -1.18199 0.31671 1.12500
v -1.37644 0.36882 0.92369
v -1.64207 0.43999 0.85000
v -1.90770 0.51117 0.92369
v -2.10216 0.56327 1.12500
v -2.17333 0.58234 1.40000
v -2.25000 0.00000 1.40000
v -2.17631 0.00000 1.67500
v -1.97500 0.00000 1.87631
v -1.70000 0.00000 1.95000
v -1.42500 0.00000 1.87631
v -1.22369 0.00000 1.67500
v -1.15000 0.00000 1.40000
v -1.22369 0.00000 1.12500
v -1.42500 0.00000 0.92369
v -1.70000 0.00000 0.85000
v -1.97500 0.00000 0.92369
v -2.17631 0.00000 1.12500
v -2.25000 0.00000 1.40000
v -2.17333 -0.58234 1.40000
v -2.10216 -0.56327 1.67500
v -1.90770 -0.51117 1.87631
v -1.64207 -0.43999 1.95000
v -1.37644 -0.36882 1.87631
v -1.18199 -0.31671 1.67500
v -1.11081 -0.29764 1.40000
v -1.18199 -0.31671 1.12500
v -1.37644 -0.36882 0.92369
v -1.64207 -0.43999 0.85000
v -1.90770 -0.51117 0.92369
v -2.10216 -0.56327 1.12500
v -2.17333 -0.58234 1.40000
v -1.94856 -1.12500 1.40000
v -1.88474 -1.08816 1.67500
v -1.71040 -0.98750 1.87631
v -1.47224 -0.85000 1.95000
v -1.23409 -0.71250 1.87631
v -1.05974 -0.61184 1.67500
v -0.99593 -0.57500 1.40000
v -1.05974 -0.61184 1.12500
v -1.23409 -0.71250 0.92369
v -1.47224 -0.85000 0.85000
v -1.71040 -0.98750 0.92369
v -1.88474 -1.08816 1.12500
v -1.94856 -1.12500 1.40000
v -1.59099 -1.59099 1.40000
v -1.53889 -1.53889 1.67500
v -1.39654 -1.39654 1.87631
v -1.20208 -1.20208 1.95000
v -1.00763 -1.00763 1.87631
v -0.86528 -0.86528 1.67500
v -0.81317 -0.81317 1.40000
v -0.86528 -0.86528 1.12500
v -1.00763 -1.00763 0.92369
v -1.20208 -1.20208 0.85000
v -1.39654 -1.39654 0.92369
v -1.53889 -1.53889 1.12500
v -1.59099 -1.59099 1.40000
v -1.12500 -1.94856 1.40000
v -1.08816 -1.88474 1.67500
v -0.98750 -1.71040 1.87631
v -0.85000 -1.47224 1.95000
v -0.71250 -1.23409 1.87631
v -0.61184 -1.05974 1.67500
v -0.57500 -0.99593 1.40000
v -0.61184 -1.05974 1.12500
v -0.71250 -1.23409 0.92369
v -0.85000 -1.47224 0.85000
v -0.98750 -1.71040 0.92369
v -1.08816 -1.88474 1.12500
v -1.12500 -1.94856 1.40000
v -0.58234 -2.17333 1.40000
v -0.56327 -2.10216 1.67500
v -0.51117 -1.90770 1.87631
v -0.43999 -1.64207 1.95000
v -0.36882 -1.37644 1.87631
v -0.31671 -1.18199 1.67500
v -0.29764 -1.11081 1.40000
v -0.31671 -1.18199 1.12500
v -0.36882 -1.37644 0.92369
v -0.43999 -1.64207 0.85000
v -0.51117 -1.90770 0.92369
v -0.56327 -2.10216 1.12500
v -0.58234 -2.17333 1.40000
v -0.00000 -2.25000 1.40000
v -0.00000 -2.17631 1.67500
v -0.00000 -1.97500 1.87631
v -0.00000 -1.70000 1.95000
v -0.00000 -1.42500 1.87631
v -0.00000 -1.22369 1.67500
v -0.00000 -1.15000 1.40000
v -0.00000 -1.22369 1.12500
v -0.00000 -1.42500 0.92369
v -0.00000 -1.70000 0.85000
v -0.00000 -1.97500 0.92369
v -0.00000 -2.17631 1.12500
v -0.00000 -2.25000 1.40000
v 0.58234 -2.17333 1.40000
v 0.56327 -2.10216 1.67500
v 0.51117 -1.90770 1.87631
v 0.43999 -1.64207 1.95000
v 0.36882 -1.37644 1.87631
v 0.31671 -1.18199 1.67500
v 0.29764 -1.11081 1.40000
v 0.31671 -1.18199 1.12500
v 0.36882 -1.37644 0.92369
v 0.43999 -1.64207 0.85000
v 0.51117 -1.90770 0.92369
v 0.56327 -2.10216 1.12500
v 0.58234 -2.17333 1.40000
v 1.12500 -1.94856 1.40000
v 1.08816 -1.88474 1.67500
v 0.98750 -1.71040 1.87631
v 0.85000 -1.47224 1.95000
v 0.71250 -1.23409 1.87631
v 0.61184 -1.05974 1.67500
v 0.57500 -0.99593 1.40000
v 0.61184 -1.05974 1.12500
v 0.71250 -1.23409 0.92369
v 0.85000 -1.47224 0.85000
v 0.98750 -1.71040 0.92369
v 1.08816 -1.88474 1.12500
v 1.12500 -1.94856 1.40000
v 1.59099 -1.59099 1.40000
v 1.53889 -1.53889 1.67500
v 1.39654 -1.39654 1.87631
v 1.20208 -1.20208 1.95000
v 1.00763 -1.00763 1.87631
v 0.86528 -0.86528 1.67500
v 0.81317 -0.81317 1.40000
v 0.86528 -0.86528 1.12500
v 1.00763 -1.00763 0.92369
v 1.20208 -1.20208 0.85000
v 1.39654 -1.39654 0.92369
v 1.53889 -1.53889 1.12500
v 1.59099 -1.59099 1.40000
v 1.94856 -1.12500 1.40000
v 1.88474 -1.08816 1.67500
v 1.71040 -0.98750 1.87631
v 1.47224 -0.85000 1.95000
v 1.23409 -0.71250 1.87631
v 1.05974 -0.61184 1.67500
v 0.99593 -0.57500 1.40000
v 1.05974 -0.61184 1.12500
v 1.23409 -0.71250 0.92369
v 1.47224 -0.85000 0.85000
v 1.71040 -0.98750 0.92369
v 1.88474 -1.08816 1.12500
v 1.94856 -1.12500 1.40000
v 2.17333 -0.58234 1.40000
v 2.10216 -0.56327 1.67500
v 1.90770 -0.51117 1.87631
v 1.64207 -0.43999 1.95000
v 1.37644 -0.36882 1.87631
v 1.18199 -0.31671 1.67500
v 1.11081 -0.29764 1.40000
v 1.18199 -0.31671 1.12500
v 1.37644 -0.36882 0.92369
v 1.64207 -0.43999 0.85000
v 1.90770 -0.51117 0.92369
v 2.10216 -0.56327 1.12500
v 2.17333 -0.58234 1.40000
v 2.25000 -0.00000 1.40000
v 2.17631 -0.00000 1.67500
v 1.97500 -0.00000 1.87631
v 1.70000 -0.00000 1.95000
v 1.42500 -0.00000 1.87631
v 1.22369 -0.00000 1.67500
v 1.15000 -0.00000 1.40000
v 1.22369 -0.00000 1.12500
v 1.42500 -0.00000 0.92369
v 1.70000 -0.00000 0.85000
v 1.97500 -0.00000 0.92369
v 2.17631 -0.00000 1.12500
v 2.25000 -0.00000 1.40000
v 2.05000 0.00000 43.50000
v 1.96962 0.00000 43.80000
v 1.75000 0.00000 44.01962
v 1.45000 0.00000 44.10000
v 1.15000 0.00000 44.01962
v 0.93038 0.00000 43.80000
v 0.85000 0.00000 43.50000
v 0.93038 0.00000 43.20000
v 1.15000 0.00000 42.98038
v 1.45000 0.00000 42.90000
v 1.75000 0.00000 42.98038
v 1.96962 0.00000 43.20000
v 2.05000 0.00000 43.50000
v 1.98015 0.53058 43.50000
v 1.90250 0.50977 43.80000
v 1.69037 0.45293 44.01962
v 1.40059 0.37529 44.10000
v 1.11081 0.29764 44.01962
v 0.89868 0.24080 43.80000
v 0.82104 0.22000 43.50000
v 0.89868 0.24080 43.20000
v 1.11081 0.29764 42.98038
v 1.40059 0.37529 42.90000
v 1.69037 0.45293 42.98038
v 1.90250 0.50977 43.20000
v 1.98015 0.53058 43.50000
v 1.77535 1.02500 43.50000
v 1.70574 0.98481 43.80000
v 1.51554 0.87500 44.01962
v 1.25574 0.72500 44.10000
v 0.99593 0.57500 44.01962
v 0.80574 0.46519 43.80000
v 0.73612 0.42500 43.50000
v 0.80574 0.46519 43.20000
v 0.99593 0.57500 42.98038
v 1.25574 0.72500 42.90000
v 1.51554 0.87500 42.98038
v 1.70574 0.98481 43.20000
v 1.77535 1.02500 43.50000
v 1.44957 1.44957 43.50000
v 1.39273 1.39273 43.80000
v 1.23744 1.23744 44.01962
v 1.02530 1.02530 44.10000
v 0.81317 0.81317 44.01962
v 0.65788 0.65788 43.80000
v 0.60104 0.60104 43.50000
v 0.65788 0.65788 43.20000
v 0.81317 0.81317 42.98038
v 1.02530 1.02530 42.90000
v 1.23744 1.23744 42.98038
v 1.39273 1.39273 43.20000
v 1.44957 1.44957 43.50000
v 1.02500 1.77535 43.50000
v 0.98481 1.70574 43.80000
v 0.87500 1.51554 44.01962
v 0.72500 1.25574 44.10000
v 0.57500 0.99593 44.01962
v 0.46519 0.80574 43.80000
v 0.42500 0.73612 43.50000
v 0.46519 0.80574 43.20000
v 0.57500 0.99593 42.98038
v 0.72500 1.25574 42.90000
v 0.87500 1.51554 42.98038
v 0.98481 1.70574 43.20000
v 1.02500 1.77535 43.50000
v 0.53058 1.98015 43.50000
v 0.50977 1.90250 43.80000
v 0.45293 1.69037 44.01962
v 0.37529 1.40059 44.10000
v 0.29764 1.11081 44.01962
v 0.24080 0.89868 43.80000
v 0.22000 0.82104 43.50000
v 0.24080 0.89868 43.20000
v 0.29764 1.11081 42.98038
v 0.37529 1.40059 42.90000
v 0.45293 1.69037 42.98038
v 0.50977 1.90250 43.20000
v 0.53058 1.98015 43.50000
v 0.00000 2.05000 43.50000
v 0.00000 1.96962 43.80000
v 0.00000 1.75000 44.01962
v 0.00000 1.45000 44.10000
v 0.00000 1.15000 44.01962
v 0.00000 0.93038 43.80000
v 0.00000 0.85000 43.50000
v 0.00000 0.93038 43.20000
v 0.00000 1.15000 42.98038
v 0.00000 1.45000 42.90000
v 0.00000 1.75000 42.98038
v 0.00000 1.96962 43.20000
v 0.00000 2.05000 43.50000
v -0.53058 1.98015 43.50000
v -0.50977 1.90250 43.80000
v -0.45293 1.69037 44.01962
v -0.37529 1.40059 44.10000
v -0.29764 1.11081 44.01962
v -0.24080 0.89868 43.80000
v -0.22000 0.82104 43.50000
v -0.24080 0.89868 43.20000
v -0.29764 1.11081 42.98038
v -0.37529 1.40059 42.90000
v -0.45293 1.69037 42.98038
v -0.50977 1.90250 43.20000
v -0.53058 1.98015 43.50000
v -1.02500 1.77535 43.50000
v -0.98481 1.70574 43.80000
v -0.87500 1.51554 44.01962
v -0.72500 1.25574 44.10000
v -0.57500 0.99593 44.01962
v -0.46519 0.80574 43.80000
v -0.42500 0.73612 43.50000
v -0.46519 0.80574 43.20000
v -0.57500 0.99593 42.98038
v -0.72500 1.25574 42.90000
v -0.87500 1.51554 42.98038
v -0.98481 1.70574 43.20000
v -1.02500 1.77535 43.50000
v -1.44957 1.44957 43.50000
v -1.39273 1.39273 43.80000
v -1.23744 1.23744 44.01962
v -1.02530 1.02530 44.10000
v -0.81317 0.81317 44.01962
v -0.65788 0.65788 43.80000
v -0.60104 0.60104 43.50000
v -0.65788 0.65788 43.20000
v -0.81317 0.81317 42.98038
v -1.02530 1.02530 42.90000
v -1.23744 1.23744 42.98038
v -1.39273 1.39273 43.20000
v -1.44957 1.44957 43.50000
v -1.77535 1.02500 43.50000
v -1.70574 0.98481 43.80000
v -1.51554 0.87500 44.01962
v -1.25574 0.72500 44.10000
v -0.99593 0.57500 44.01962
v -0.80574 0.46519 43.80000
v -0.73612 0.42500 43.50000
v -0.80574 0.46519 43.20000
v -0.99593 0.57500 42.98038
v -1.25574 0.72500 42.90000
v -1.51554 0.87500 42.98038
v -1.70574 0.98481 43.20000
v -1.77535 1.02500 43.50000
v -1.98015 0.53058 43.50000
v -1.90250 0.50977 43.80000
v -1.69037 0.45293 44.01962
v -1.40059 0.37529 44.10000
v -1.11081 0.29764 44.01962
v -0.89868 0.24080 43.80000
v -0.82104 0.22000 43.50000
v -0.89868 0.24080 43.20000
v -1.11081 0.29764 42.98038
v -1.40059 0.37529 42.90000
v -1.69037 0.45293 42.98038
v -1.90250 0.50977 43.20000
v -1.98015 0.53058 43.50000
v -2.05000 0.00000 43.50000
v -1.96962 0.00000 43.80000
v -1.75000 0.00000 44.01962
v -1.45000 0.00000 44.10000
v -1.15000 0.00000 44.01962
v -0.93038 0.00000 43.80000
v -0.85000 0.00000 43.50000
v -0.93038 0.00000 43.20000
v -1.15000 0.00000 42.98038
v -1.45000 0.00000 42.90000
v -1.75000 0.00000 42.98038
v -1.96962 0.00000 43.20000
v -2.05000 0.00000 43.50000
v -1.98015 -0.53058 43.50000
v -1.90250 -0.50977 43.80000
v -1.69037 -0.45293 44.01962
v -1.40059 -0.37529 44.10000
v -1.11081 -0.29764 44.01962
v -0.89868 -0.24080 43.80000
v -0.82104 -0.22000 43.50000
v -0.89868 -0.24080 43.20000
v -1.11081 -0.29764 42.98038
v -1.40059 -0.37529 42.90000
v -1.69037 -0.45293 42.98038
v -1.90250 -0.50977 43.20000
v -1.98015 -0.53058 43.50000
v -1.77535 -1.02500 43.50000
v -1.70574 -0.98481 43.80000
v -1.51554 -0.87500 44.01962
v -1.25574 -0.72500 44.10000
v -0.99593 -0.57500 44.01962
v -0.80574 -0.46519 43.80000
v -0.73612 -0.42500 43.50000
v -0.80574 -0.46519 43.20000
v -0.99593 -0.57500 42.98038
v -1.25574 -0.72500 42.90000
v -1.51554 -0.87500 42.98038
v -1.70574 -0.98481 43.20000
v -1.77535 -1.02500 43.50000
v -1.44957 -1.44957 43.50000
v -1.39273 -1.39273 43.80000
v -1.23744 -1.23744 44.01962
v -1.02530 -1.02530 44.10000
v -0.81317 -0.81317 44.01962
v -0.65788 -0.65788 43.80000
v -0.60104 -0.60104 43.50000
v -0.65788 -0.65788 43.20000
v -0.81317 -0.81317 42.98038
v -1.02530 -1.02530 42.90000
v -1.23744 -1.23744 42.98038
v -1.39273 -1.39273 43.20000
v -1.44957 -1.44957 43.50000
v -1.02500 -1.77535 43.50000
v -0.98481 -1.70574 43.80000
v -0.87500 -1.51554 44.01962
v -0.72500 -1.25574 44.10000
v -0.57500 -0.99593 44.01962
v -0.46519 -0.80574 43.80000
v -0.42500 -0.73612 43.50000
v -0.46519 -0.80574 43.20000
v -0.57500 -0.99593 42.98038
v -0.72500 -1.25574 42.90000
v -0.87500 -1.51554 42.98038
v -0.98481 -1.70574 43.20000
v -1.02500 -1.77535 43.50000
v -0.53058 -1.98015 43.50000
v -0.50977 -1.90250 43.80000
v -0.45293 -1.69037 44.01962
v -0.37529 -1.40059 44.10000
v -0.29764 -1.11081 44.01962
v -0.24080 -0.89868 43.80000
v -0.22000 -0.82104 43.50000
v -0.24080 -0.89868 43.20000
v -0.29764 -1.11081 42.98038
v -0.37529 -1.40059 42.90000
v -0.45293 -1.69037 42.98038
v -0.50977 -1.90250 43.20000
v -0.53058 -1.98015 43.50000
v -0.00000 -2.05000 43.50000
v -0.00000 -1.96962 43.80000
v -0.00000 -1.75000 44.01962
v -0.00000 -1.45000 44.10000
v -0.00000 -1.15000 44.01962
v -0.00000 -0.93038 43.80000
v -0.00000 -0.85000 43.50000
v -0.00000 -0.93038 43.20000
v -0.00000 -1.15000 42.98038
v -0.00000 -1.45000 42.90000
v -0.00000 -1.75000 42.98038
v -0.00000 -1.96962 43.20000
v -0.00000 -2.05000 43.50000
v 0.53058 -1.98015 43.50000
v 0.50977 -1.90250 43.80000
v 0.45293 -1.69037 44.01962
v 0.37529 -1.40059 44.10000
v 0.29764 -1.11081 44.01962
v 0.24080 -0.89868 43.80000
v 0.22000 -0.82104 43.50000
v 0.24080 -0.89868 43.20000
v 0.29764 -1.11081 42.98038
v 0.37529 -1.40059 42.90000
v 0.45293 -1.69037 42.98038
v 0.50977 -1.90250 43.20000
v 0.53058 -1.98015 43.50000
v 1.02500 -1.77535 43.50000
v 0.98481 -1.70574 43.80000
v 0.87500 -1.51554 44.01962
v 0.72500 -1.25574 44.10000
v 0.57500 -0.99593 44.01962
v 0.46519 -0.80574 43.80000
v 0.42500 -0.73612 43.50000
v 0.46519 -0.80574 43.20000
v 0.57500 -0.99593 42.98038
v 0.72500 -1.25574 42.90000
v 0.87500 -1.51554 42.98038
v 0.98481 -1.70574 43.20000
v 1.02500 -1.77535 43.50000
v 1.44957 -1.44957 43.50000
v 1.39273 -1.39273 43.80000
v 1.23744 -1.23744 44.01962
v 1.02530 -1.02530 44.10000
v 0.81317 -0.81317 44.01962
v 0.65788 -0.65788 43.80000
v 0.60104 -0.60104 43.50000
v 0.65788 -0.65788 43.20000
v 0.81317 -0.81317 42.98038
v 1.02530 -1.02530 42.90000
v 1.23744 -1.23744 42.98038
v 1.39273 -1.39273 43.20000
v 1.44957 -1.44957 43.50000
v 1.77535 -1.02500 43.50000
v 1.70574 -0.98481 43.80000
v 1.51554 -0.87500 44.01962
v 1.25574 -0.72500 44.10000
v 0.99593 -0.57500 44.01962
v 0.80574 -0.46519 43.80000
v 0.73612 -0.42500 43.50000
v 0.80574 -0.46519 43.20000
v 0.99593 -0.57500 42.98038
v 1.25574 -0.72500 42.90000
v 1.51554 -0.87500 42.98038
v 1.70574 -0.98481 43.20000
v 1.77535 -1.02500 43.50000
v 1.98015 -0.53058 43.50000
v 1.90250 -0.50977 43.80000
v 1.69037 -0.45293 44.01962
v 1.40059 -0.37529 44.10000
v 1.11081 -0.29764 44.01962
v 0.89868 -0.24080 43.80000
v 0.82104 -0.22000 43.50000
v 0.89868 -0.24080 43.20000
v 1.11081 -0.29764 42.98038
v 1.40059 -0.37529 42.90000
v 1.69037 -0.45293 42.98038
v 1.90250 -0.50977 43.20000
v 1.98015 -0.53058 43.50000
v 2.05000 -0.00000 43.50000
v 1.96962 -0.00000 43.80000
v 1.75000 -0.00000 44.01962
v 1.45000 -0.00000 44.10000
v 1.15000 -0.00000 44.01962
v 0.93038 -0.00000 43.80000
v 0.85000 -0.00000 43.50000
v 0.93038 -0.00000 43.20000
v 1.15000 -0.00000 42.98038
v 1.45000 -0.00000 42.90000
v 1.75000 -0.00000 42.98038
v 1.96962 -0.00000 43.20000
v 2.05000 -0.00000 43.50000
v 0.00000 0.00000 49.27500
v 0.00000 0.00000 43.52500
v 0.44871 0.00000 49.21976
v 0.43342 0.11613 49.21976
v 0.38859 0.22435 49.21976
v 0.31728 0.31728 49.21976
v 0.22435 0.38859 49.21976
v 0.11613 0.43342 49.21976
v 0.00000 0.44871 49.21976
v -0.11613 0.43342 49.21976
v -0.22435 0.38859 49.21976
v -0.31728 0.31728 49.21976
v -0.38859 0.22435 49.21976
v -0.43342 0.11613 49.21976
v -0.44871 0.00000 49.21976
v -0.43342 -0.11613 49.21976
v -0.38859 -0.22435 49.21976
v -0.31728 -0.31728 49.21976
v -0.22435 -0.38859 49.21976
v -0.11613 -0.43342 49.21976
v -0.00000 -0.44871 49.21976
v 0.11613 -0.43342 49.21976
v 0.22435 -0.38859 49.21976
v 0.31728 -0.31728 49.21976
v 0.38859 -0.22435 49.21976
v 0.43342 -0.11613 49.21976
v 0.44871 -0.00000 49.21976
v 0.88017 0.00000 49.05615
v 0.85018 0.22781 49.05615
v 0.76225 0.44009 49.05615
v 0.62238 0.62238 49.05615
v 0.44009 0.76225 49.05615
v 0.22781 0.85018 49.05615
v 0.00000 0.88017 49.05615
v -0.22781 0.85018 49.05615
v -0.44009 0.76225 49.05615
v -0.62238 0.62238 49.05615
v -0.76225 0.44009 49.05615
v -0.85018 0.22781 49.05615
v -0.88017 0.00000 49.05615
v -0.85018 -0.22781 49.05615
v -0.76225 -0.44009 49.05615
v -0.62238 -0.62238 49.05615
v -0.44009 -0.76225 49.05615
v -0.22781 -0.85018 49.05615
v -0.00000 -0.88017 49.05615
v 0.22781 -0.85018 49.05615
v 0.44009 -0.76225 49.05615
v 0.62238 -0.62238 49.05615
v 0.76225 -0.44009 49.05615
v 0.85018 -0.22781 49.05615
v 0.88017 -0.00000 49.05615
v 1.27781 0.00000 48.79048
v 1.23427 0.33072 48.79048
v 1.10662 0.63891 48.79048
v 0.90355 0.90355 48.79048
v 0.63891 1.10662 48.79048
v 0.33072 1.23427 48.79048
v 0.00000 1.27781 48.79048
v -0.33072 1.23427 48.79048
v -0.63891 1.10662 48.79048
v -0.90355 0.90355 48.79048
v -1.10662 0.63891 48.79048
v -1.23427 0.33072 48.79048
v -1.27781 0.00000 48.79048
v -1.23427 -0.33072 48.79048
v -1.10662 -0.63891 48.79048
v -0.90355 -0.90355 48.79048
v -0.63891 -1.10662 48.79048
v -0.33072 -1.23427 48.79048
v -0.00000 -1.27781 48.79048
v 0.33072 -1.23427 48.79048
v 0.63891 -1.10662 48.79048
v 0.90355 -0.90355 48.79048
v 1.10662 -0.63891 48.79048
v 1.23427 -0.33072 48.79048
v 1.27781 -0.00000 48.79048
v 1.62635 0.00000 48.43293
v 1.57093 0.42093 48.43293
v 1.40846 0.81317 48.43293
v 1.15000 1.15000 48.43293
v 0.81317 1.40846 48.43293
v 0.42093 1.57093 48.43293
v 0.00000 1.62635 48.43293
v -0.42093 1.57093 48.43293
v -0.81317 1.40846 48.43293
v -1.15000 1.15000 48.43293
v -1.40846 0.81317 48.43293
v -1.57093 0.42093 48.43293
v -1.62635 0.00000 48.43293
v -1.57093 -0.42093 48.43293
v -1.40846 -0.81317 48.43293
v -1.15000 -1.15000 48.43293
v -0.81317 -1.40846 48.43293
v -0.42093 -1.57093 48.43293
v -0.00000 -1.62635 48.43293
v 0.42093 -1.57093 48.43293
v 0.81317 -1.40846 48.43293
v 1.15000 -1.15000 48.43293
v 1.40846 -0.81317 48.43293
v 1.57093 -0.42093 48.43293
v 1.62635 -0.00000 48.43293
v 1.91238 0.00000 47.99726
v 1.84722 0.49496 47.99726
v 1.65617 0.95619 47.99726
v 1.35226 1.35226 47.99726
v 0.95619 1.65617 47.99726
v 0.49496 1.84722 47.99726
v 0.00000 1.91238 47.99726
v -0.49496 1.84722 47.99726
v -0.95619 1.65617 47.99726
v -1.35226 1.35226 47.99726
v -1.65617 0.95619 47.99726
v -1.84722 0.49496 47.99726
v -1.91238 0.00000 47.99726
v -1.84722 -0.49496 47.99726
v -1.65617 -0.95619 47.99726
v -1.35226 -1.35226 47.99726
v -0.95619 -1.65617 47.99726
v -0.49496 -1.84722 47.99726
v -0.00000 -1.91238 47.99726
v 0.49496 -1.84722 47.99726
v 0.95619 -1.65617 47.99726
v 1.35226 -1.35226 47.99726
v 1.65617 -0.95619 47.99726
v 1.84722 -0.49496 47.99726
v 1.91238 -0.00000 47.99726
v 2.12492 0.00000 47.50021
v 2.05252 0.54997 47.50021
v 1.84024 1.06246 47.50021
v 1.50255 1.50255 47.50021
v 1.06246 1.84024 47.50021
v 0.54997 2.05252 47.50021
v 0.00000 2.12492 47.50021
v -0.54997 2.05252 47.50021
v -1.06246 1.84024 47.50021
v -1.50255 1.50255 47.50021
v -1.84024 1.06246 47.50021
v -2.05252 0.54997 47.50021
v -2.12492 0.00000 47.50021
v -2.05252 -0.54997 47.50021
v -1.84024 -1.06246 47.50021
v -1.50255 -1.50255 47.50021
v -1.06246 -1.84024 47.50021
v -0.54997 -2.05252 47.50021
v -0.00000 -2.12492 47.50021
v 0.54997 -2.05252 47.50021
v 1.06246 -1.84024 47.50021
v 1.50255 -1.50255 47.50021
v 1.84024 -1.06246 47.50021
v 2.05252 -0.54997 47.50021
v 2.12492 -0.00000 47.50021
v 2.25581 0.00000 46.96088
v 2.17894 0.58385 46.96088
v 1.95359 1.12790 46.96088
v 1.59510 1.59510 46.96088
v 1.12790 1.95359 46.96088
v 0.58385 2.17894 46.96088
v 0.00000 2.25581 46.96088
v -0.58385 2.17894 46.96088
v -1.12790 1.95359 46.96088
v -1.59510 1.59510 46.96088
v -1.95359 1.12790 46.96088
v -2.17894 0.58385 46.96088
v -2.25581 0.00000 46.96088
v -2.17894 -0.58385 46.96088
v -1.95359 -1.12790 46.96088
v -1.59510 -1.59510 46.96088
v -1.12790 -1.95359 46.96088
v -0.58385 -2.17894 46.96088
v -0.00000 -2.25581 46.96088
v 0.58385 -2.17894 46.96088
v 1.12790 -1.95359 46.96088
v 1.59510 -1.59510 46.96088
v 1.95359 -1.12790 46.96088
v 2.17894 -0.58385 46.96088
v 2.25581 -0.00000 46.96088
v 2.30000 0.00000 46.40000
v 2.22163 0.59528 46.40000
v 1.99186 1.15000 46.40000
v 1.62635 1.62635 46.40000
v 1.15000 1.99186 46.40000
v 0.59528 2.22163 46.40000
v 0.00000 2.30000 46.40000
v -0.59528 2.22163 46.40000
v -1.15000 1.99186 46.40000
v -1.62635 1.62635 46.40000
v -1.99186 1.15000 46.40000
v -2.22163 0.59528 46.40000
v -2.30000 0.00000 46.40000
v -2.22163 -0.59528 46.40000
v -1.99186 -1.15000 46.40000
v -1.62635 -1.62635 46.40000
v -1.15000 -1.99186 46.40000
v -0.59528 -2.22163 46.40000
v -0.00000 -2.30000 46.40000
v 0.59528 -2.22163 46.40000
v 1.15000 -1.99186 46.40000
v 1.62635 -1.62635 46.40000
v 1.99186 -1.15000 46.40000
v 2.22163 -0.59528 46.40000
v 2.30000 -0.00000 46.40000
v 2.25581 0.00000 45.83912
v 2.17894 0.58385 45.83912
v 1.95359 1.12790 45.83912
v 1.59510 1.59510 45.83912
v 1.12790 1.95359 45.83912
v 0.58385 2.17894 45.83912
v 0.00000 2.25581 45.83912
v -0.58385 2.17894 45.83912
v -1.12790 1.95359 45.83912
v -1.59510 1.59510 45.83912
v -1.95359 1.12790 45.83912
v -2.17894 0.58385 45.83912
v -2.25581 0.00000 45.83912
v -2.17894 -0.58385 45.83912
v -1.95359 -1.12790 45.83912
v -1.59510 -1.59510 45.83912
v -1.12790 -1.95359 45.83912
v -0.58385 -2.17894 45.83912
v -0.00000 -2.25581 45.83912
v 0.58385 -2.17894 45.83912
v 1.12790 -1.95359 45.83912
v 1.59510 -1.59510 45.83912
v 1.95359 -1.12790 45.83912
v 2.17894 -0.58385 45.83912
v 2.25581 -0.00000 45.83912
v 2.12492 0.00000 45.29979
v 2.05252 0.54997 45.29979
v 1.84024 1.06246 45.29979
v 1.50255 1.50255 45.29979
v 1.06246 1.84024 45.29979
v 0.54997 2.05252 45.29979
v 0.00000 2.12492 45.29979
v -0.54997 2.05252 45.29979
v -1.06246 1.84024 45.29979
v -1.50255 1.50255 45.29979
v -1.84024 1.06246 45.29979
v -2.05252 0.54997 45.29979
v -2.12492 0.00000 45.29979
v -2.05252 -0.54997 45.29979
v -1.84024 -1.06246 45.29979
v -1.50255 -1.50255 45.29979
v -1.06246 -1.84024 45.29979
v -0.54997 -2.05252 45.29979
v -0.00000 -2.12492 45.29979
v 0.54997 -2.05252 45.29979
v 1.06246 -1.84024 45.29979
v 1.50255 -1.50255 45.29979
v 1.84024 -1.06246 45.29979
v 2.05252 -0.54997 45.29979
v 2.12492 -0.00000 45.29979
v 1.91238 0.00000 44.80274
v 1.84722 0.49496 44.80274
v 1.65617 0.95619 44.80274
v 1.35226 1.35226 44.80274
v 0.95619 1.65617 44.80274
v 0.49496 1.84722 44.80274
v 0.00000 1.91238 44.80274
v -0.49496 1.84722 44.80274
v -0.95619 1.65617 44.80274
v -1.35226 1.35226 44.80274
v -1.65617 0.95619 44.80274
v -1.84722 0.49496 44.80274
v -1.91238 0.00000 44.80274
v -1.84722 -0.49496 44.80274
v -1.65617 -0.95619 44.80274
v -1.35226 -1.35226 44.80274
v -0.95619 -1.65617 44.80274
v -0.49496 -1.84722 44.80274
v -0.00000 -1.91238 44.80274
v 0.49496 -1.84722 44.80274
v 0.95619 -1.65617 44.80274
v 1.35226 -1.35226 44.80274
v 1.65617 -0.95619 44.80274
v 1.84722 -0.49496 44.80274
v 1.91238 -0.00000 44.80274
v 1.62635 0.00000 44.36707
v 1.57093 0.42093 44.36707
v 1.40846 0.81317 44.36707
v 1.15000 1.15000 44.36707
v 0.81317 1.40846 44.36707
v 0.42093 1.57093 44.36707
v 0.00000 1.62635 44.36707
v -0.42093 1.57093 44.36707
v -0.81317 1.40846 44.36707
v -1.15000 1.15000 44.36707
v -1.40846 0.81317 44.36707
v -1.57093 0.42093 44.36707
v -1.62635 0.00000 44.36707
v -1.57093 -0.42093 44.36707
v -1.40846 -0.81317 44.36707
v -1.15000 -1.15000 44.36707
v -0.81317 -1.40846 44.36707
v -0.42093 -1.57093 44.36707
v -0.00000 -1.62635 44.36707
v 0.42093 -1.57093 44.36707
v 0.81317 -1.40846 44.36707
v 1.15000 -1.15000 44.36707
v 1.40846 -0.81317 44.36707
v 1.57093 -0.42093 44.36707
v 1.62635 -0.00000 44.36707
v 1.27781 0.00000 44.00952
v 1.23427 0.33072 44.00952
v 1.10662 0.63891 44.00952
v 0.90355 0.90355 44.00952
v 0.63891 1.10662 44.00952
v 0.33072 1.23427 44.00952
v 0.00000 1.27781 44.00952
v -0.33072 1.23427 44.00952
v -0.63891 1.10662 44.00952
v -0.90355 0.90355 44.00952
v -1.10662 0.63891 44.00952
v -1.23427 0.33072 44.00952
v -1.27781 0.00000 44.00952
v -1.23427 -0.33072 44.00952
v -1.10662 -0.63891 44.00952
v -0.90355 -0.90355 44.00952
v -0.63891 -1.10662 44.00952
v -0.33072 -1.23427 44.00952
v -0.00000 -1.27781 44.00952
v 0.33072 -1.23427 44.00952
v 0.63891 -1.10662 44.00952
v 0.90355 -0.90355 44.00952
v 1.10662 -0.63891 44.00952
v 1.23427 -0.33072 44.00952
v 1.27781 -0.00000 44.00952
v 0.88017 0.00000 43.74385
v 0.85018 0.22781 43.74385
v 0.76225 0.44009 43.74385
v 0.62238 0.62238 43.74385
v 0.44009 0.76225 43.74385
v 0.22781 0.85018 43.74385
v 0.00000 0.88017 43.74385
v -0.22781 0.85018 43.74385
v -0.44009 0.76225 43.74385
v -0.62238 0.62238 43.74385
v -0.76225 0.44009 43.74385
v -0.85018 0.22781 43.74385
v -0.88017 0.00000 43.74385
v -0.85018 -0.22781 43.74385
v -0.76225 -0.44009 43.74385
v -0.62238 -0.62238 43.74385
v -0.44009 -0.76225 43.74385
v -0.22781 -0.85018 43.74385
v -0.00000 -0.88017 43.74385
v 0.22781 -0.85018 43.74385
v 0.44009 -0.76225 43.74385
v 0.62238 -0.62238 43.74385
v 0.76225 -0.44009 43.74385
v 0.85018 -0.22781 43.74385
v 0.88017 -0.00000 43.74385
v 0.44871 0.00000 43.58024
v 0.43342 0.11613 43.58024
v 0.38859 0.22435 43.58024
v 0.31728 0.31728 43.58024
v 0.22435 0.38859 43.58024
v 0.11613 0.43342 43.58024
v 0.00000 0.44871 43.58024
v -0.11613 0.43342 43.58024
v -0.22435 0.38859 43.58024
v -0.31728 0.31728 43.58024
v -0.38859 0.22435 43.58024
v -0.43342 0.11613 43.58024
v -0.44871 0.00000 43.58024
v -0.43342 -0.11613 43.58024
v -0.38859 -0.22435 43.58024
v -0.31728 -0.31728 43.58024
v -0.22435 -0.38859 43.58024
v -0.11613 -0.43342 43.58024
v -0.00000 -0.44871 43.58024
v 0.11613 -0.43342 43.58024
v 0.22435 -0.38859 43.58024
v 0.31728 -0.31728 43.58024
v 0.38859 -0.22435 43.58024
v 0.43342 -0.11613 43.58024
v 0.44871 -0.00000 43.58024
v 1.35000 0.00000 48.60000
v 1.28316 0.00000 48.80572
v 1.10816 0.00000 48.93287
v 0.89184 0.00000 48.93287
v 0.71684 0.00000 48.80572
v 0.65000 0.00000 48.60000
v 0.71684 0.00000 48.39428
v 0.89184 0.00000 48.26713
v 1.10816 0.00000 48.26713
v 1.28316 0.00000 48.39428
v 1.35000 0.00000 48.60000
v 1.28393 0.41717 48.60000
v 1.22035 0.39652 48.80572
v 1.05392 0.34244 48.93287
v 0.84819 0.27559 48.93287
v 0.68176 0.22152 48.80572
v 0.61819 0.20086 48.60000
v 0.68176 0.22152 48.39428
v 0.84819 0.27559 48.26713
v 1.05392 0.34244 48.26713
v 1.22035 0.39652 48.39428
v 1.28393 0.41717 48.60000
v 1.09217 0.79351 48.60000
v 1.03809 0.75422 48.80572
v 0.89652 0.65136 48.93287
v 0.72152 0.52421 48.93287
v 0.57994 0.42135 48.80572
v 0.52586 0.38206 48.60000
v 0.57994 0.42135 48.39428
v 0.72152 0.52421 48.26713
v 0.89652 0.65136 48.26713
v 1.03809 0.75422 48.39428
v 1.09217 0.79351 48.60000
v 0.79351 1.09217 48.60000
v 0.75422 1.03809 48.80572
v 0.65136 0.89652 48.93287
v 0.52421 0.72152 48.93287
v 0.42135 0.57994 48.80572
v 0.38206 0.52586 48.60000
v 0.42135 0.57994 48.39428
v 0.52421 0.72152 48.26713
v 0.65136 0.89652 48.26713
v 0.75422 1.03809 48.39428
v 0.79351 1.09217 48.60000
v 0.41717 1.28393 48.60000
v 0.39652 1.22035 48.80572
v 0.34244 1.05392 48.93287
v 0.27559 0.84819 48.93287
v 0.22152 0.68176 48.80572
v 0.20086 0.61819 48.60000
v 0.22152 0.68176 48.39428
v 0.27559 0.84819 48.26713
v 0.34244 1.05392 48.26713
v 0.39652 1.22035 48.39428
v 0.41717 1.28393 48.60000
v 0.00000 1.35000 48.60000
v 0.00000 1.28316 48.80572
v 0.00000 1.10816 48.93287
v 0.00000 0.89184 48.93287
v 0.00000 0.71684 48.80572
v 0.00000 0.65000 48.60000
v 0.00000 0.71684 48.39428
v 0.00000 0.89184 48.26713
v 0.00000 1.10816 48.26713
v 0.00000 1.28316 48.39428
v 0.00000 1.35000 48.60000
v -0.41717 1.28393 48.60000
v -0.39652 1.22035 48.80572
v -0.34244 1.05392 48.93287
v -0.27559 0.84819 48.93287
v -0.22152 0.68176 48.80572
v -0.20086 0.61819 48.60000
v -0.22152 0.68176 48.39428
v -0.27559 0.84819 48.26713
v -0.34244 1.05392 48.26713
v -0.39652 1.22035 48.39428
v -0.41717 1.28393 48.60000
v -0.79351 1.09217 48.60000
v -0.75422 1.03809 48.80572
v -0.65136 0.89652 48.93287
v -0.52421 0.72152 48.93287
v -0.42135 0.57994 48.80572
v -0.38206 0.52586 48.60000
v -0.42135 0.57994 48.39428
v -0.52421 0.72152 48.26713
v -0.65136 0.89652 48.26713
v -0.75422 1.03809 48.39428
v -0.79351 1.09217 48.60000
v -1.09217 0.79351 48.60000
v -1.03809 0.75422 48.80572
v -0.89652 0.65136 48.93287
v -0.72152 0.52421 48.93287
v -0.57994 0.42135 48.80572
v -0.52586 0.38206 48.60000
v -0.57994 0.42135 48.39428
v -0.72152 0.52421 48.26713
v -0.89652 0.65136 48.26713
v -1.03809 0.75422 48.39428
v -1.09217 0.79351 48.60000
v -1.28393 0.41717 48.60000
v -1.22035 0.39652 48.80572
v -1.05392 0.34244 48.93287
v -0.84819 0.27559 48.93287
v -0.68176 0.22152 48.80572
v -0.61819 0.20086 48.60000
v -0.68176 0.22152 48.39428
v -0.84819 0.27559 48.26713
v -1.05392 0.34244 48.26713
v -1.22035 0.39652 48.39428
v -1.28393 0.41717 48.60000
v -1.35000 0.00000 48.60000
v -1.28316 0.00000 48.80572
v -1.10816 0.00000 48.93287
v -0.89184 0.00000 48.93287
v -0.71684 0.00000 48.80572
v -0.65000 0.00000 48.60000
v -0.71684 0.00000 48.39428
v -0.89184 0.00000 48.26713
v -1.10816 0.00000 48.26713
v -1.28316 0.00000 48.39428
v -1.35000 0.00000 48.60000
v -1.28393 -0.41717 48.60000
v -1.22035 -0.39652 48.80572
v -1.05392 -0.34244 48.93287
v -0.84819 -0.27559 48.93287
v -0.68176 -0.22152 48.80572
v -0.61819 -0.20086 48.60000
v -0.68176 -0.22152 48.39428
v -0.84819 -0.27559 48.26713
v -1.05392 -0.34244 48.26713
v -1.22035 -0.39652 48.39428
v -1.28393 -0.41717 48.60000
v -1.09217 -0.79351 48.60000
v -1.03809 -0.75422 48.80572
v -0.89652 -0.65136 48.93287
v -0.72152 -0.52421 48.93287
v -0.57994 -0.42135 48.80572
v -0.52586 -0.38206 48.60000
v -0.57994 -0.42135 48.39428
v -0.72152 -0.52421 48.26713
v -0.89652 -0.65136 48.26713
v -1.03809 -0.75422 48.39428
v -1.09217 -0.79351 48.60000
v -0.79351 -1.09217 48.60000
v -0.75422 -1.03809 48.80572
v -0.65136 -0.89652 48.93287
v -0.52421 -0.72152 48.93287
v -0.42135 -0.57994 48.80572
v -0.38206 -0.52586 48.60000
v -0.42135 -0.57994 48.39428
v -0.52421 -0.72152 48.26713
v -0.65136 -0.89652 48.26713
v -0.75422 -1.03809 48.39428
v -0.79351 -1.09217 48.60000
v -0.41717 -1.28393 48.60000
v -0.39652 -1.22035 48.80572
v -0.34244 -1.05392 48.93287
v -0.27559 -0.84819 48.93287
v -0.22152 -0.68176 48.80572
v -0.20086 -0.61819 48.60000
v -0.22152 -0.68176 48.39428
v -0.27559 -0.84819 48.26713
v -0.34244 -1.05392 48.26713
v -0.39652 -1.22035 48.39428
v -0.41717 -1.28393 48.60000
v -0.00000 -1.35000 48.60000
v -0.00000 -1.28316 48.80572
v -0.00000 -1.10816 48.93287
v -0.00000 -0.89184 48.93287
v -0.00000 -0.71684 48.80572
v -0.00000 -0.65000 48.60000
v -0.00000 -0.71684 48.39428
v -0.00000 -0.89184 48.26713
v -0.00000 -1.10816 48.26713
v -0.00000 -1.28316 48.39428
v -0.00000 -1.35000 48.60000
v 0.41717 -1.28393 48.60000
v 0.39652 -1.22035 48.80572
v 0.34244 -1.05392 48.93287
v 0.27559 -0.84819 48.93287
v 0.22152 -0.68176 48.80572
v 0.20086 -0.61819 48.60000
v 0.22152 -0.68176 48.39428
v 0.27559 -0.84819 48.26713
v 0.34244 -1.05392 48.26713
v 0.39652 -1.22035 48.39428
v 0.41717 -1.28393 48.60000
v 0.79351 -1.09217 48.60000
v 0.75422 -1.03809 48.80572
v 0.65136 -0.89652 48.93287
v 0.52421 -0.72152 48.93287
v 0.42135 -0.57994 48.80572
v 0.38206 -0.52586 48.60000
v 0.42135 -0.57994 48.39428
v 0.52421 -0.72152 48.26713
v 0.65136 -0.89652 48.26713
v 0.75422 -1.03809 48.39428
v 0.79351 -1.09217 48.60000
v 1.09217 -0.79351 48.60000
v 1.03809 -0.75422 48.80572
v 0.89652 -0.65136 48.93287
v 0.72152 -0.52421 48.93287
v 0.57994 -0.42135 48.80572
v 0.52586 -0.38206 48.60000
v 0.57994 -0.42135 48.39428
v 0.72152 -0.52421 48.26713
v 0.89652 -0.65136 48.26713
v 1.03809 -0.75422 48.39428
v 1.09217 -0.79351 48.60000
v 1.28393 -0.41717 48.60000
v 1.22035 -0.39652 48.80572
v 1.05392 -0.34244 48.93287
v 0.84819 -0.27559 48.93287
v 0.68176 -0.22152 48.80572
v 0.61819 -0.20086 48.60000
v 0.68176 -0.22152 48.39428
v 0.84819 -0.27559 48.26713
v 1.05392 -0.34244 48.26713
v 1.22035 -0.39652 48.39428
v 1.28393 -0.41717 48.60000
v 1.35000 -0.00000 48.60000
v 1.28316 -0.00000 48.80572
v 1.10816 -0.00000 48.93287
v 0.89184 -0.00000 48.93287
v 0.71684 -0.00000 48.80572
v 0.65000 -0.00000 48.60000
v 0.71684 -0.00000 48.39428
v 0.89184 -0.00000 48.26713
v 1.10816 -0.00000 48.26713
v 1.28316 -0.00000 48.39428
v 1.35000 -0.00000 48.60000
v 2.52000 0.00000 52.60000
v 2.44513 -0.34968 52.60000
v 2.25557 -0.53574 52.60000
v 2.04000 -0.47112 52.60000
v 1.89930 -0.18606 52.60000
v 1.89930 0.18606 52.60000
v 2.04000 0.47112 52.60000
v 2.25557 0.53574 52.60000
v 2.44513 0.34968 52.60000
v 2.52000 0.00000 52.60000
v 2.45682 0.00000 53.16075
v 2.38383 -0.34968 53.14409
v 2.19902 -0.53574 53.10191
v 1.98885 -0.47112 53.05394
v 1.85168 -0.18606 53.02263
v 1.85168 0.18606 53.02263
v 1.98885 0.47112 53.05394
v 2.19902 0.53574 53.10191
v 2.38383 0.34968 53.14409
v 2.45682 0.00000 53.16075
v 2.27044 0.00000 53.69339
v 2.20299 -0.34968 53.66090
v 2.03220 -0.53574 53.57865
v 1.83798 -0.47112 53.48512
v 1.71121 -0.18606 53.42407
v 1.71121 0.18606 53.42407
v 1.83798 0.47112 53.48512
v 2.03220 0.53574 53.57865
v 2.20299 0.34968 53.66090
v 2.27044 0.00000 53.69339
v 1.97022 0.00000 54.17119
v 1.91168 -0.34968 54.12452
v 1.76347 -0.53574 54.00632
v 1.59494 -0.47112 53.87192
v 1.48493 -0.18606 53.78419
v 1.48493 0.18606 53.78419
v 1.59494 0.47112 53.87192
v 1.76347 0.53574 54.00632
v 1.91168 0.34968 54.12452
v 1.97022 0.00000 54.17119
v 1.57119 0.00000 54.57022
v 1.52452 -0.34968 54.51168
v 1.40632 -0.53574 54.36347
v 1.27192 -0.47112 54.19494
v 1.18419 -0.18606 54.08493
v 1.18419 0.18606 54.08493
v 1.27192 0.47112 54.19494
v 1.40632 0.53574 54.36347
v 1.52452 0.34968 54.51168
v 1.57119 0.00000 54.57022
v 1.09339 0.00000 54.87044
v 1.06090 -0.34968 54.80299
v 0.97865 -0.53574 54.63220
v 0.88512 -0.47112 54.43798
v 0.82407 -0.18606 54.31121
v 0.82407 0.18606 54.31121
v 0.88512 0.47112 54.43798
v 0.97865 0.53574 54.63220
v 1.06090 0.34968 54.80299
v 1.09339 0.00000 54.87044
v 0.56075 0.00000 55.05682
v 0.54409 -0.34968 54.98383
v 0.50191 -0.53574 54.79902
v 0.45394 -0.47112 54.58885
v 0.42263 -0.18606 54.45168
v 0.42263 0.18606 54.45168
v 0.45394 0.47112 54.58885
v 0.50191 0.53574 54.79902
v 0.54409 0.34968 54.98383
v 0.56075 0.00000 55.05682
v 0.00000 0.00000 55.12000
v 0.00000 -0.34968 55.04513
v 0.00000 -0.53574 54.85557
v 0.00000 -0.47112 54.64000
v 0.00000 -0.18606 54.49930
v 0.00000 0.18606 54.49930
v 0.00000 0.47112 54.64000
v 0.00000 0.53574 54.85557
v 0.00000 0.34968 55.04513
v 0.00000 0.00000 55.12000
v -0.56075 0.00000 55.05682
v -0.54409 -0.34968 54.98383
v -0.50191 -0.53574 54.79902
v -0.45394 -0.47112 54.58885
v -0.42263 -0.18606 54.45168
v -0.42263 0.18606 54.45168
v -0.45394 0.47112 54.58885
v -0.50191 0.53574 54.79902
v -0.54409 0.34968 54.98383
v -0.56075 0.00000 55.05682
v -1.09339 0.00000 54.87044
v -1.06090 -0.34968 54.80299
v -0.97865 -0.53574 54.63220
v -0.88512 -0.47112 54.43798
v -0.82407 -0.18606 54.31121
v -0.82407 0.18606 54.31121
v -0.88512 0.47112 54.43798
v -0.97865 0.53574 54.63220
v -1.06090 0.34968 54.80299
v -1.09339 0.00000 54.87044
v -1.57119 0.00000 54.57022
v -1.52452 -0.34968 54.51168
v -1.40632 -0.53574 54.36347
v -1.27192 -0.47112 54.19494
v -1.18419 -0.18606 54.08493
v -1.18419 0.18606 54.08493
v -1.27192 0.47112 54.19494
v -1.40632 0.53574 54.36347
v -1.52452 0.34968 54.51168
v -1.57119 0.00000 54.57022
v -1.97022 0.00000 54.17119
v -1.91168 -0.34968 54.12452
v -1.76347 -0.53574 54.00632
v -1.59494 -0.47112 53.87192
v -1.48493 -0.18606 53.78419
v -1.48493 0.18606 53.78419
v -1.59494 0.47112 53.87192
v -1.76347 0.53574 54.00632
v -1.91168 0.34968 54.12452
v -1.97022 0.00000 54.17119
v -2.27044 0.00000 53.69339
v -2.20299 -0.34968 53.66090
v -2.03220 -0.53574 53.57865
v -1.83798 -0.47112 53.48512
v -1.71121 -0.18606 53.42407
v -1.71121 0.18606 53.42407
v -1.83798 0.47112 53.48512
v -2.03220 0.53574 53.57865
v -2.20299 0.34968 53.66090
v -2.27044 0.00000 53.69339
v -2.45682 0.00000 53.16075
v -2.38383 -0.34968 53.14409
v -2.19902 -0.53574 53.10191
v -1.98885 -0.47112 53.05394
v -1.85168 -0.18606 53.02263
v -1.85168 0.18606 53.02263
v -1.98885 0.47112 53.05394
v -2.19902 0.53574 53.10191
v -2.38383 0.34968 53.14409
v -2.45682 0.00000 53.16075
v -2.52000 0.00000 52.60000
v -2.44513 -0.34968 52.60000
v -2.25557 -0.53574 52.60000
v -2.04000 -0.47112 52.60000
v -1.89930 -0.18606 52.60000
v -1.89930 0.18606 52.60000
v -2.04000 0.47112 52.60000
v -2.25557 0.53574 52.60000
v -2.44513 0.34968 52.60000
v -2.52000 0.00000 52.60000
v -2.45682 0.00000 52.03925
v -2.38383 -0.34968 52.05591
v -2.19902 -0.53574 52.09809
v -1.98885 -0.47112 52.14606
v -1.85168 -0.18606 52.17737
v -1.85168 0.18606 52.17737
v -1.98885 0.47112 52.14606
v -2.19902 0.53574 52.09809
v -2.38383 0.34968 52.05591
v -2.45682 0.00000 52.03925
v -2.27044 0.00000 51.50661
v -2.20299 -0.34968 51.53910
v -2.03220 -0.53574 51.62135
v -1.83798 -0.47112 51.71488
v -1.71121 -0.18606 51.77593
v -1.71121 0.18606 51.77593
v -1.83798 0.47112 51.71488
v -2.03220 0.53574 51.62135
v -2.20299 0.34968 51.53910
v -2.27044 0.00000 51.50661
v -1.97022 0.00000 51.02881
v -1.91168 -0.34968 51.07548
v -1.76347 -0.53574 51.19368
v -1.59494 -0.47112 51.32808
v -1.48493 -0.18606 51.41581
v -1.48493 0.18606 51.41581
v -1.59494 0.47112 51.32808
v -1.76347 0.53574 51.19368
v -1.91168 0.34968 51.07548
v -1.97022 0.00000 51.02881
v -1.57119 0.00000 50.62978
v -1.52452 -0.34968 50.68832
v -1.40632 -0.53574 50.83653
v -1.27192 -0.47112 51.00506
v -1.18419 -0.18606 51.11507
v -1.18419 0.18606 51.11507
v -1.27192 0.47112 51.00506
v -1.40632 0.53574 50.83653
v -1.52452 0.34968 50.68832
v -1.57119 0.00000 50.62978
v -1.09339 0.00000 50.32956
v -1.06090 -0.34968 50.39701
v -0.97865 -0.53574 50.56780
v -0.88512 -0.47112 50.76202
v -0.82407 -0.18606 50.88879
v -0.82407 0.18606 50.88879
v -0.88512 0.47112 50.76202
v -0.97865 0.53574 50.56780
v -1.06090 0.34968 50.39701
v -1.09339 0.00000 50.32956
v -0.56075 0.00000 50.14318
v -0.54409 -0.34968 50.21617
v -0.50191 -0.53574 50.40098
v -0.45394 -0.47112 50.61115
v -0.42263 -0.18606 50.74832
v -0.42263 0.18606 50.74832
v -0.45394 0.47112 50.61115
v -0.50191 0.53574 50.40098
v -0.54409 0.34968 50.21617
v -0.56075 0.00000 50.14318
v -0.00000 0.00000 50.08000
v -0.00000 -0.34968 50.15487
v -0.00000 -0.53574 50.34443
v -0.00000 -0.47112 50.56000
v -0.00000 -0.18606 50.70070
v -0.00000 0.18606 50.70070
v -0.00000 0.47112 50.56000
v -0.00000 0.53574 50.34443
v -0.00000 0.34968 50.15487
v -0.00000 0.00000 50.08000
v 0.56075 0.00000 50.14318
v 0.54409 -0.34968 50.21617
v 0.50191 -0.53574 50.40098
v 0.45394 -0.47112 50.61115
v 0.42263 -0.18606 50.74832
v 0.42263 0.18606 50.74832
v 0.45394 0.47112 50.61115
v 0.50191 0.53574 50.40098
v 0.54409 0.34968 50.21617
v 0.56075 0.00000 50.14318
v 1.09339 0.00000 50.32956
v 1.06090 -0.34968 50.39701
v 0.97865 -0.53574 50.56780
v 0.88512 -0.47112 50.76202
v 0.82407 -0.18606 50.88879
v 0.82407 0.18606 50.88879
v 0.88512 0.47112 50.76202
v 0.97865 0.53574 50.56780
v 1.06090 0.34968 50.39701
v 1.09339 0.00000 50.32956
v 1.57119 0.00000 50.62978
v 1.52452 -0.34968 50.68832
v 1.40632 -0.53574 50.83653
v 1.27192 -0.47112 51.00506
v 1.18419 -0.18606 51.11507
v 1.18419 0.18606 51.11507
v 1.27192 0.47112 51.00506
v 1.40632 0.53574 50.83653
v 1.52452 0.34968 50.68832
v 1.57119 0.00000 50.62978
v 1.97022 0.00000 51.02881
v 1.91168 -0.34968 51.07548
v 1.76347 -0.53574 51.19368
v 1.59494 -0.47112 51.32808
v 1.48493 -0.18606 51.41581
v 1.48493 0.18606 51.41581
v 1.59494 0.47112 51.32808
v 1.76347 0.53574 51.19368
v 1.91168 0.34968 51.07548
v 1.97022 0.00000 51.02881
v 2.27044 0.00000 51.50661
v 2.20299 -0.34968 51.53910
v 2.03220 -0.53574 51.62135
v 1.83798 -0.47112 51.71488
v 1.71121 -0.18606 51.77593
v 1.71121 0.18606 51.77593
v 1.83798 0.47112 51.71488
v 2.03220 0.53574 51.62135
v 2.20299 0.34968 51.53910
v 2.27044 0.00000 51.50661
v 2.45682 0.00000 52.03925
v 2.38383 -0.34968 52.05591
v 2.19902 -0.53574 52.09809
v 1.98885 -0.47112 52.14606
v 1.85168 -0.18606 52.17737
v 1.85168 0.18606 52.17737
v 1.98885 0.47112 52.14606
v 2.19902 0.53574 52.09809
v 2.38383 0.34968 52.05591
v 2.45682 0.00000 52.03925
v 2.52000 0.00000 52.60000
v 2.44513 -0.34968 52.60000
v 2.25557 -0.53574 52.60000
v 2.04000 -0.47112 52.60000
v 1.89930 -0.18606 52.60000
v 1.89930 0.18606 52.60000
v 2.04000 0.47112 52.60000
v 2.25557 0.53574 52.60000
v 2.44513 0.34968 52.60000
v 2.52000 0.00000 52.60000
v 0.42000 0.00000 55.00000
v 0.02000 0.00000 57.60000
v 0.37841 0.18223 55.00000
v 0.01802 0.00868 57.60000
v 0.26187 0.32837 55.00000
v 0.01247 0.01564 57.60000
v 0.09346 0.40947 55.00000
v 0.00445 0.01950 57.60000
v -0.09346 0.40947 55.00000
v -0.00445 0.01950 57.60000
v -0.26187 0.32837 55.00000
v -0.01247 0.01564 57.60000
v -0.37841 0.18223 55.00000
v -0.01802 0.00868 57.60000
v -0.42000 0.00000 55.00000
v -0.02000 0.00000 57.60000
v -0.37841 -0.18223 55.00000
v -0.01802 -0.00868 57.60000
v -0.26187 -0.32837 55.00000
v -0.01247 -0.01564 57.60000
v -0.09346 -0.40947 55.00000
v -0.00445 -0.01950 57.60000
v 0.09346 -0.40947 55.00000
v 0.00445 -0.01950 57.60000
v 0.26187 -0.32837 55.00000
v 0.01247 -0.01564 57.60000
v 0.37841 -0.18223 55.00000
v 0.01802 -0.00868 57.60000
v 0.42000 -0.00000 55.00000
v 0.02000 -0.00000 57.60000
v 0.00000 0.00000 55.00000
vt 0.00000 0.00000
vt 0.00000 0.08333
vt 0.00000 0.16667
vt 0.00000 0.25000
vt 0.00000 0.33333
vt 0.00000 0.41667
vt 0.00000 0.50000
vt 0.00000 0.58333
vt 0.00000 0.66667
vt 0.00000 0.75000
vt 0.00000 0.83333
vt 0.00000 0.91667
vt 0.00000 1.00000
vt 0.04167 0.00000
vt 0.04167 0.08333
vt 0.04167 0.16667
vt 0.04167 0.25000
vt 0.04167 0.33333
vt 0.04167 0.41667
vt 0.04167 0.50000
vt 0.04167 0.58333
vt 0.04167 0.66667
vt 0.04167 0.75000
vt 0.04167 0.83333
vt 0.04167 0.91667
vt 0.04167 1.00000
vt 0.08333 0.00000
vt 0.08333 0.08333
vt 0.08333 0.16667
vt 0.08333 0.25000
vt 0.08333 0.33333
vt 0.08333 0.41667
vt 0.08333 0.50000
vt 0.08333 0.58333
vt 0.08333 0.66667
vt 0.08333 0.75000
vt 0.08333 0.83333
vt 0.08333 0.91667
vt 0.08333 1.00000
vt 0.12500 0.00000
vt 0.12500 0.08333
vt 0.12500 0.16667
vt 0.12500 0.25000
vt 0.12500 0.33333
vt 0.12500 0.41667
vt 0.12500 0.50000
vt 0.12500 0.58333
vt 0.12500 0.66667
vt 0.12500 0.75000
vt 0.12500 0.83333
vt 0.12500 0.91667
vt 0.12500 1.00000
vt 0.16667 0.00000
vt 0.16667 0.08333
vt 0.16667 0.16667
vt 0.16667 0.25000
vt 0.16667 0.33333
vt 0.16667 0.41667
vt 0.16667 0.50000
vt 0.16667 0.58333
vt 0.16667 0.66667
vt 0.16667 0.75000
vt 0.16667 0.83333
vt 0.16667 0.91667
vt 0.16667 1.00000
vt 0.20833 0.00000
vt 0.20833 0.08333
vt 0.20833 0.16667
vt 0.20833 0.25000
vt 0.20833 0.33333
vt 0.20833 0.41667
vt 0.20833 0.50000
vt 0.20833 0.58333
vt 0.20833 0.66667
vt 0.20833 0.75000
vt 0.20833 0.83333
vt 0.20833 0.91667
vt 0.20833 1.00000
vt 0.25000 0.00000
vt 0.25000 0.08333
vt 0.25000 0.16667
vt 0.25000 0.25000
vt 0.25000 0.33333
vt 0.25000 0.41667
vt 0.25000 0.50000
vt 0.25000 0.58333
vt 0.25000 0.66667
vt 0.25000 0.75000
vt 0.25000 0.83333
vt 0.25000 0.91667
vt 0.25000 1.00000
vt 0.29167 0.00000
vt 0.29167 0.08333
vt 0.29167 0.16667
vt 0.29167 0.25000
vt 0.29167 0.33333
vt 0.29167 0.41667
vt 0.29167 0.50000
vt 0.29167 0.58333
vt 0.29167 0.66667
vt 0.29167 0.75000
vt 0.29167 0.83333
vt 0.29167 0.91667
vt 0.29167 1.00000
vt 0.33333 0.00000
vt 0.33333 0.08333
vt 0.33333 0.16667
vt 0.33333 0.25000
vt 0.33333 0.33333
vt 0.33333 0.41667
vt 0.33333 0.50000
vt 0.33333 0.58333
vt 0.33333 0.66667
vt 0.33333 0.75000
vt 0.33333 0.83333
vt 0.33333 0.91667
vt 0.33333 1.00000
vt 0.37500 0.00000
vt 0.37500 0.08333
vt 0.37500 0.16667
vt 0.37500 0.25000
vt 0.37500 0.33333
vt 0.37500 0.41667
vt 0.37500 0.50000
vt 0.37500 0.58333
vt 0.37500 0.66667
vt 0.37500 0.75000
vt 0.37500 0.83333
vt 0.37500 0.91667
vt 0.37500 1.00000
vt 0.41667 0.00000
vt 0.41667 0.08333
vt 0.41667 0.16667
vt 0.41667 0.25000
vt 0.41667 0.33333
vt 0.41667 0.41667
vt 0.41667 0.50000
vt 0.41667 0.58333
vt 0.41667 0.66667
vt 0.41667 0.75000
vt 0.41667 0.83333
vt 0.41667 0.91667
vt 0.41667 1.00000
vt 0.45833 0.00000
vt 0.45833 0.08333
vt 0.45833 0.16667
vt 0.45833 0.25000
vt 0.45833 0.33333
vt 0.45833 0.41667
vt 0.45833 0.50000
vt 0.45833 0.58333
vt 0.45833 0.66667
vt 0.45833 0.75000
vt 0.45833 0.83333
vt 0.45833 0.91667
vt 0.45833 1.00000
vt 0.50000 0.00000
vt 0.50000 0.08333
vt 0.50000 0.16667
vt 0.50000 0.25000
vt 0.50000 0.33333
vt 0.50000 0.41667
vt 0.50000 0.50000
vt 0.50000 0.58333
vt 0.50000 0.66667
vt 0.50000 0.75000
vt 0.50000 0.83333
vt 0.50000 0.91667
vt 0.50000 1.00000
vt 0.54167 0.00000
vt 0.54167 0.08333
vt 0.54167 0.16667
vt 0.54167 0.25000
vt 0.54167 0.33333
vt 0.54167 0.41667
vt 0.54167 0.50000
vt 0.54167 0.58333
vt 0.54167 0.66667
vt 0.54167 0.75000
vt 0.54167 0.83333
vt 0.54167 0.91667
vt 0.54167 1.00000
vt 0.58333 0.00000
vt 0.58333 0.08333
vt 0.58333 0.16667
vt 0.58333 0.25000
vt 0.58333 0.33333
vt 0.58333 0.41667
vt 0.58333 0.50000
vt 0.58333 0.58333
vt 0.58333 0.66667
vt 0.58333 0.75000
vt 0.58333 0.83333
vt 0.58333 0.91667
vt 0.58333 1.00000
vt 0.62500 0.00000
vt 0.62500 0.08333
vt 0.62500 0.16667
vt 0.62500 0.25000
vt 0.62500 0.33333
vt 0.62500 0.41667
vt 0.62500 0.50000
vt 0.62500 0.58333
vt 0.62500 0.66667
vt 0.62500 0.75000
vt 0.62500 0.83333
vt 0.62500 0.91667
vt 0.62500 1.00000
vt 0.66667 0.00000
vt 0.66667 0.08333
vt 0.66667 0.16667
vt 0.66667 0.25000
vt 0.66667 0.33333
vt 0.66667 0.41667
vt 0.66667 0.50000
vt 0.66667 0.58333
vt 0.66667 0.66667
vt 0.66667 0.75000
vt 0.66667 0.83333
vt 0.66667 0.91667
vt 0.66667 1.00000
vt 0.70833 0.00000
vt 0.70833 0.08333
vt 0.70833 0.16667
vt 0.70833 0.25000
vt 0.70833 0.33333
vt 0.70833 0.41667
vt 0.70833 0.50000
vt 0.70833 0.58333
vt 0.70833 0.66667
vt 0.70833 0.75000
vt 0.70833 0.83333
vt 0.70833 0.91667
vt 0.70833 1.00000
vt 0.75000 0.00000
vt 0.75000 0.08333
vt 0.75000 0.16667
vt 0.75000 0.25000
vt 0.75000 0.33333
vt 0.75000 0.41667
vt 0.75000 0.50000
vt 0.75000 0.58333
vt 0.75000 0.66667
vt 0.75000 0.75000
vt 0.75000 0.83333
vt 0.75000 0.91667
vt 0.75000 1.00000
vt 0.79167 0.00000
vt 0.79167 0.08333
vt 0.79167 0.16667
vt 0.79167 0.25000
vt 0.79167 0.33333
vt 0.79167 0.41667
vt 0.79167 0.50000
vt 0.79167 0.58333
vt 0.79167 0.66667
vt 0.79167 0.75000
vt 0.79167 0.83333
vt 0.79167 0.91667
vt 0.79167 1.00000
vt 0.83333 0.00000
vt 0.83333 0.08333
vt 0.83333 0.16667
vt 0.83333 0.25000
vt 0.83333 0.33333
vt 0.83333 0.41667
vt 0.83333 0.50000
vt 0.83333 0.58333
vt 0.83333 0.66667
vt 0.83333 0.75000
vt 0.83333 0.83333
vt 0.83333 0.91667
vt 0.83333 1.00000
vt 0.87500 0.00000
vt 0.87500 0.08333
vt 0.87500 0.16667
vt 0.87500 0.25000
vt 0.87500 0.33333
vt 0.87500 0.41667
vt 0.87500 0.50000
vt 0.87500 0.58333
vt 0.87500 0.66667
vt 0.87500 0.75000
vt 0.87500 0.83333
vt 0.87500 0.91667
vt 0.87500 1.00000
vt 0.91667 0.00000
vt 0.91667 0.08333
vt 0.91667 0.16667
vt 0.91667 0.25000
vt 0.91667 0.33333
vt 0.91667 0.41667
vt 0.91667 0.50000
vt 0.91667 0.58333
vt 0.91667 0.66667
vt 0.91667 0.75000
vt 0.91667 0.83333
vt 0.91667 0.91667
vt 0.91667 1.00000
vt 0.95833 0.00000
vt 0.95833 0.08333
vt 0.95833 0.16667
vt 0.95833 0.25000
vt 0.95833 0.33333
vt 0.95833 0.41667
vt 0.95833 0.50000
vt 0.95833 0.58333
vt 0.95833 0.66667
vt 0.95833 0.75000
vt 0.95833 0.83333
vt 0.95833 0.91667
vt 0.95833 1.00000
vt 1.00000 0.00000
vt 1.00000 0.08333
vt 1.00000 0.16667
vt 1.00000 0.25000
vt 1.00000 0.33333
vt 1.00000 0.41667
vt 1.00000 0.50000
vt 1.00000 0.58333
vt 1.00000 0.66667
vt 1.00000 0.75000
vt 1.00000 0.83333
vt 1.00000 0.91667
vt 1.00000 1.00000
vt 0.00000 0.00000
vt 0.00000 0.08333
vt 0.00000 0.16667
vt 0.00000 0.25000
vt 0.00000 0.33333
vt 0.00000 0.41667
vt 0.00000 0.50000
vt 0.00000 0.58333
vt 0.00000 0.66667
vt 0.00000 0.75000
vt 0.00000 0.83333
vt 0.00000 0.91667
vt 0.00000 1.00000
vt 0.04167 0.00000
vt 0.04167 0.08333
vt 0.04167 0.16667
vt 0.04167 0.25000
vt 0.04167 0.33333
vt 0.04167 0.41667
vt 0.04167 0.50000
vt 0.04167 0.58333
vt 0.04167 0.66667
vt 0.04167 0.75000
vt 0.04167 0.83333
vt 0.04167 0.91667
vt 0.04167 1.00000
vt 0.08333 0.00000
vt 0.08333 0.08333
vt 0.08333 0.16667
vt 0.08333 0.25000
vt 0.08333 0.33333
vt 0.08333 0.41667
vt 0.08333 0.50000
vt 0.08333 0.58333
vt 0.08333 0.66667
vt 0.08333 0.75000
vt 0.08333 0.83333
vt 0.08333 0.91667
vt 0.08333 1.00000
vt 0.12500 0.00000
vt 0.12500 0.08333
vt 0.12500 0.16667
vt 0.12500 0.25000
vt 0.12500 0.33333
vt 0.12500 0.41667
vt 0.12500 0.50000
vt 0.12500 0.58333
vt 0.12500 0.66667
vt 0.12500 0.75000
vt 0.12500 0.83333
vt 0.12500 0.91667
vt 0.12500 1.00000
vt 0.16667 0.00000
vt 0.16667 0.08333
vt 0.16667 0.16667
vt 0.16667 0.25000
vt 0.16667 0.33333
vt 0.16667 0.41667
vt 0.16667 0.50000
vt 0.16667 0.58333
vt 0.16667 0.66667
vt 0.16667 0.75000
vt 0.16667 0.83333
vt 0.16667 0.91667
vt 0.16667 1.00000
vt 0.20833 0.00000
vt 0.20833 0.08333
vt 0.20833 0.16667
vt 0.20833 0.25000
vt 0.20833 0.33333
vt 0.20833 0.41667
vt 0.20833 0.50000
vt 0.20833 0.58333
vt 0.20833 0.66667
vt 0.20833 0.75000
vt 0.20833 0.83333
vt 0.20833 0.91667
vt 0.20833 1.00000
vt 0.25000 0.00000
vt 0.25000 0.08333
vt 0.25000 0.16667
vt 0.25000 0.25000
vt 0.25000 0.33333
vt 0.25000 0.41667
vt 0.25000 0.50000
vt 0.25000 0.58333
vt 0.25000 0.66667
vt 0.25000 0.75000
vt 0.25000 0.83333
vt 0.25000 0.91667
vt 0.25000 1.00000
vt 0.29167 0.00000
vt 0.29167 0.08333
vt 0.29167 0.16667
vt 0.29167 0.25000
vt 0.29167 0.33333
vt 0.29167 0.41667
vt 0.29167 0.50000
vt 0.29167 0.58333
vt 0.29167 0.66667
vt 0.29167 0.75000
vt 0.29167 0.83333
vt 0.29167 0.91667
vt 0.29167 1.00000
vt 0.33333 0.00000
vt 0.33333 0.08333
vt 0.33333 0.16667
vt 0.33333 0.25000
vt 0.33333 0.33333
vt 0.33333 0.41667
vt 0.33333 0.50000
vt 0.33333 0.58333
vt 0.33333 0.66667
vt 0.33333 0.75000
vt 0.33333 0.83333
vt 0.33333 0.91667
vt 0.33333 1.00000
vt 0.37500 0.00000
vt 0.37500 0.08333
vt 0.37500 0.16667
vt 0.37500 0.25000
vt 0.37500 0.33333
vt 0.37500 0.41667
vt 0.37500 0.50000
vt 0.37500 0.58333
vt 0.37500 0.66667
vt 0.37500 0.75000
vt 0.37500 0.83333
vt 0.37500 0.91667
vt 0.37500 1.00000
vt 0.41667 0.00000
vt 0.41667 0.08333
vt 0.41667 0.16667
vt 0.41667 0.25000
vt 0.41667 0.33333
vt 0.41667 0.41667
vt 0.41667 0.50000
vt 0.41667 0.58333
vt 0.41667 0.66667
vt 0.41667 0.75000
vt 0.41667 0.83333
vt 0.41667 0.91667
vt 0.41667 1.00000
vt 0.45833 0.00000
vt 0.45833 0.08333
vt 0.45833 0.16667
vt 0.45833 0.25000
vt 0.45833 0.33333
vt 0.45833 0.41667
vt 0.45833 0.50000
vt 0.45833 0.58333
vt 0.45833 0.66667
vt 0.45833 0.75000
vt 0.45833 0.83333
vt 0.45833 0.91667
vt 0.45833 1.00000
vt 0.50000 0.00000
vt 0.50000 0.08333
vt 0.50000 0.16667
vt 0.50000 0.25000
vt 0.50000 0.33333
vt 0.50000 0.41667
vt 0.50000 0.50000
vt 0.50000 0.58333
vt 0.50000 0.66667
vt 0.50000 0.75000
vt 0.50000 0.83333
vt 0.50000 0.91667
vt 0.50000 1.00000
vt 0.54167 0.00000
vt 0.54167 0.08333
vt 0.54167 0.16667
vt 0.54167 0.25000
vt 0.54167 0.33333
vt 0.54167 0.41667
vt 0.54167 0.50000
vt 0.54167 0.58333
vt 0.54167 0.66667
vt 0.54167 0.75000
vt 0.54167 0.83333
vt 0.54167 0.91667
vt 0.54167 1.00000
vt 0.58333 0.00000
vt 0.58333 0.08333
vt 0.58333 0.16667
vt 0.58333 0.25000
vt 0.58333 0.33333
vt 0.58333 0.41667
vt 0.58333 0.50000
vt 0.58333 0.58333
vt 0.58333 0.66667
vt 0.58333 0.75000
vt 0.58333 0.83333
vt 0.58333 0.91667
vt 0.58333 1.00000
vt 0.62500 0.00000
vt 0.62500 0.08333
vt 0.62500 0.16667
vt 0.62500 0.25000
vt 0.62500 0.33333
vt 0.62500 0.41667
vt 0.62500 0.50000
vt 0.62500 0.58333
vt 0.62500 0.66667
vt 0.62500 0.75000
vt 0.62500 0.83333
vt 0.62500 0.91667
vt 0.62500 1.00000
vt 0.66667 0.00000
vt 0.66667 0.08333
vt 0.66667 0.16667
vt 0.66667 0.25000
vt 0.66667 0.33333
vt 0.66667 0.41667
vt 0.66667 0.50000
vt 0.66667 0.58333
vt 0.66667 0.66667
vt 0.66667 0.75000
vt 0.66667 0.83333
vt 0.66667 0.91667
vt 0.66667 1.00000
vt 0.70833 0.00000
vt 0.70833 0.08333
vt 0.70833 0.16667
vt 0.70833 0.25000
vt 0.70833 0.33333
vt 0.70833 0.41667
vt 0.70833 0.50000
vt 0.70833 0.58333
vt 0.70833 0.66667
vt 0.70833 0.75000
vt 0.70833 0.83333
vt 0.70833 0.91667
vt 0.70833 1.00000
vt 0.75000 0.00000
vt 0.75000 0.08333
vt 0.75000 0.16667
vt 0.75000 0.25000
vt 0.75000 0.33333
vt 0.75000 0.41667
vt 0.75000 0.50000
vt 0.75000 0.58333
vt 0.75000 0.66667
vt 0.75000 0.75000
vt 0.75000 0.83333
vt 0.75000 0.91667
vt 0.75000 1.00000
vt 0.79167 0.00000
vt 0.79167 0.08333
vt 0.79167 0.16667
vt 0.79167 0.25000
vt 0.79167 0.33333
vt 0.79167 0.41667
vt 0.79167 0.50000
vt 0.79167 0.58333
vt 0.79167 0.66667
vt 0.79167 0.75000
vt 0.79167 0.83333
vt 0.79167 0.91667
vt 0.79167 1.00000
vt 0.83333 0.00000
vt 0.83333 0.08333
vt 0.83333 0.16667
vt 0.83333 0.25000
vt 0.83333 0.33333
vt 0.83333 0.41667
vt 0.83333 0.50000
vt 0.83333 0.58333
vt 0.83333 0.66667
vt 0.83333 0.75000
vt 0.83333 0.83333
vt 0.83333 0.91667
vt 0.83333 1.00000
vt 0.87500 0.00000
vt 0.87500 0.08333
vt 0.87500 0.16667
vt 0.87500 0.25000
vt 0.87500 0.33333
vt 0.87500 0.41667
vt 0.87500 0.50000
vt 0.87500 0.58333
vt 0.87500 0.66667
vt 0.87500 0.75000
vt 0.87500 0.83333
vt 0.87500 0.91667
vt 0.87500 1.00000
vt 0.91667 0.00000
vt 0.91667 0.08333
vt 0.91667 0.16667
vt 0.91667 0.25000
vt 0.91667 0.33333
vt 0.91667 0.41667
vt 0.91667 0.50000
vt 0.91667 0.58333
vt 0.91667 0.66667
vt 0.91667 0.75000
vt 0.91667 0.83333
vt 0.91667 0.91667
vt 0.91667 1.00000
vt 0.95833 0.00000
vt 0.95833 0.08333
vt 0.95833 0.16667
vt 0.95833 0.25000
vt 0.95833 0.33333
vt 0.95833 0.41667
vt 0.95833 0.50000
vt 0.95833 0.58333
vt 0.95833 0.66667
vt 0.95833 0.75000
vt 0.95833 0.83333
vt 0.95833 0.91667
vt 0.95833 1.00000
vt 1.00000 0.00000
vt 1.00000 0.08333
vt 1.00000 0.16667
vt 1.00000 0.25000
vt 1.00000 0.33333
vt 1.00000 0.41667
vt 1.00000 0.50000
vt 1.00000 0.58333
vt 1.00000 0.66667
vt 1.00000 0.75000
vt 1.00000 0.83333
vt 1.00000 0.91667
vt 1.00000 1.00000
vt 0.50000 1.00000
vt 0.50000 0.00000
vt 0.00000 0.93750
vt 0.04167 0.93750
vt 0.08333 0.93750
vt 0.12500 0.93750
vt 0.16667 0.93750
vt 0.20833 0.93750
vt 0.25000 0.93750
vt 0.29167 0.93750
vt 0.33333 0.93750
vt 0.37500 0.93750
vt 0.41667 0.93750
vt 0.45833 0.93750
vt 0.50000 0.93750
vt 0.54167 0.93750
vt 0.58333 0.93750
vt 0.62500 0.93750
vt 0.66667 0.93750
vt 0.70833 0.93750
vt 0.75000 0.93750
vt 0.79167 0.93750
vt 0.83333 0.93750
vt 0.87500 0.93750
vt 0.91667 0.93750
vt 0.95833 0.93750
vt 1.00000 0.93750
vt 0.00000 0.87500
vt 0.04167 0.87500
vt 0.08333 0.87500
vt 0.12500 0.87500
vt 0.16667 0.87500
vt 0.20833 0.87500
vt 0.25000 0.87500
vt 0.29167 0.87500
vt 0.33333 0.87500
vt 0.37500 0.87500
vt 0.41667 0.87500
vt 0.45833 0.87500
vt 0.50000 0.87500
vt 0.54167 0.87500
vt 0.58333 0.87500
vt 0.62500 0.87500
vt 0.66667 0.87500
vt 0.70833 0.87500
vt 0.75000 0.87500
vt 0.79167 0.87500
vt 0.83333 0.87500
vt 0.87500 0.87500
vt 0.91667 0.87500
vt 0.95833 0.87500
vt 1.00000 0.87500
vt 0.00000 0.81250
vt 0.04167 0.81250
vt 0.08333 0.81250
vt 0.12500 0.81250
vt 0.16667 0.81250
vt 0.20833 0.81250
vt 0.25000 0.81250
vt 0.29167 0.81250
vt 0.33333 0.81250
vt 0.37500 0.81250
vt 0.41667 0.81250
vt 0.45833 0.81250
vt 0.50000 0.81250
vt 0.54167 0.81250
vt 0.58333 0.81250
vt 0.62500 0.81250
vt 0.66667 0.81250
vt 0.70833 0.81250
vt 0.75000 0.81250
vt 0.79167 0.81250
vt 0.83333 0.81250
vt 0.87500 0.81250
vt 0.91667 0.81250
vt 0.95833 0.81250
vt 1.00000 0.81250
vt 0.00000 0.75000
vt 0.04167 0.75000
vt 0.08333 0.75000
vt 0.12500 0.75000
vt 0.16667 0.75000
vt 0.20833 0.75000
vt 0.25000 0.75000
vt 0.29167 0.75000
vt 0.33333 0.75000
vt 0.37500 0.75000
vt 0.41667 0.75000
vt 0.45833 0.75000
vt 0.50000 0.75000
vt 0.54167 0.75000
vt 0.58333 0.75000
vt 0.62500 0.75000
vt 0.66667 0.75000
vt 0.70833 0.75000
vt 0.75000 0.75000
vt 0.79167 0.75000
vt 0.83333 0.75000
vt 0.87500 0.75000
vt 0.91667 0.75000
vt 0.95833 0.75000
vt 1.00000 0.75000
vt 0.00000 0.68750
vt 0.04167 0.68750
vt 0.08333 0.68750
vt 0.12500 0.68750
vt 0.16667 0.68750
vt 0.20833 0.68750
vt 0.25000 0.68750
vt 0.29167 0.68750
vt 0.33333 0.68750
vt 0.37500 0.68750
vt 0.41667 0.68750
vt 0.45833 0.68750
vt 0.50000 0.68750
vt 0.54167 0.68750
vt 0.58333 0.68750
vt 0.62500 0.68750
vt 0.66667 0.68750
vt 0.70833 0.68750
vt 0.75000 0.68750
vt 0.79167 0.68750
vt 0.83333 0.68750
vt 0.87500 0.68750
vt 0.91667 0.68750
vt 0.95833 0.68750
vt 1.00000 0.68750
vt 0.00000 0.62500
vt 0.04167 0.62500
vt 0.08333 0.62500
vt 0.12500 0.62500
vt 0.16667 0.62500
vt 0.20833 0.62500
vt 0.25000 0.62500
vt 0.29167 0.62500
vt 0.33333 0.62500
vt 0.37500 0.62500
vt 0.41667 0.62500
vt 0.45833 0.62500
vt 0.50000 0.62500
vt 0.54167 0.62500
vt 0.58333 0.62500
vt 0.62500 0.62500
vt 0.66667 0.62500
vt 0.70833 0.62500
vt 0.75000 0.62500
vt 0.79167 0.62500
vt 0.83333 0.62500
vt 0.87500 0.62500
vt 0.91667 0.62500
vt 0.95833 0.62500
vt 1.00000 0.62500
vt 0.00000 0.56250
vt 0.04167 0.56250
vt 0.08333 0.56250
vt 0.12500 0.56250
vt 0.16667 0.56250
vt 0.20833 0.56250
vt 0.25000 0.56250
vt 0.29167 0.56250
vt 0.33333 0.56250
vt 0.37500 0.56250
vt 0.41667 0.56250
vt 0.45833 0.56250
vt 0.50000 0.56250
vt 0.54167 0.56250
vt 0.58333 0.56250
vt 0.62500 0.56250
vt 0.66667 0.56250
vt 0.70833 0.56250
vt 0.75000 0.56250
vt 0.79167 0.56250
vt 0.83333 0.56250
vt 0.87500 0.56250
vt 0.91667 0.56250
vt 0.95833 0.56250
vt 1.00000 0.56250
vt 0.00000 0.50000
vt 0.04167 0.50000
vt 0.08333 0.50000
vt 0.12500 0.50000
vt 0.16667 0.50000
vt 0.20833 0.50000
vt 0.25000 0.50000
vt 0.29167 0.50000
vt 0.33333 0.50000
vt 0.37500 0.50000
vt 0.41667 0.50000
vt 0.45833 0.50000
vt 0.50000 0.50000
vt 0.54167 0.50000
vt 0.58333 0.50000
vt 0.62500 0.50000
vt 0.66667 0.50000
vt 0.70833 0.50000
vt 0.75000 0.50000
vt 0.79167 0.50000
vt 0.83333 0.50000
vt 0.87500 0.50000
vt 0.91667 0.50000
vt 0.95833 0.50000
vt 1.00000 0.50000
vt 0.00000 0.43750
vt 0.04167 0.43750
vt 0.08333 0.43750
vt 0.12500 0.43750
vt 0.16667 0.43750
vt 0.20833 0.43750
vt 0.25000 0.43750
vt 0.29167 0.43750
vt 0.33333 0.43750
vt 0.37500 0.43750
vt 0.41667 0.43750
vt 0.45833 0.43750
vt 0.50000 0.43750
vt 0.54167 0.43750
vt 0.58333 0.43750
vt 0.62500 0.43750
vt 0.66667 0.43750
vt 0.70833 0.43750
vt 0.75000 0.43750
vt 0.79167 0.43750
vt 0.83333 0.43750
vt 0.87500 0.43750
vt 0.91667 0.43750
vt 0.95833 0.43750
vt 1.00000 0.43750
vt 0.00000 0.37500
vt 0.04167 0.37500
vt 0.08333 0.37500
vt 0.12500 0.37500
vt 0.16667 0.37500
vt 0.20833 0.37500
vt 0.25000 0.37500
vt 0.29167 0.37500
vt 0.33333 0.37500
vt 0.37500 0.37500
vt 0.41667 0.37500
vt 0.45833 0.37500
vt 0.50000 0.37500
vt 0.54167 0.37500
vt 0.58333 0.37500
vt 0.62500 0.37500
vt 0.66667 0.37500
vt 0.70833 0.37500
vt 0.75000 0.37500
vt 0.79167 0.37500
vt 0.83333 0.37500
vt 0.87500 0.37500
vt 0.91667 0.37500
vt 0.95833 0.37500
vt 1.00000 0.37500
vt 0.00000 0.31250
vt 0.04167 0.31250
vt 0.08333 0.31250
vt 0.12500 0.31250
vt 0.16667 0.31250
vt 0.20833 0.31250
vt 0.25000 0.31250
vt 0.29167 0.31250
vt 0.33333 0.31250
vt 0.37500 0.31250
vt 0.41667 0.31250
vt 0.45833 0.31250
vt 0.50000 0.31250
vt 0.54167 0.31250
vt 0.58333 0.31250
vt 0.62500 0.31250
vt 0.66667 0.31250
vt 0.70833 0.31250
vt 0.75000 0.31250
vt 0.79167 0.31250
vt 0.83333 0.31250
vt 0.87500 0.31250
vt 0.91667 0.31250
vt 0.95833 0.31250
vt 1.00000 0.31250
vt 0.00000 0.25000
vt 0.04167 0.25000
vt 0.08333 0.25000
vt 0.12500 0.25000
vt 0.16667 0.25000
vt 0.20833 0.25000
vt 0.25000 0.25000
vt 0.29167 0.25000
vt 0.33333 0.25000
vt 0.37500 0.25000
vt 0.41667 0.25000
vt 0.45833 0.25000
vt 0.50000 0.25000
vt 0.54167 0.25000
vt 0.58333 0.25000
vt 0.62500 0.25000
vt 0.66667 0.25000
vt 0.70833 0.25000
vt 0.75000 0.25000
vt 0.79167 0.25000
vt 0.83333 0.25000
vt 0.87500 0.25000
vt 0.91667 0.25000
vt 0.95833 0.25000
vt 1.00000 0.25000
vt 0.00000 0.18750
vt 0.04167 0.18750
vt 0.08333 0.18750
vt 0.12500 0.18750
vt 0.16667 0.18750
vt 0.20833 0.18750
vt 0.25000 0.18750
vt 0.29167 0.18750
vt 0.33333 0.18750
vt 0.37500 0.18750
vt 0.41667 0.18750
vt 0.45833 0.18750
vt 0.50000 0.18750
vt 0.54167 0.18750
vt 0.58333 0.18750
vt 0.62500 0.18750
vt 0.66667 0.18750
vt 0.70833 0.18750
vt 0.75000 0.18750
vt 0.79167 0.18750
vt 0.83333 0.18750
vt 0.87500 0.18750
vt 0.91667 0.18750
vt 0.95833 0.18750
vt 1.00000 0.18750
vt 0.00000 0.12500
vt 0.04167 0.12500
vt 0.08333 0.12500
vt 0.12500 0.12500
vt 0.16667 0.12500
vt 0.20833 0.12500
vt 0.25000 0.12500
vt 0.29167 0.12500
vt 0.33333 0.12500
vt 0.37500 0.12500
vt 0.41667 0.12500
vt 0.45833 0.12500
vt 0.50000 0.12500
vt 0.54167 0.12500
vt 0.58333 0.12500
vt 0.62500 0.12500
vt 0.66667 0.12500
vt 0.70833 0.12500
vt 0.75000 0.12500
vt 0.79167 0.12500
vt 0.83333 0.12500
vt 0.87500 0.12500
vt 0.91667 0.12500
vt 0.95833 0.12500
vt 1.00000 0.12500
vt 0.00000 0.06250
vt 0.04167 0.06250
vt 0.08333 0.06250
vt 0.12500 0.06250
vt 0.16667 0.06250
vt 0.20833 0.06250
vt 0.25000 0.06250
vt 0.29167 0.06250
vt 0.33333 0.06250
vt 0.37500 0.06250
vt 0.41667 0.06250
vt 0.45833 0.06250
vt 0.50000 0.06250
vt 0.54167 0.06250
vt 0.58333 0.06250
vt 0.62500 0.06250
vt 0.66667 0.06250
vt 0.70833 0.06250
vt 0.75000 0.06250
vt 0.79167 0.06250
vt 0.83333 0.06250
vt 0.87500 0.06250
vt 0.91667 0.06250
vt 0.95833 0.06250
vt 1.00000 0.06250
vt 0.00000 0.00000
vt 0.00000 0.10000
vt 0.00000 0.20000
vt 0.00000 0.30000
vt 0.00000 0.40000
vt 0.00000 0.50000
vt 0.00000 0.60000
vt 0.00000 0.70000
vt 0.00000 0.80000
vt 0.00000 0.90000
vt 0.00000 1.00000
vt 0.05000 0.00000
vt 0.05000 0.10000
vt 0.05000 0.20000
vt 0.05000 0.30000
vt 0.05000 0.40000
vt 0.05000 0.50000
vt 0.05000 0.60000
vt 0.05000 0.70000
vt 0.05000 0.80000
vt 0.05000 0.90000
vt 0.05000 1.00000
vt 0.10000 0.00000
vt 0.10000 0.10000
vt 0.10000 0.20000
vt 0.10000 0.30000
vt 0.10000 0.40000
vt 0.10000 0.50000
vt 0.10000 0.60000
vt 0.10000 0.70000
vt 0.10000 0.80000
vt 0.10000 0.90000
vt 0.10000 1.00000
vt 0.15000 0.00000
vt 0.15000 0.10000
vt 0.15000 0.20000
vt 0.15000 0.30000
vt 0.15000 0.40000
vt 0.15000 0.50000
vt 0.15000 0.60000
vt 0.15000 0.70000
vt 0.15000 0.80000
vt 0.15000 0.90000
vt 0.15000 1.00000
vt 0.20000 0.00000
vt 0.20000 0.10000
vt 0.20000 0.20000
vt 0.20000 0.30000
vt 0.20000 0.40000
vt 0.20000 0.50000
vt 0.20000 0.60000
vt 0.20000 0.70000
vt 0.20000 0.80000
vt 0.20000 0.90000
vt 0.20000 1.00000
vt 0.25000 0.00000
vt 0.25000 0.10000
vt 0.25000 0.20000
vt 0.25000 0.30000
vt 0.25000 0.40000
vt 0.25000 0.50000
vt 0.25000 0.60000
vt 0.25000 0.70000
vt 0.25000 0.80000
vt 0.25000 0.90000
vt 0.25000 1.00000
vt 0.30000 0.00000
vt 0.30000 0.10000
vt 0.30000 0.20000
vt 0.30000 0.30000
vt 0.30000 0.40000
vt 0.30000 0.50000
vt 0.30000 0.60000
vt 0.30000 0.70000
vt 0.30000 0.80000
vt 0.30000 0.90000
vt 0.30000 1.00000
vt 0.35000 0.00000
vt 0.35000 0.10000
vt 0.35000 0.20000
vt 0.35000 0.30000
vt 0.35000 0.40000
vt 0.35000 0.50000
vt 0.35000 0.60000
vt 0.35000 0.70000
vt 0.35000 0.80000
vt 0.35000 0.90000
vt 0.35000 1.00000
vt 0.40000 0.00000
vt 0.40000 0.10000
vt 0.40000 0.20000
vt 0.40000 0.30000
vt 0.40000 0.40000
vt 0.40000 0.50000
vt 0.40000 0.60000
vt 0.40000 0.70000
vt 0.40000 0.80000
vt 0.40000 0.90000
vt 0.40000 1.00000
vt 0.45000 0.00000
vt 0.45000 0.10000
vt 0.45000 0.20000
vt 0.45000 0.30000
vt 0.45000 0.40000
vt 0.45000 0.50000
vt 0.45000 0.60000
vt 0.45000 0.70000
vt 0.45000 0.80000
vt 0.45000 0.90000
vt 0.45000 1.00000
vt 0.50000 0.00000
vt 0.50000 0.10000
vt 0.50000 0.20000
vt 0.50000 0.30000
vt 0.50000 0.40000
vt 0.50000 0.50000
vt 0.50000 0.60000
vt 0.50000 0.70000
vt 0.50000 0.80000
vt 0.50000 0.90000
vt 0.50000 1.00000
vt 0.55000 0.00000
vt 0.55000 0.10000
vt 0.55000 0.20000
vt 0.55000 0.30000
vt 0.55000 0.40000
vt 0.55000 0.50000
vt 0.55000 0.60000
vt 0.55000 0.70000
vt 0.55000 0.80000
vt 0.55000 0.90000
vt 0.55000 1.00000
vt 0.60000 0.00000
vt 0.60000 0.10000
vt 0.60000 0.20000
vt 0.60000 0.30000
vt 0.60000 0.40000
vt 0.60000 0.50000
vt 0.60000 0.60000
vt 0.60000 0.70000
vt 0.60000 0.80000
vt 0.60000 0.90000
vt 0.60000 1.00000
vt 0.65000 0.00000
vt 0.65000 0.10000
vt 0.65000 0.20000
vt 0.65000 0.30000
vt 0.65000 0.40000
vt 0.65000 0.50000
vt 0.65000 0.60000
vt 0.65000 0.70000
vt 0.65000 0.80000
vt 0.65000 0.90000
vt 0.65000 1.00000
vt 0.70000 0.00000
vt 0.70000 0.10000
vt 0.70000 0.20000
vt 0.70000 0.30000
vt 0.70000 0.40000
vt 0.70000 0.50000
vt 0.70000 0.60000
vt 0.70000 0.70000
vt 0.70000 0.80000
vt 0.70000 0.90000
vt 0.70000 1.00000
vt 0.75000 0.00000
vt 0.75000 0.10000
vt 0.75000 0.20000
vt 0.75000 0.30000
vt 0.75000 0.40000
vt 0.75000 0.50000
vt 0.75000 0.60000
vt 0.75000 0.70000
vt 0.75000 0.80000
vt 0.75000 0.90000
vt 0.75000 1.00000
vt 0.80000 0.00000
vt 0.80000 0.10000
vt 0.80000 0.20000
vt 0.80000 0.30000
vt 0.80000 0.40000
vt 0.80000 0.50000
vt 0.80000 0.60000
vt 0.80000 0.70000
vt 0.80000 0.80000
vt 0.80000 0.90000
vt 0.80000 1.00000
vt 0.85000 0.00000
vt 0.85000 0.10000
vt 0.85000 0.20000
vt 0.85000 0.30000
vt 0.85000 0.40000
vt 0.85000 0.50000
vt 0.85000 0.60000
vt 0.85000 0.70000
vt 0.85000 0.80000
vt 0.85000 0.90000
vt 0.85000 1.00000
vt 0.90000 0.00000
vt 0.90000 0.10000
vt 0.90000 0.20000
vt 0.90000 0.30000
vt 0.90000 0.40000
vt 0.90000 0.50000
vt 0.90000 0.60000
vt 0.90000 0.70000
vt 0.90000 0.80000
vt 0.90000 0.90000
vt 0.90000 1.00000
vt 0.95000 0.00000
vt 0.95000 0.10000
vt 0.95000 0.20000
vt 0.95000 0.30000
vt 0.95000 0.40000
vt 0.95000 0.50000
vt 0.95000 0.60000
vt 0.95000 0.70000
vt 0.95000 0.80000
vt 0.95000 0.90000
vt 0.95000 1.00000
vt 1.00000 0.00000
vt 1.00000 0.10000
vt 1.00000 0.20000
vt 1.00000 0.30000
vt 1.00000 0.40000
vt 1.00000 0.50000
vt 1.00000 0.60000
vt 1.00000 0.70000
vt 1.00000 0.80000
vt 1.00000 0.90000
vt 1.00000 1.00000
vt 0.00000 0.00000
vt 0.00000 0.11111
vt 0.00000 0.22222
vt 0.00000 0.33333
vt 0.00000 0.44444
vt 0.00000 0.55556
vt 0.00000 0.66667
vt 0.00000 0.77778
vt 0.00000 0.88889
vt 0.00000 1.00000
vt 0.03571 0.00000
vt 0.03571 0.11111
vt 0.03571 0.22222
vt 0.03571 0.33333
vt 0.03571 0.44444
vt 0.03571 0.55556
vt 0.03571 0.66667
vt 0.03571 0.77778
vt 0.03571 0.88889
vt 0.03571 1.00000
vt 0.07143 0.00000
vt 0.07143 0.11111
vt 0.07143 0.22222
vt 0.07143 0.33333
vt 0.07143 0.44444
vt 0.07143 0.55556
vt 0.07143 0.66667
vt 0.07143 0.77778
vt 0.07143 0.88889
vt 0.07143 1.00000
vt 0.10714 0.00000
vt 0.10714 0.11111
vt 0.10714 0.22222
vt 0.10714 0.33333
vt 0.10714 0.44444
vt 0.10714 0.55556
vt 0.10714 0.66667
vt 0.10714 0.77778
vt 0.10714 0.88889
vt 0.10714 1.00000
vt 0.14286 0.00000
vt 0.14286 0.11111
vt 0.14286 0.22222
vt 0.14286 0.33333
vt 0.14286 0.44444
vt 0.14286 0.55556
vt 0.14286 0.66667
vt 0.14286 0.77778
vt 0.14286 0.88889
vt 0.14286 1.00000
vt 0.17857 0.00000
vt 0.17857 0.11111
vt 0.17857 0.22222
vt 0.17857 0.33333
vt 0.17857 0.44444
vt 0.17857 0.55556
vt 0.17857 0.66667
vt 0.17857 0.77778
vt 0.17857 0.88889
vt 0.17857 1.00000
vt 0.21429 0.00000
vt 0.21429 0.11111
vt 0.21429 0.22222
vt 0.21429 0.33333
vt 0.21429 0.44444
vt 0.21429 0.55556
vt 0.21429 0.66667
vt 0.21429 0.77778
vt 0.21429 0.88889
vt 0.21429 1.00000
vt 0.25000 0.00000
vt 0.25000 0.11111
vt 0.25000 0.22222
vt 0.25000 0.33333
vt 0.25000 0.44444
vt 0.25000 0.55556
vt 0.25000 0.66667
vt 0.25000 0.77778
vt 0.25000 0.88889
vt 0.25000 1.00000
vt 0.28571 0.00000
vt 0.28571 0.11111
vt 0.28571 0.22222
vt 0.28571 0.33333
vt 0.28571 0.44444
vt 0.28571 0.55556
vt 0.28571 0.66667
vt 0.28571 0.77778
vt 0.28571 0.88889
vt 0.28571 1.00000
vt 0.32143 0.00000
vt 0.32143 0.11111
vt 0.32143 0.22222
vt 0.32143 0.33333
vt 0.32143 0.44444
vt 0.32143 0.55556
vt 0.32143 0.66667
vt 0.32143 0.77778
vt 0.32143 0.88889
vt 0.32143 1.00000
vt 0.35714 0.00000
vt 0.35714 0.11111
vt 0.35714 0.22222
vt 0.35714 0.33333
vt 0.35714 0.44444
vt 0.35714 0.55556
vt 0.35714 0.66667
vt 0.35714 0.77778
vt 0.35714 0.88889
vt 0.35714 1.00000
vt 0.39286 0.00000
vt 0.39286 0.11111
vt 0.39286 0.22222
vt 0.39286 0.33333
vt 0.39286 0.44444
vt 0.39286 0.55556
vt 0.39286 0.66667
vt 0.39286 0.77778
vt 0.39286 0.88889
vt 0.39286 1.00000
vt 0.42857 0.00000
vt 0.42857 0.11111
vt 0.42857 0.22222
vt 0.42857 0.33333
vt 0.42857 0.44444
vt 0.42857 0.55556
vt 0.42857 0.66667
vt 0.42857 0.77778
vt 0.42857 0.88889
vt 0.42857 1.00000
vt 0.46429 0.00000
vt 0.46429 0.11111
vt 0.46429 0.22222
vt 0.46429 0.33333
vt 0.46429 0.44444
vt 0.46429 0.55556
vt 0.46429 0.66667
vt 0.46429 0.77778
vt 0.46429 0.88889
vt 0.46429 1.00000
vt 0.50000 0.00000
vt 0.50000 0.11111
vt 0.50000 0.22222
vt 0.50000 0.33333
vt 0.50000 0.44444
vt 0.50000 0.55556
vt 0.50000 0.66667
vt 0.50000 0.77778
vt 0.50000 0.88889
vt 0.50000 1.00000
vt 0.53571 0.00000
vt 0.53571 0.11111
vt 0.53571 0.22222
vt 0.53571 0.33333
vt 0.53571 0.44444
vt 0.53571 0.55556
vt 0.53571 0.66667
vt 0.53571 0.77778
vt 0.53571 0.88889
vt 0.53571 1.00000
vt 0.57143 0.00000
vt 0.57143 0.11111
vt 0.57143 0.22222
vt 0.57143 0.33333
vt 0.57143 0.44444
vt 0.57143 0.55556
vt 0.57143 0.66667
vt 0.57143 0.77778
vt 0.57143 0.88889
vt 0.57143 1.00000
vt 0.60714 0.00000
vt 0.60714 0.11111
vt 0.60714 0.22222
vt 0.60714 0.33333
vt 0.60714 0.44444
vt 0.60714 0.55556
vt 0.60714 0.66667
vt 0.60714 0.77778
vt 0.60714 0.88889
vt 0.60714 1.00000
vt 0.64286 0.00000
vt 0.64286 0.11111
vt 0.64286 0.22222
vt 0.64286 0.33333
vt 0.64286 0.44444
vt 0.64286 0.55556
vt 0.64286 0.66667
vt 0.64286 0.77778
vt 0.64286 0.88889
vt 0.64286 1.00000
vt 0.67857 0.00000
vt 0.67857 0.11111
vt 0.67857 0.22222
vt 0.67857 0.33333
vt 0.67857 0.44444
vt 0.67857 0.55556
vt 0.67857 0.66667
vt 0.67857 0.77778
vt 0.67857 0.88889
vt 0.67857 1.00000
vt 0.71429 0.00000
vt 0.71429 0.11111
vt 0.71429 0.22222
vt 0.71429 0.33333
vt 0.71429 0.44444
vt 0.71429 0.55556
vt 0.71429 0.66667
vt 0.71429 0.77778
vt 0.71429 0.88889
vt 0.71429 1.00000
vt 0.75000 0.00000
vt 0.75000 0.11111
vt 0.75000 0.22222
vt 0.75000 0.33333
vt 0.75000 0.44444
vt 0.75000 0.55556
vt 0.75000 0.66667
vt 0.75000 0.77778
vt 0.75000 0.88889
vt 0.75000 1.00000
vt 0.78571 0.00000
vt 0.78571 0.11111
vt 0.78571 0.22222
vt 0.78571 0.33333
vt 0.78571 0.44444
vt 0.78571 0.55556
vt 0.78571 0.66667
vt 0.78571 0.77778
vt 0.78571 0.88889
vt 0.78571 1.00000
vt 0.82143 0.00000
vt 0.82143 0.11111
vt 0.82143 0.22222
vt 0.82143 0.33333
vt 0.82143 0.44444
vt 0.82143 0.55556
vt 0.82143 0.66667
vt 0.82143 0.77778
vt 0.82143 0.88889
vt 0.82143 1.00000
vt 0.85714 0.00000
vt 0.85714 0.11111
vt 0.85714 0.22222
vt 0.85714 0.33333
vt 0.85714 0.44444
vt 0.85714 0.55556
vt 0.85714 0.66667
vt 0.85714 0.77778
vt 0.85714 0.88889
vt 0.85714 1.00000
vt 0.89286 0.00000
vt 0.89286 0.11111
vt 0.89286 0.22222
vt 0.89286 0.33333
vt 0.89286 0.44444
vt 0.89286 0.55556
vt 0.89286 0.66667
vt 0.89286 0.77778
vt 0.89286 0.88889
vt 0.89286 1.00000
vt 0.92857 0.00000
vt 0.92857 0.11111
vt 0.92857 0.22222
vt 0.92857 0.33333
vt 0.92857 0.44444
vt 0.92857 0.55556
vt 0.92857 0.66667
vt 0.92857 0.77778
vt 0.92857 0.88889
vt 0.92857 1.00000
vt 0.96429 0.00000
vt 0.96429 0.11111
vt 0.96429 0.22222
vt 0.96429 0.33333
vt 0.96429 0.44444
vt 0.96429 0.55556
vt 0.96429 0.66667
vt 0.96429 0.77778
vt 0.96429 0.88889
vt 0.96429 1.00000
vt 1.00000 0.00000
vt 1.00000 0.11111
vt 1.00000 0.22222
vt 1.00000 0.33333
vt 1.00000 0.44444
vt 1.00000 0.55556
vt 1.00000 0.66667
vt 1.00000 0.77778
vt 1.00000 0.88889
vt 1.00000 1.00000
vt 0.00000 0.00000
vt 0.00000 1.00000
vt 0.07143 0.00000
vt 0.07143 1.00000
vt 0.14286 0.00000
vt 0.14286 1.00000
vt 0.21429 0.00000
vt 0.21429 1.00000
vt 0.28571 0.00000
vt 0.28571 1.00000
vt 0.35714 0.00000
vt 0.35714 1.00000
vt 0.42857 0.00000
vt 0.42857 1.00000
vt 0.50000 0.00000
vt 0.50000 1.00000
vt 0.57143 0.00000
vt 0.57143 1.00000
vt 0.64286 0.00000
vt 0.64286 1.00000
vt 0.71429 0.00000
vt 0.71429 1.00000
vt 0.78571 0.00000
vt 0.78571 1.00000
vt 0.85714 0.00000
vt 0.85714 1.00000
vt 0.92857 0.00000
vt 0.92857 1.00000
vt 1.00000 0.00000
vt 1.00000 1.00000
vt 0.50000 0.00000
f 1/1 14/14 15/15 2/2
f 2/2 15/15 16/16 3/3
f 3/3 16/16 17/17 4/4
f 4/4 17/17 18/18 5/5
f 5/5 18/18 19/19 6/6
f 6/6 19/19 20/20 7/7
f 7/7 20/20 21/21 8/8
f 8/8 21/21 22/22 9/9
f 9/9 22/22 23/23 10/10
f 10/10 23/23 24/24 11/11
f 11/11 24/24 25/25 12/12
f 12/12 25/25 26/26 13/13
f 14/14 27/27 28/28 15/15
f 15/15 28/28 29/29 16/16
f 16/16 29/29 30/30 17/17
f 17/17 30/30 31/31 18/18
f 18/18 31/31 32/32 19/19
f 19/19 32/32 33/33 20/20
f 20/20 33/33 34/34 21/21
f 21/21 34/34 35/35 22/22
f 22/22 35/35 36/36 23/23
f 23/23 36/36 37/37 24/24
f 24/24 37/37 38/38 25/25
f 25/25 38/38 39/39 26/26
f 27/27 40/40 41/41 28/28
f 28/28 41/41 42/42 29/29
f 29/29 42/42 43/43 30/30
f 30/30 43/43 44/44 31/31
f 31/31 44/44 45/45 32/32
f 32/32 45/45 46/46 33/33
f 33/33 46/46 47/47 34/34
f 34/34 47/47 48/48 35/35
f 35/35 48/48 49/49 36/36
f 36/36 49/49 50/50 37/37
f 37/37 50/50 51/51 38/38
f 38/38 51/51 52/52 39/39
f 40/40 53/53 54/54 41/41
f 41/41 54/54 55/55 42/42
f 42/42 55/55 56/56 43/43
f 43/43 56/56 57/57 44/44
f 44/44 57/57 58/58 45/45
f 45/45 58/58 59/59 46/46
f 46/46 59/59 60/60 47/47
f 47/47 60/60 61/61 48/48
f 48/48 61/61 62/62 49/49
f 49/49 62/62 63/63 50/50
f 50/50 63/63 64/64 51/51
f 51/51 64/64 65/65 52/52
f 53/53 66/66 67/67 54/54
f 54/54 67/67 68/68 55/55
f 55/55 68/68 69/69 56/56
f 56/56 69/69 70/70 57/57
f 57/57 70/70 71/71 58/58
f 58/58 71/71 72/72 59/59
f 59/59 72/72 73/73 60/60
f 60/60 73/73 74/74 61/61
f 61/61 74/74 75/75 62/62
f 62/62 75/75 76/76 63/63
f 63/63 76/76 77/77 64/64
f 64/64 77/77 78/78 65/65
f 66/66 79/79 80/80 67/67
f 67/67 80/80 81/81 68/68
f 68/68 81/81 82/82 69/69
f 69/69 82/82 83/83 70/70
f 70/70 83/83 84/84 71/71
f 71/71 84/84 85/85 72/72
f 72/72 85/85 86/86 73/73
f 73/73 86/86 87/87 74/74
f 74/74 87/87 88/88 75/75
f 75/75 88/88 89/89 76/76
f 76/76 89/89 90/90 77/77
f 77/77 90/90 91/91 78/78
f 79/79 92/92 93/93 80/80
f 80/80 93/93 94/94 81/81
f 81/81 94/94 95/95 82/82
f 82/82 95/95 96/96 83/83
f 83/83 96/96 97/97 84/84
f 84/84 97/97 98/98 85/85
f 85/85 98/98 99/99 86/86
f 86/86 99/99 100/100 87/87
f 87/87 100/100 101/101 88/88
f 88/88 101/101 102/102 89/89
f 89/89 102/102 103/103 90/90
f 90/90 103/103 104/104 91/91
f 92/92 105/105 106/106 93/93
f 93/93 106/106 107/107 94/94
f 94/94 107/107 108/108 95/95
f 95/95 108/108 109/109 96/96
f 96/96 109/109 110/110 97/97
f 97/97 110/110 111/111 98/98
f 98/98 111/111 112/112 99/99
f 99/99 112/112 113/113 100/100
f 100/100 113/113 114/114 101/101
f 101/101 114/114 115/115 102/102
f 102/102 115/115 116/116 103/103
f 103/103 116/116 117/117 104/104
f 105/105 118/118 119/119 106/106
f 106/106 119/119 120/120 107/107
f 107/107 120/120 121/121 108/108
f 108/108 121/121 122/122 109/109
f 109/109 122/122 123/123 110/110
f 110/110 123/123 124/124 111/111
f 111/111 124/124 125/125 112/112
f 112/112 125/125 126/126 113/113
f 113/113 126/126 127/127 114/114
f 114/114 127/127 128/128 115/115
f 115/115 128/128 129/129 116/116
f 116/116 129/129 130/130 117/117
f 118/118 131/131 132/132 119/119
f 119/119 132/132 133/133 120/120
f 120/120 133/133 134/134 121/121
f 121/121 134/134 135/135 122/122
f 122/122 135/135 136/136 123/123
f 123/123 136/136 137/137 124/124
f 124/124 137/137 138/138 125/125
f 125/125 138/138 139/139 126/126
f 126/126 139/139 140/140 127/127
f 127/127 140/140 141/141 128/128
f 128/128 141/141 142/142 129/129
f 129/129 142/142 143/143 130/130
f 131/131 144/144 145/145 132/132
f 132/132 145/145 146/146 133/133
f 133/133 146/146 147/147 134/134
f 134/134 147/147 148/148 135/135
f 135/135 148/148 149/149 136/136
f 136/136 149/149 150/150 137/137
f 137/137 150/150 151/151 138/138
f 138/138 151/151 152/152 139/139
f 139/139 152/152 153/153 140/140
f 140/140 153/153 154/154 141/141
f 141/141 154/154 155/155 142/142
f 142/142 155/155 156/156 143/143
f 144/144 157/157 158/158 145/145
f 145/145 158/158 159/159 146/146
f 146/146 159/159 160/160 147/147
f 147/147 160/160 161/161 148/148
f 148/148 161/161 162/162 149/149
f 149/149 162/162 163/163 150/150
f 150/150 163/163 164/164 151/151
f 151/151 164/164 165/165 152/152
f 152/152 165/165 166/166 153/153
f 153/153 166/166 167/167 154/154
f 154/154 167/167 168/168 155/155
f 155/155 168/168 169/169 156/156
f 157/157 170/170 171/171 158/158
f 158/158 171/171 172/172 159/159
f 159/159 172/172 173/173 160/160
f 160/160 173/173 174/174 161/161
f 161/161 174/174 175/175 162/162
f 162/162 175/175 176/176 163/163
f 163/163 176/176 177/177 164/164
f 164/164 177/177 178/178 165/165
f 165/165 178/178 179/179 166/166
f 166/166 179/179 180/180 167/167
f 167/167 180/180 181/181 168/168
f 168/168 181/181 182/182 169/169
f 170/170 183/183 184/184 171/171
f 171/171 184/184 185/185 172/172
f 172/172 185/185 186/186 173/173
f 173/173 186/186 187/187 174/174
f 174/174 187/187 188/188 175/175
f 175/175 188/188 189/189 176/176
f 176/176 189/189 190/190 177/177
f 177/177 190/190 191/191 178/178
f 178/178 191/191 192/192 179/179
f 179/179 192/192 193/193 180/180
f 180/180 193/193 194/194 181/181
f 181/181 194/194 195/195 182/182
f 183/183 196/196 197/197 184/184
f 184/184 197/197 198/198 185/185
f 185/185 198/198 199/199 186/186
f 186/186 199/199 200/200 187/187
f 187/187 200/200 201/201 188/188
f 188/188 201/201 202/202 189/189
f 189/189 202/202 203/203 190/190
f 190/190 203/203 204/204 191/191
f 191/191 204/204 205/205 192/192
f 192/192 205/205 206/206 193/193
f 193/193 206/206 207/207 194/194
f 194/194 207/207 208/208 195/195
f 196/196 209/209 210/210 197/197
f 197/197 210/210 211/211 198/198
f 198/198 211/211 212/212 199/199
f 199/199 212/212 213/213 200/200
f 200/200 213/213 214/214 201/201
f 201/201 214/214 215/215 202/202
f 202/202 215/215 216/216 203/203
f 203/203 216/216 217/217 204/204
f 204/204 217/217 218/218 205/205
f 205/205 218/218 219/219 206/206
f 206/206 219/219 220/220 207/207
f 207/207 220/220 221/221 208/208
f 209/209 222/222 223/223 210/210
f 210/210 223/223 224/224 211/211
f 211/211 224/224 225/225 212/212
f 212/212 225/225 226/226 213/213
f 213/213 226/226 227/227 214/214
f 214/214 227/227 228/228 215/215
f 215/215 228/228 229/229 216/216
f 216/216 229/229 230/230 217/217
f 217/217 230/230 231/231 218/218
f 218/218 231/231 232/232 219/219
f 219/219 232/232 233/233 220/220
f 220/220 233/233 234/234 221/221
f 222/222 235/235 236/236 223/223
f 223/223 236/236 237/237 224/224
f 224/224 237/237 238/238 225/225
f 225/225 238/238 239/239 226/226
f 226/226 239/239 240/240 227/227
f 227/227 240/240 241/241 228/228
f 228/228 241/241 242/242 229/229
f 229/229 242/242 243/243 230/230
f 230/230 243/243 244/244 231/231
f 231/231 244/244 245/245 232/232
f 232/232 245/245 246/246 233/233
f 233/233 246/246 247/247 234/234
f 235/235 248/248 249/249 236/236
f 236/236 249/249 250/250 237/237
f 237/237 250/250 251/251 238/238
f 238/238 251/251 252/252 239/239
f 239/239 252/252 253/253 240/240
f 240/240 253/253 254/254 241/241
f 241/241 254/254 255/255 242/242
f 242/242 255/255 256/256 243/243
f 243/243 256/256 257/257 244/244
f 244/244 257/257 258/258 245/245
f 245/245 258/258 259/259 246/246
f 246/246 259/259 260/260 247/247
f 248/248 261/261 262/262 249/249
f 249/249 262/262 263/263 250/250
f 250/250 263/263 264/264 251/251
f 251/251 264/264 265/265 252/252
f 252/252 265/265 266/266 253/253
f 253/253 266/266 267/267 254/254
f 254/254 267/267 268/268 255/255
f 255/255 268/268 269/269 256/256
f 256/256 269/269 270/270 257/257
f 257/257 270/270 271/271 258/258
f 258/258 271/271 272/272 259/259
f 259/259 272/272 273/273 260/260
f 261/261 274/274 275/275 262/262
f 262/262 275/275 276/276 263/263
f 263/263 276/276 277/277 264/264
f 264/264 277/277 278/278 265/265
f 265/265 278/278 279/279 266/266
f 266/266 279/279 280/280 267/267
f 267/267 280/280 281/281 268/268
f 268/268 281/281 282/282 269/269
f 269/269 282/282 283/283 270/270
f 270/270 283/283 284/284 271/271
f 271/271 284/284 285/285 272/272
f 272/272 285/285 286/286 273/273
f 274/274 287/287 288/288 275/275
f 275/275 288/288 289/289 276/276
f 276/276 289/289 290/290 277/277
f 277/277 290/290 291/291 278/278
f 278/278 291/291 292/292 279/279
f 279/279 292/292 293/293 280/280
f 280/280 293/293 294/294 281/281
f 281/281 294/294 295/295 282/282
f 282/282 295/295 296/296 283/283
f 283/283 296/296 297/297 284/284
f 284/284 297/297 298/298 285/285
f 285/285 298/298 299/299 286/286
f 287/287 300/300 301/301 288/288
f 288/288 301/301 302/302 289/289
f 289/289 302/302 303/303 290/290
f 290/290 303/303 304/304 291/291
f 291/291 304/304 305/305 292/292
f 292/292 305/305 306/306 293/293
f 293/293 306/306 307/307 294/294
f 294/294 307/307 308/308 295/295
f 295/295 308/308 309/309 296/296
f 296/296 309/309 310/310 297/297
f 297/297 310/310 311/311 298/298
f 298/298 311/311 312/312 299/299
f 300/300 313/313 314/314 301/301
f 301/301 314/314 315/315 302/302
f 302/302 315/315 316/316 303/303
f 303/303 316/316 317/317 304/304
f 304/304 317/317 318/318 305/305
f 305/305 318/318 319/319 306/306
f 306/306 319/319 320/320 307/307
f 307/307 320/320 321/321 308/308
f 308/308 321/321 322/322 309/309
f 309/309 322/322 323/323 310/310
f 310/310 323/323 324/324 311/311
f 311/311 324/324 325/325 312/312
f 326/326 339/339 340/340 327/327
f 327/327 340/340 341/341 328/328
f 328/328 341/341 342/342 329/329
f 329/329 342/342 343/343 330/330
f 330/330 343/343 344/344 331/331
f 331/331 344/344 345/345 332/332
f 332/332 345/345 346/346 333/333
f 333/333 346/346 347/347 334/334
f 334/334 347/347 348/348 335/335
f 335/335 348/348 349/349 336/336
f 336/336 349/349 350/350 337/337
f 337/337 350/350 351/351 338/338
f 339/339 352/352 353/353 340/340
f 340/340 353/353 354/354 341/341
f 341/341 354/354 355/355 342/342
f 342/342 355/355 356/356 343/343
f 343/343 356/356 357/357 344/344
f 344/344 357/357 358/358 345/345
f 345/345 358/358 359/359 346/346
f 346/346 359/359 360/360 347/347
f 347/347 360/360 361/361 348/348
f 348/348 361/361 362/362 349/349
f 349/349 362/362 363/363 350/350
f 350/350 363/363 364/364 351/351
f 352/352 365/365 366/366 353/353
f 353/353 366/366 367/367 354/354
f 354/354 367/367 368/368 355/355
f 355/355 368/368 369/369 356/356
f 356/356 369/369 370/370 357/357
f 357/357 370/370 371/371 358/358
f 358/358 371/371 372/372 359/359
f 359/359 372/372 373/373 360/360
f 360/360 373/373 374/374 361/361
f 361/361 374/374 375/375 362/362
f 362/362 375/375 376/376 363/363
f 363/363 376/376 377/377 364/364
f 365/365 378/378 379/379 366/366
f 366/366 379/379 380/380 367/367
f 367/367 380/380 381/381 368/368
f 368/368 381/381 382/382 369/369
f 369/369 382/382 383/383 370/370
f 370/370 383/383 384/384 371/371
f 371/371 384/384 385/385 372/372
f 372/372 385/385 386/386 373/373
f 373/373 386/386 387/387 374/374
f 374/374 387/387 388/388 375/375
f 375/375 388/388 389/389 376/376
f 376/376 389/389 390/390 377/377
f 378/378 391/391 392/392 379/379
f 379/379 392/392 393/393 380/380
f 380/380 393/393 394/394 381/381
f 381/381 394/394 395/395 382/382
f 382/382 395/395 396/396 383/383
f 383/383 396/396 397/397 384/384
f 384/384 397/397 398/398 385/385
f 385/385 398/398 399/399 386/386
f 386/386 399/399 400/400 387/387
f 387/387 400/400 401/401 388/388
f 388/388 401/401 402/402 389/389
f 389/389 402/402 403/403 390/390
f 391/391 404/404 405/405 392/392
f 392/392 405/405 406/406 393/393
f 393/393 406/406 407/407 394/394
f 394/394 407/407 408/408 395/395
f 395/395 408/408 409/409 396/396
f 396/396 409/409 410/410 397/397
f 397/397 410/410 411/411 398/398
f 398/398 411/411 412/412 399/399
f 399/399 412/412 413/413 400/400
f 400/400 413/413 414/414 401/401
f 401/401 414/414 415/415 402/402
f 402/402 415/415 416/416 403/403
f 404/404 417/417 418/418 405/405
f 405/405 418/418 419/419 406/406
f 406/406 419/419 420/420 407/407
f 407/407 420/420 421/421 408/408
f 408/408 421/421 422/422 409/409
f 409/409 422/422 423/423 410/410
f 410/410 423/423 424/424 411/411
f 411/411 424/424 425/425 412/412
f 412/412 425/425 426/426 413/413
f 413/413 426/426 427/427 414/414
f 414/414 427/427 428/428 415/415
f 415/415 428/428 429/429 416/416
f 417/417 430/430 431/431 418/418
f 418/418 431/431 432/432 419/419
f 419/419 432/432 433/433 420/420
f 420/420 433/433 434/434 421/421
f 421/421 434/434 435/435 422/422
f 422/422 435/435 436/436 423/423
f 423/423 436/436 437/437 424/424
f 424/424 437/437 438/438 425/425
f 425/425 438/438 439/439 426/426
f 426/426 439/439 440/440 427/427
f 427/427 440/440 441/441 428/428
f 428/428 441/441 442/442 429/429
f 430/430 443/443 444/444 431/431
f 431/431 444/444 445/445 432/432
f 432/432 445/445 446/446 433/433
f 433/433 446/446 447/447 434/434
f 434/434 447/447 448/448 435/435
f 435/435 448/448 449/449 436/436
f 436/436 449/449 450/450 437/437
f 437/437 450/450 451/451 438/438
f 438/438 451/451 452/452 439/439
f 439/439 452/452 453/453 440/440
f 440/440 453/453 454/454 441/441
f 441/441 454/454 455/455 442/442
f 443/443 456/456 457/457 444/444
f 444/444 457/457 458/458 445/445
f 445/445 458/458 459/459 446/446
f 446/446 459/459 460/460 447/447
f 447/447 460/460 461/461 448/448
f 448/448 461/461 462/462 449/449
f 449/449 462/462 463/463 450/450
f 450/450 463/463 464/464 451/451
f 451/451 464/464 465/465 452/452
f 452/452 465/465 466/466 453/453
f 453/453 466/466 467/467 454/454
f 454/454 467/467 468/468 455/455
f 456/456 469/469 470/470 457/457
f 457/457 470/470 471/471 458/458
f 458/458 471/471 472/472 459/459
f 459/459 472/472 473/473 460/460
f 460/460 473/473 474/474 461/461
f 461/461 474/474 475/475 462/462
f 462/462 475/475 476/476 463/463
f 463/463 476/476 477/477 464/464
f 464/464 477/477 478/478 465/465
f 465/465 478/478 479/479 466/466
f 466/466 479/479 480/480 467/467
f 467/467 480/480 481/481 468/468
f 469/469 482/482 483/483 470/470
f 470/470 483/483 484/484 471/471
f 471/471 484/484 485/485 472/472
f 472/472 485/485 486/486 473/473
f 473/473 486/486 487/487 474/474
f 474/474 487/487 488/488 475/475
f 475/475 488/488 489/489 476/476
f 476/476 489/489 490/490 477/477
f 477/477 490/490 491/491 478/478
f 478/478 491/491 492/492 479/479
f 479/479 492/492 493/493 480/480
f 480/480 493/493 494/494 481/481
f 482/482 495/495 496/496 483/483
f 483/483 496/496 497/497 484/484
f 484/484 497/497 498/498 485/485
f 485/485 498/498 499/499 486/486
f 486/486 499/499 500/500 487/487
f 487/487 500/500 501/501 488/488
f 488/488 501/501 502/502 489/489
f 489/489 502/502 503/503 490/490
f 490/490 503/503 504/504 491/491
f 491/491 504/504 505/505 492/492
f 492/492 505/505 506/506 493/493
f 493/493 506/506 507/507 494/494
f 495/495 508/508 509/509 496/496
f 496/496 509/509 510/510 497/497
f 497/497 510/510 511/511 498/498
f 498/498 511/511 512/512 499/499
f 499/499 512/512 513/513 500/500
f 500/500 513/513 514/514 501/501
f 501/501 514/514 515/515 502/502
f 502/502 515/515 516/516 503/503
f 503/503 516/516 517/517 504/504
f 504/504 517/517 518/518 505/505
f 505/505 518/518 519/519 506/506
f 506/506 519/519 520/520 507/507
f 508/508 521/521 522/522 509/509
f 509/509 522/522 523/523 510/510
f 510/510 523/523 524/524 511/511
f 511/511 524/524 525/525 512/512
f 512/512 525/525 526/526 513/513
f 513/513 526/526 527/527 514/514
f 514/514 527/527 528/528 515/515
f 515/515 528/528 529/529 516/516
f 516/516 529/529 530/530 517/517
f 517/517 530/530 531/531 518/518
f 518/518 531/531 532/532 519/519
f 519/519 532/532 533/533 520/520
f 521/521 534/534 535/535 522/522
f 522/522 535/535 536/536 523/523
f 523/523 536/536 537/537 524/524
f 524/524 537/537 538/538 525/525
f 525/525 538/538 539/539 526/526
f 526/526 539/539 540/540 527/527
f 527/527 540/540 541/541 528/528
f 528/528 541/541 542/542 529/529
f 529/529 542/542 543/543 530/530
f 530/530 543/543 544/544 531/531
f 531/531 544/544 545/545 532/532
f 532/532 545/545 546/546 533/533
f 534/534 547/547 548/548 535/535
f 535/535 548/548 549/549 536/536
f 536/536 549/549 550/550 537/537
f 537/537 550/550 551/551 538/538
f 538/538 551/551 552/552 539/539
f 539/539 552/552 553/553 540/540
f 540/540 553/553 554/554 541/541
f 541/541 554/554 555/555 542/542
f 542/542 555/555 556/556 543/543
f 543/543 556/556 557/557 544/544
f 544/544 557/557 558/558 545/545
f 545/545 558/558 559/559 546/546
f 547/547 560/560 561/561 548/548
f 548/548 561/561 562/562 549/549
f 549/549 562/562 563/563 550/550
f 550/550 563/563 564/564 551/551
f 551/551 564/564 565/565 552/552
f 552/552 565/565 566/566 553/553
f 553/553 566/566 567/567 554/554
f 554/554 567/567 568/568 555/555
f 555/555 568/568 569/569 556/556
f 556/556 569/569 570/570 557/557
f 557/557 570/570 571/571 558/558
f 558/558 571/571 572/572 559/559
f 560/560 573/573 574/574 561/561
f 561/561 574/574 575/575 562/562
f 562/562 575/575 576/576 563/563
f 563/563 576/576 577/577 564/564
f 564/564 577/577 578/578 565/565
f 565/565 578/578 579/579 566/566
f 566/566 579/579 580/580 567/567
f 567/567 580/580 581/581 568/568
f 568/568 581/581 582/582 569/569
f 569/569 582/582 583/583 570/570
f 570/570 583/583 584/584 571/571
f 571/571 584/584 585/585 572/572
f 573/573 586/586 587/587 574/574
f 574/574 587/587 588/588 575/575
f 575/575 588/588 589/589 576/576
f 576/576 589/589 590/590 577/577
f 577/577 590/590 591/591 578/578
f 578/578 591/591 592/592 579/579
f 579/579 592/592 593/593 580/580
f 580/580 593/593 594/594 581/581
f 581/581 594/594 595/595 582/582
f 582/582 595/595 596/596 583/583
f 583/583 596/596 597/597 584/584
f 584/584 597/597 598/598 585/585
f 586/586 599/599 600/600 587/587
f 587/587 600/600 601/601 588/588
f 588/588 601/601 602/602 589/589
f 589/589 602/602 603/603 590/590
f 590/590 603/603 604/604 591/591
f 591/591 604/604 605/605 592/592
f 592/592 605/605 606/606 593/593
f 593/593 606/606 607/607 594/594
f 594/594 607/607 608/608 595/595
f 595/595 608/608 609/609 596/596
f 596/596 609/609 610/610 597/597
f 597/597 610/610 611/611 598/598
f 599/599 612/612 613/613 600/600
f 600/600 613/613 614/614 601/601
f 601/601 614/614 615/615 602/602
f 602/602 615/615 616/616 603/603
f 603/603 616/616 617/617 604/604
f 604/604 617/617 618/618 605/605
f 605/605 618/618 619/619 606/606
f 606/606 619/619 620/620 607/607
f 607/607 620/620 621/621 608/608
f 608/608 621/621 622/622 609/609
f 609/609 622/622 623/623 610/610
f 610/610 623/623 624/624 611/611
f 612/612 625/625 626/626 613/613
f 613/613 626/626 627/627 614/614
f 614/614 627/627 628/628 615/615
f 615/615 628/628 629/629 616/616
f 616/616 629/629 630/630 617/617
f 617/617 630/630 631/631 618/618
f 618/618 631/631 632/632 619/619
f 619/619 632/632 633/633 620/620
f 620/620 633/633 634/634 621/621
f 621/621 634/634 635/635 622/622
f 622/622 635/635 636/636 623/623
f 623/623 636/636 637/637 624/624
f 625/625 638/638 639/639 626/626
f 626/626 639/639 640/640 627/627
f 627/627 640/640 641/641 628/628
f 628/628 641/641 642/642 629/629
f 629/629 642/642 643/643 630/630
f 630/630 643/643 644/644 631/631
f 631/631 644/644 645/645 632/632
f 632/632 645/645 646/646 633/633
f 633/633 646/646 647/647 634/634
f 634/634 647/647 648/648 635/635
f 635/635 648/648 649/649 636/636
f 636/636 649/649 650/650 637/637
f 651/651 653/653 654/654
f 652/652 1004/1004 1003/1003
f 651/651 654/654 655/655
f 652/652 1005/1005 1004/1004
f 651/651 655/655 656/656
f 652/652 1006/1006 1005/1005
f 651/651 656/656 657/657
f 652/652 1007/1007 1006/1006
f 651/651 657/657 658/658
f 652/652 1008/1008 1007/1007
f 651/651 658/658 659/659
f 652/652 1009/1009 1008/1008
f 651/651 659/659 660/660
f 652/652 1010/1010 1009/1009
f 651/651 660/660 661/661
f 652/652 1011/1011 1010/1010
f 651/651 661/661 662/662
f 652/652 1012/1012 1011/1011
f 651/651 662/662 663/663
f 652/652 1013/1013 1012/1012
f 651/651 663/663 664/664
f 652/652 1014/1014 1013/1013
f 651/651 664/664 665/665
f 652/652 1015/1015 1014/1014
f 651/651 665/665 666/666
f 652/652 1016/1016 1015/1015
f 651/651 666/666 667/667
f 652/652 1017/1017 1016/1016
f 651/651 667/667 668/668
f 652/652 1018/1018 1017/1017
f 651/651 668/668 669/669
f 652/652 1019/1019 1018/1018
f 651/651 669/669 670/670
f 652/652 1020/1020 1019/1019
f 651/651 670/670 671/671
f 652/652 1021/1021 1020/1020
f 651/651 671/671 672/672
f 652/652 1022/1022 1021/1021
f 651/651 672/672 673/673
f 652/652 1023/1023 1022/1022
f 651/651 673/673 674/674
f 652/652 1024/1024 1023/1023
f 651/651 674/674 675/675
f 652/652 1025/1025 1024/1024
f 651/651 675/675 676/676
f 652/652 1026/1026 1025/1025
f 651/651 676/676 677/677
f 652/652 1027/1027 1026/1026
f 653/653 678/678 679/679 654/654
f 654/654 679/679 680/680 655/655
f 655/655 680/680 681/681 656/656
f 656/656 681/681 682/682 657/657
f 657/657 682/682 683/683 658/658
f 658/658 683/683 684/684 659/659
f 659/659 684/684 685/685 660/660
f 660/660 685/685 686/686 661/661
f 661/661 686/686 687/687 662/662
f 662/662 687/687 688/688 663/663
f 663/663 688/688 689/689 664/664
f 664/664 689/689 690/690 665/665
f 665/665 690/690 691/691 666/666
f 666/666 691/691 692/692 667/667
f 667/667 692/692 693/693 668/668
f 668/668 693/693 694/694 669/669
f 669/669 694/694 695/695 670/670
f 670/670 695/695 696/696 671/671
f 671/671 696/696 697/697 672/672
f 672/672 697/697 698/698 673/673
f 673/673 698/698 699/699 674/674
f 674/674 699/699 700/700 675/675
f 675/675 700/700 701/701 676/676
f 676/676 701/701 702/702 677/677
f 678/678 703/703 704/704 679/679
f 679/679 704/704 705/705 680/680
f 680/680 705/705 706/706 681/681
f 681/681 706/706 707/707 682/682
f 682/682 707/707 708/708 683/683
f 683/683 708/708 709/709 684/684
f 684/684 709/709 710/710 685/685
f 685/685 710/710 711/711 686/686
f 686/686 711/711 712/712 687/687
f 687/687 712/712 713/713 688/688
f 688/688 713/713 714/714 689/689
f 689/689 714/714 715/715 690/690
f 690/690 715/715 716/716 691/691
f 691/691 716/716 717/717 692/692
f 692/692 717/717 718/718 693/693
f 693/693 718/718 719/719 694/694
f 694/694 719/719 720/720 695/695
f 695/695 720/720 721/721 696/696
f 696/696 721/721 722/722 697/697
f 697/697 722/722 723/723 698/698
f 698/698 723/723 724/724 699/699
f 699/699 724/724 725/725 700/700
f 700/700 725/725 726/726 701/701
f 701/701 726/726 727/727 702/702
f 703/703 728/728 729/729 704/704
f 704/704 729/729 730/730 705/705
f 705/705 730/730 731/731 706/706
f 706/706 731/731 732/732 707/707
f 707/707 732/732 733/733 708/708
f 708/708 733/733 734/734 709/709
f 709/709 734/734 735/735 710/710
f 710/710 735/735 736/736 711/711
f 711/711 736/736 737/737 712/712
f 712/712 737/737 738/738 713/713
f 713/713 738/738 739/739 714/714
f 714/714 739/739 740/740 715/715
f 715/715 740/740 741/741 716/716
f 716/716 741/741 742/742 717/717
f 717/717 742/742 743/743 718/718
f 718/718 743/743 744/744 719/719
f 719/719 744/744 745/745 720/720
f 720/720 745/745 746/746 721/721
f 721/721 746/746 747/747 722/722
f 722/722 747/747 748/748 723/723
f 723/723 748/748 749/749 724/724
f 724/724 749/749 750/750 725/725
f 725/725 750/750 751/751 726/726
f 726/726 751/751 752/752 727/727
f 728/728 753/753 754/754 729/729
f 729/729 754/754 755/755 730/730
f 730/730 755/755 756/756 731/731
f 731/731 756/756 757/757 732/732
f 732/732 757/757 758/758 733/733
f 733/733 758/758 759/759 734/734
f 734/734 759/759 760/760 735/735
f 735/735 760/760 761/761 736/736
f 736/736 761/761 762/762 737/737
f 737/737 762/762 763/763 738/738
f 738/738 763/763 764/764 739/739
f 739/739 764/764 765/765 740/740
f 740/740 765/765 766/766 741/741
f 741/741 766/766 767/767 742/742
f 742/742 767/767 768/768 743/743
f 743/743 768/768 769/769 744/744
f 744/744 769/769 770/770 745/745
f 745/745 770/770 771/771 746/746
f 746/746 771/771 772/772 747/747
f 747/747 772/772 773/773 748/748
f 748/748 773/773 774/774 749/749
f 749/749 774/774 775/775 750/750
f 750/750 775/775 776/776 751/751
f 751/751 776/776 777/777 752/752
f 753/753 778/778 779/779 754/754
f 754/754 779/779 780/780 755/755
f 755/755 780/780 781/781 756/756
f 756/756 781/781 782/782 757/757
f 757/757 782/782 783/783 758/758
f 758/758 783/783 784/784 759/759
f 759/759 784/784 785/785 760/760
f 760/760 785/785 786/786 761/761
f 761/761 786/786 787/787 762/762
f 762/762 787/787 788/788 763/763
f 763/763 788/788 789/789 764/764
f 764/764 789/789 790/790 765/765
f 765/765 790/790 791/791 766/766
f 766/766 791/791 792/792 767/767
f 767/767 792/792 793/793 768/768
f 768/768 793/793 794/794 769/769
f 769/769 794/794 795/795 770/770
f 770/770 795/795 796/796 771/771
f 771/771 796/796 797/797 772/772
f 772/772 797/797 798/798 773/773
f 773/773 798/798 799/799 774/774
f 774/774 799/799 800/800 775/775
f 775/775 800/800 801/801 776/776
f 776/776 801/801 802/802 777/777
f 778/778 803/803 804/804 779/779
f 779/779 804/804 805/805 780/780
f 780/780 805/805 806/806 781/781
f 781/781 806/806 807/807 782/782
f 782/782 807/807 808/808 783/783
f 783/783 808/808 809/809 784/784
f 784/784 809/809 810/810 785/785
f 785/785 810/810 811/811 786/786
f 786/786 811/811 812/812 787/787
f 787/787 812/812 813/813 788/788
f 788/788 813/813 814/814 789/789
f 789/789 814/814 815/815 790/790
f 790/790 815/815 816/816 791/791
f 791/791 816/816 817/817 792/792
f 792/792 817/817 818/818 793/793
f 793/793 818/818 819/819 794/794
f 794/794 819/819 820/820 795/795
f 795/795 820/820 821/821 796/796
f 796/796 821/821 822/822 797/797
f 797/797 822/822 823/823 798/798
f 798/798 823/823 824/824 799/799
f 799/799 824/824 825/825 800/800
f 800/800 825/825 826/826 801/801
f 801/801 826/826 827/827 802/802
f 803/803 828/828 829/829 804/804
f 804/804 829/829 830/830 805/805
f 805/805 830/830 831/831 806/806
f 806/806 831/831 832/832 807/807
f 807/807 832/832 833/833 808/808
f 808/808 833/833 834/834 809/809
f 809/809 834/834 835/835 810/810
f 810/810 835/835 836/836 811/811
f 811/811 836/836 837/837 812/812
f 812/812 837/837 838/838 813/813
f 813/813 838/838 839/839 814/814
f 814/814 839/839 840/840 815/815
f 815/815 840/840 841/841 816/816
f 816/816 841/841 842/842 817/817
f 817/817 842/842 843/843 818/818
f 818/818 843/843 844/844 819/819
f 819/819 844/844 845/845 820/820
f 820/820 845/845 846/846 821/821
f 821/821 846/846 847/847 822/822
f 822/822 847/847 848/848 823/823
f 823/823 848/848 849/849 824/824
f 824/824 849/849 850/850 825/825
f 825/825 850/850 851/851 826/826
f 826/826 851/851 852/852 827/827
f 828/828 853/853 854/854 829/829
f 829/829 854/854 855/855 830/830
f 830/830 855/855 856/856 831/831
f 831/831 856/856 857/857 832/832
f 832/832 857/857 858/858 833/833
f 833/833 858/858 859/859 834/834
f 834/834 859/859 860/860 835/835
f 835/835 860/860 861/861 836/836
f 836/836 861/861 862/862 837/837
f 837/837 862/862 863/863 838/838
f 838/838 863/863 864/864 839/839
f 839/839 864/864 865/865 840/840
f 840/840 865/865 866/866 841/841
f 841/841 866/866 867/867 842/842
f 842/842 867/867 868/868 843/843
f 843/843 868/868 869/869 844/844
f 844/844 869/869 870/870 845/845
f 845/845 870/870 871/871 846/846
f 846/846 871/871 872/872 847/847
f 847/847 872/872 873/873 848/848
f 848/848 873/873 874/874 849/849
f 849/849 874/874 875/875 850/850
f 850/850 875/875 876/876 851/851
f 851/851 876/876 877/877 852/852
f 853/853 878/878 879/879 854/854
f 854/854 879/879 880/880 855/855
f 855/855 880/880 881/881 856/856
f 856/856 881/881 882/882 857/857
f 857/857 882/882 883/883 858/858
f 858/858 883/883 884/884 859/859
f 859/859 884/884 885/885 860/860
f 860/860 885/885 886/886 861/861
f 861/861 886/886 887/887 862/862
f 862/862 887/887 888/888 863/863
f 863/863 888/888 889/889 864/864
f 864/864 889/889 890/890 865/865
f 865/865 890/890 891/891 866/866
f 866/866 891/891 892/892 867/867
f 867/867 892/892 893/893 868/868
f 868/868 893/893 894/894 869/869
f 869/869 894/894 895/895 870/870
f 870/870 895/895 896/896 871/871
f 871/871 896/896 897/897 872/872
f 872/872 897/897 898/898 873/873
f 873/873 898/898 899/899 874/874
f 874/874 899/899 900/900 875/875
f 875/875 900/900 901/901 876/876
f 876/876 901/901 902/902 877/877
f 878/878 903/903 904/904 879/879
f 879/879 904/904 905/905 880/880
f 880/880 905/905 906/906 881/881
f 881/881 906/906 907/907 882/882
f 882/882 907/907 908/908 883/883
f 883/883 908/908 909/909 884/884
f 884/884 909/909 910/910 885/885
f 885/885 910/910 911/911 886/886
f 886/886 911/911 912/912 887/887
f 887/887 912/912 913/913 888/888
f 888/888 913/913 914/914 889/889
f 889/889 914/914 915/915 890/890
f 890/890 915/915 916/916 891/891
f 891/891 916/916 917/917 892/892
f 892/892 917/917 918/918 893/893
f 893/893 918/918 919/919 894/894
f 894/894 919/919 920/920 895/895
f 895/895 920/920 921/921 896/896
f 896/896 921/921 922/922 897/897
f 897/897 922/922 923/923 898/898
f 898/898 923/923 924/924 899/899
f 899/899 924/924 925/925 900/900
f 900/900 925/925 926/926 901/901
f 901/901 926/926 927/927 902/902
f 903/903 928/928 929/929 904/904
f 904/904 929/929 930/930 905/905
f 905/905 930/930 931/931 906/906
f 906/906 931/931 932/932 907/907
f 907/907 932/932 933/933 908/908
f 908/908 933/933 934/934 909/909
f 909/909 934/934 935/935 910/910
f 910/910 935/935 936/936 911/911
f 911/911 936/936 937/937 912/912
f 912/912 937/937 938/938 913/913
f 913/913 938/938 939/939 914/914
f 914/914 939/939 940/940 915/915
f 915/915 940/940 941/941 916/916
f 916/916 941/941 942/942 917/917
f 917/917 942/942 943/943 918/918
f 918/918 943/943 944/944 919/919
f 919/919 944/944 945/945 920/920
f 920/920 945/945 946/946 921/921
f 921/921 946/946 947/947 922/922
f 922/922 947/947 948/948 923/923
f 923/923 948/948 949/949 924/924
f 924/924 949/949 950/950 925/925
f 925/925 950/950 951/951 926/926
f 926/926 951/951 952/952 927/927
f 928/928 953/953 954/954 929/929
f 929/929 954/954 955/955 930/930
f 930/930 955/955 956/956 931/931
f 931/931 956/956 957/957 932/932
f 932/932 957/957 958/958 933/933
f 933/933 958/958 959/959 934/934
f 934/934 959/959 960/960 935/935
f 935/935 960/960 961/961 936/936
f 936/936 961/961 962/962 937/937
f 937/937 962/962 963/963 938/938
f 938/938 963/963 964/964 939/939
f 939/939 964/964 965/965 940/940
f 940/940 965/965 966/966 941/941
f 941/941 966/966 967/967 942/942
f 942/942 967/967 968/968 943/943
f 943/943 968/968 969/969 944/944
f 944/944 969/969 970/970 945/945
f 945/945 970/970 971/971 946/946
f 946/946 971/971 972/972 947/947
f 947/947 972/972 973/973 948/948
f 948/948 973/973 974/974 949/949
f 949/949 974/974 975/975 950/950
f 950/950 975/975 976/976 951/951
f 951/951 976/976 977/977 952/952
f 953/953 978/978 979/979 954/954
f 954/954 979/979 980/980 955/955
f 955/955 980/980 981/981 956/956
f 956/956 981/981 982/982 957/957
f 957/957 982/982 983/983 958/958
f 958/958 983/983 984/984 959/959
f 959/959 984/984 985/985 960/960
f 960/960 985/985 986/986 961/961
f 961/961 986/986 987/987 962/962
f 962/962 987/987 988/988 963/963
f 963/963 988/988 989/989 964/964
f 964/964 989/989 990/990 965/965
f 965/965 990/990 991/991 966/966
f 966/966 991/991 992/992 967/967
f 967/967 992/992 993/993 968/968
f 968/968 993/993 994/994 969/969
f 969/969 994/994 995/995 970/970
f 970/970 995/995 996/996 971/971
f 971/971 996/996 997/997 972/972
f 972/972 997/997 998/998 973/973
f 973/973 998/998 999/999 974/974
f 974/974 999/999 1000/1000 975/975
f 975/975 1000/1000 1001/1001 976/976
f 976/976 1001/1001 1002/1002 977/977
f 978/978 1003/1003 1004/1004 979/979
f 979/979 1004/1004 1005/1005 980/980
f 980/980 1005/1005 1006/1006 981/981
f 981/981 1006/1006 1007/1007 982/982
f 982/982 1007/1007 1008/1008 983/983
f 983/983 1008/1008 1009/1009 984/984
f 984/984 1009/1009 1010/1010 985/985
f 985/985 1010/1010 1011/1011 986/986
f 986/986 1011/1011 1012/1012 987/987
f 987/987 1012/1012 1013/1013 988/988
f 988/988 1013/1013 1014/1014 989/989
f 989/989 1014/1014 1015/1015 990/990
f 990/990 1015/1015 1016/1016 991/991
f 991/991 1016/1016 1017/1017 992/992
f 992/992 1017/1017 1018/1018 993/993
f 993/993 1018/1018 1019/1019 994/994
f 994/994 1019/1019 1020/1020 995/995
f 995/995 1020/1020 1021/1021 996/996
f 996/996 1021/1021 1022/1022 997/997
f 997/997 1022/1022 1023/1023 998/998
f 998/998 1023/1023 1024/1024 999/999
f 999/999 1024/1024 1025/1025 1000/1000
f 1000/1000 1025/1025 1026/1026 1001/1001
f 1001/1001 1026/1026 1027/1027 1002/1002
f 1028/1028 1039/1039 1040/1040 1029/1029
f 1029/1029 1040/1040 1041/1041 1030/1030
f 1030/1030 1041/1041 1042/1042 1031/1031
f 1031/1031 1042/1042 1043/1043 1032/1032
f 1032/1032 1043/1043 1044/1044 1033/1033
f 1033/1033 1044/1044 1045/1045 1034/1034
f 1034/1034 1045/1045 1046/1046 1035/1035
f 1035/1035 1046/1046 1047/1047 1036/1036
f 1036/1036 1047/1047 1048/1048 1037/1037
f 1037/1037 1048/1048 1049/1049 1038/1038
f 1039/1039 1050/1050 1051/1051 1040/1040
f 1040/1040 1051/1051 1052/1052 1041/1041
f 1041/1041 1052/1052 1053/1053 1042/1042
f 1042/1042 1053/1053 1054/1054 1043/1043
f 1043/1043 1054/1054 1055/1055 1044/1044
f 1044/1044 1055/1055 1056/1056 1045/1045
f 1045/1045 1056/1056 1057/1057 1046/1046
f 1046/1046 1057/1057 1058/1058 1047/1047
f 1047/1047 1058/1058 1059/1059 1048/1048
f 1048/1048 1059/1059 1060/1060 1049/1049
f 1050/1050 1061/1061 1062/1062 1051/1051
f 1051/1051 1062/1062 1063/1063 1052/1052
f 1052/1052 1063/1063 1064/1064 1053/1053
f 1053/1053 1064/1064 1065/1065 1054/1054
f 1054/1054 1065/1065 1066/1066 1055/1055
f 1055/1055 1066/1066 1067/1067 1056/1056
f 1056/1056 1067/1067 1068/1068 1057/1057
f 1057/1057 1068/1068 1069/1069 1058/1058
f 1058/1058 1069/1069 1070/1070 1059/1059
f 1059/1059 1070/1070 1071/1071 1060/1060
f 1061/1061 1072/1072 1073/1073 1062/1062
f 1062/1062 1073/1073 1074/1074 1063/1063
f 1063/1063 1074/1074 1075/1075 1064/1064
f 1064/1064 1075/1075 1076/1076 1065/1065
f 1065/1065 1076/1076 1077/1077 1066/1066
f 1066/1066 1077/1077 1078/1078 1067/1067
f 1067/1067 1078/1078 1079/1079 1068/1068
f 1068/1068 1079/1079 1080/1080 1069/1069
f 1069/1069 1080/1080 1081/1081 1070/1070
f 1070/1070 1081/1081 1082/1082 1071/1071
f 1072/1072 1083/1083 1084/1084 1073/1073
f 1073/1073 1084/1084 1085/1085 1074/1074
f 1074/1074 1085/1085 1086/1086 1075/1075
f 1075/1075 1086/1086 1087/1087 1076/1076
f 1076/1076 1087/1087 1088/1088 1077/1077
f 1077/1077 1088/1088 1089/1089 1078/1078
f 1078/1078 1089/1089 1090/1090 1079/1079
f 1079/1079 1090/1090 1091/1091 1080/1080
f 1080/1080 1091/1091 1092/1092 1081/1081
f 1081/1081 1092/1092 1093/1093 1082/1082
f 1083/1083 1094/1094 1095/1095 1084/1084
f 1084/1084 1095/1095 1096/1096 1085/1085
f 1085/1085 1096/1096 1097/1097 1086/1086
f 1086/1086 1097/1097 1098/1098 1087/1087
f 1087/1087 1098/1098 1099/1099 1088/1088
f 1088/1088 1099/1099 1100/1100 1089/1089
f 1089/1089 1100/1100 1101/1101 1090/1090
f 1090/1090 1101/1101 1102/1102 1091/1091
f 1091/1091 1102/1102 1103/1103 1092/1092
f 1092/1092 1103/1103 1104/1104 1093/1093
f 1094/1094 1105/1105 1106/1106 1095/1095
f 1095/1095 1106/1106 1107/1107 1096/1096
f 1096/1096 1107/1107 1108/1108 1097/1097
f 1097/1097 1108/1108 1109/1109 1098/1098
f 1098/1098 1109/1109 1110/1110 1099/1099
f 1099/1099 1110/1110 1111/1111 1100/1100
f 1100/1100 1111/1111 1112/1112 1101/1101
f 1101/1101 1112/1112 1113/1113 1102/1102
f 1102/1102 1113/1113 1114/1114 1103/1103
f 1103/1103 1114/1114 1115/1115 1104/1104
f 1105/1105 1116/1116 1117/1117 1106/1106
f 1106/1106 1117/1117 1118/1118 1107/1107
f 1107/1107 1118/1118 1119/1119 1108/1108
f 1108/1108 1119/1119 1120/1120 1109/1109
f 1109/1109 1120/1120 1121/1121 1110/1110
f 1110/1110 1121/1121 1122/1122 1111/1111
f 1111/1111 1122/1122 1123/1123 1112/1112
f 1112/1112 1123/1123 1124/1124 1113/1113
f 1113/1113 1124/1124 1125/1125 1114/1114
f 1114/1114 1125/1125 1126/1126 1115/1115
f 1116/1116 1127/1127 1128/1128 1117/1117
f 1117/1117 1128/1128 1129/1129 1118/1118
f 1118/1118 1129/1129 1130/1130 1119/1119
f 1119/1119 1130/1130 1131/1131 1120/1120
f 1120/1120 1131/1131 1132/1132 1121/1121
f 1121/1121 1132/1132 1133/1133 1122/1122
f 1122/1122 1133/1133 1134/1134 1123/1123
f 1123/1123 1134/1134 1135/1135 1124/1124
f 1124/1124 1135/1135 1136/1136 1125/1125
f 1125/1125 1136/1136 1137/1137 1126/1126
f 1127/1127 1138/1138 1139/1139 1128/1128
f 1128/1128 1139/1139 1140/1140 1129/1129
f 1129/1129 1140/1140 1141/1141 1130/1130
f 1130/1130 1141/1141 1142/1142 1131/1131
f 1131/1131 1142/1142 1143/1143 1132/1132
f 1132/1132 1143/1143 1144/1144 1133/1133
f 1133/1133 1144/1144 1145/1145 1134/1134
f 1134/1134 1145/1145 1146/1146 1135/1135
f 1135/1135 1146/1146 1147/1147 1136/1136
f 1136/1136 1147/1147 1148/1148 1137/1137
f 1138/1138 1149/1149 1150/1150 1139/1139
f 1139/1139 1150/1150 1151/1151 1140/1140
f 1140/1140 1151/1151 1152/1152 1141/1141
f 1141/1141 1152/1152 1153/1153 1142/1142
f 1142/1142 1153/1153 1154/1154 1143/1143
f 1143/1143 1154/1154 1155/1155 1144/1144
f 1144/1144 1155/1155 1156/1156 1145/1145
f 1145/1145 1156/1156 1157/1157 1146/1146
f 1146/1146 1157/1157 1158/1158 1147/1147
f 1147/1147 1158/1158 1159/1159 1148/1148
f 1149/1149 1160/1160 1161/1161 1150/1150
f 1150/1150 1161/1161 1162/1162 1151/1151
f 1151/1151 1162/1162 1163/1163 1152/1152
f 1152/1152 1163/1163 1164/1164 1153/1153
f 1153/1153 1164/1164 1165/1165 1154/1154
f 1154/1154 1165/1165 1166/1166 1155/1155
f 1155/1155 1166/1166 1167/1167 1156/1156
f 1156/1156 1167/1167 1168/1168 1157/1157
f 1157/1157 1168/1168 1169/1169 1158/1158
f 1158/1158 1169/1169 1170/1170 1159/1159
f 1160/1160 1171/1171 1172/1172 1161/1161
f 1161/1161 1172/1172 1173/1173 1162/1162
f 1162/1162 1173/1173 1174/1174 1163/1163
f 1163/1163 1174/1174 1175/1175 1164/1164
f 1164/1164 1175/1175 1176/1176 1165/1165
f 1165/1165 1176/1176 1177/1177 1166/1166
f 1166/1166 1177/1177 1178/1178 1167/1167
f 1167/1167 1178/1178 1179/1179 1168/1168
f 1168/1168 1179/1179 1180/1180 1169/1169
f 1169/1169 1180/1180 1181/1181 1170/1170
f 1171/1171 1182/1182 1183/1183 1172/1172
f 1172/1172 1183/1183 1184/1184 1173/1173
f 1173/1173 1184/1184 1185/1185 1174/1174
f 1174/1174 1185/1185 1186/1186 1175/1175
f 1175/1175 1186/1186 1187/1187 1176/1176
f 1176/1176 1187/1187 1188/1188 1177/1177
f 1177/1177 1188/1188 1189/1189 1178/1178
f 1178/1178 1189/1189 1190/1190 1179/1179
f 1179/1179 1190/1190 1191/1191 1180/1180
f 1180/1180 1191/1191 1192/1192 1181/1181
f 1182/1182 1193/1193 1194/1194 1183/1183
f 1183/1183 1194/1194 1195/1195 1184/1184
f 1184/1184 1195/1195 1196/1196 1185/1185
f 1185/1185 1196/1196 1197/1197 1186/1186
f 1186/1186 1197/1197 1198/1198 1187/1187
f 1187/1187 1198/1198 1199/1199 1188/1188
f 1188/1188 1199/1199 1200/1200 1189/1189
f 1189/1189 1200/1200 1201/1201 1190/1190
f 1190/1190 1201/1201 1202/1202 1191/1191
f 1191/1191 1202/1202 1203/1203 1192/1192
f 1193/1193 1204/1204 1205/1205 1194/1194
f 1194/1194 1205/1205 1206/1206 1195/1195
f 1195/1195 1206/1206 1207/1207 1196/1196
f 1196/1196 1207/1207 1208/1208 1197/1197
f 1197/1197 1208/1208 1209/1209 1198/1198
f 1198/1198 1209/1209 1210/1210 1199/1199
f 1199/1199 1210/1210 1211/1211 1200/1200
f 1200/1200 1211/1211 1212/1212 1201/1201
f 1201/1201 1212/1212 1213/1213 1202/1202
f 1202/1202 1213/1213 1214/1214 1203/1203
f 1204/1204 1215/1215 1216/1216 1205/1205
f 1205/1205 1216/1216 1217/1217 1206/1206
f 1206/1206 1217/1217 1218/1218 1207/1207
f 1207/1207 1218/1218 1219/1219 1208/1208
f 1208/1208 1219/1219 1220/1220 1209/1209
f 1209/1209 1220/1220 1221/1221 1210/1210
f 1210/1210 1221/1221 1222/1222 1211/1211
f 1211/1211 1222/1222 1223/1223 1212/1212
f 1212/1212 1223/1223 1224/1224 1213/1213
f 1213/1213 1224/1224 1225/1225 1214/1214
f 1215/1215 1226/1226 1227/1227 1216/1216
f 1216/1216 1227/1227 1228/1228 1217/1217
f 1217/1217 1228/1228 1229/1229 1218/1218
f 1218/1218 1229/1229 1230/1230 1219/1219
f 1219/1219 1230/1230 1231/1231 1220/1220
f 1220/1220 1231/1231 1232/1232 1221/1221
f 1221/1221 1232/1232 1233/1233 1222/1222
f 1222/1222 1233/1233 1234/1234 1223/1223
f 1223/1223 1234/1234 1235/1235 1224/1224
f 1224/1224 1235/1235 1236/1236 1225/1225
f 1226/1226 1237/1237 1238/1238 1227/1227
f 1227/1227 1238/1238 1239/1239 1228/1228
f 1228/1228 1239/1239 1240/1240 1229/1229
f 1229/1229 1240/1240 1241/1241 1230/1230
f 1230/1230 1241/1241 1242/1242 1231/1231
f 1231/1231 1242/1242 1243/1243 1232/1232
f 1232/1232 1243/1243 1244/1244 1233/1233
f 1233/1233 1244/1244 1245/1245 1234/1234
f 1234/1234 1245/1245 1246/1246 1235/1235
f 1235/1235 1246/1246 1247/1247 1236/1236
f 1237/1237 1248/1248 1249/1249 1238/1238
f 1238/1238 1249/1249 1250/1250 1239/1239
f 1239/1239 1250/1250 1251/1251 1240/1240
f 1240/1240 1251/1251 1252/1252 1241/1241
f 1241/1241 1252/1252 1253/1253 1242/1242
f 1242/1242 1253/1253 1254/1254 1243/1243
f 1243/1243 1254/1254 1255/1255 1244/1244
f 1244/1244 1255/1255 1256/1256 1245/1245
f 1245/1245 1256/1256 1257/1257 1246/1246
f 1246/1246 1257/1257 1258/1258 1247/1247
f 1259/1259 1269/1269 1270/1270 1260/1260
f 1260/1260 1270/1270 1271/1271 1261/1261
f 1261/1261 1271/1271 1272/1272 1262/1262
f 1262/1262 1272/1272 1273/1273 1263/1263
f 1263/1263 1273/1273 1274/1274 1264/1264
f 1264/1264 1274/1274 1275/1275 1265/1265
f 1265/1265 1275/1275 1276/1276 1266/1266
f 1266/1266 1276/1276 1277/1277 1267/1267
f 1267/1267 1277/1277 1278/1278 1268/1268
f 1269/1269 1279/1279 1280/1280 1270/1270
f 1270/1270 1280/1280 1281/1281 1271/1271
f 1271/1271 1281/1281 1282/1282 1272/1272
f 1272/1272 1282/1282 1283/1283 1273/1273
f 1273/1273 1283/1283 1284/1284 1274/1274
f 1274/1274 1284/1284 1285/1285 1275/1275
f 1275/1275 1285/1285 1286/1286 1276/1276
f 1276/1276 1286/1286 1287/1287 1277/1277
f 1277/1277 1287/1287 1288/1288 1278/1278
f 1279/1279 1289/1289 1290/1290 1280/1280
f 1280/1280 1290/1290 1291/1291 1281/1281
f 1281/1281 1291/1291 1292/1292 1282/1282
f 1282/1282 1292/1292 1293/1293 1283/1283
f 1283/1283 1293/1293 1294/1294 1284/1284
f 1284/1284 1294/1294 1295/1295 1285/1285
f 1285/1285 1295/1295 1296/1296 1286/1286
f 1286/1286 1296/1296 1297/1297 1287/1287
f 1287/1287 1297/1297 1298/1298 1288/1288
f 1289/1289 1299/1299 1300/1300 1290/1290
f 1290/1290 1300/1300 1301/1301 1291/1291
f 1291/1291 1301/1301 1302/1302 1292/1292
f 1292/1292 1302/1302 1303/1303 1293/1293
f 1293/1293 1303/1303 1304/1304 1294/1294
f 1294/1294 1304/1304 1305/1305 1295/1295
f 1295/1295 1305/1305 1306/1306 1296/1296
f 1296/1296 1306/1306 1307/1307 1297/1297
f 1297/1297 1307/1307 1308/1308 1298/1298
f 1299/1299 1309/1309 1310/1310 1300/1300
f 1300/1300 1310/1310 1311/1311 1301/1301
f 1301/1301 1311/1311 1312/1312 1302/1302
f 1302/1302 1312/1312 1313/1313 1303/1303
f 1303/1303 1313/1313 1314/1314 1304/1304
f 1304/1304 1314/1314 1315/1315 1305/1305
f 1305/1305 1315/1315 1316/1316 1306/1306
f 1306/1306 1316/1316 1317/1317 1307/1307
f 1307/1307 1317/1317 1318/1318 1308/1308
f 1309/1309 1319/1319 1320/1320 1310/1310
f 1310/1310 1320/1320 1321/1321 1311/1311
f 1311/1311 1321/1321 1322/1322 1312/1312
f 1312/1312 1322/1322 1323/1323 1313/1313
f 1313/1313 1323/1323 1324/1324 1314/1314
f 1314/1314 1324/1324 1325/1325 1315/1315
f 1315/1315 1325/1325 1326/1326 1316/1316
f 1316/1316 1326/1326 1327/1327 1317/1317
f 1317/1317 1327/1327 1328/1328 1318/1318
f 1319/1319 1329/1329 1330/1330 1320/1320
f 1320/1320 1330/1330 1331/1331 1321/1321
f 1321/1321 1331/1331 1332/1332 1322/1322
f 1322/1322 1332/1332 1333/1333 1323/1323
f 1323/1323 1333/1333 1334/1334 1324/1324
f 1324/1324 1334/1334 1335/1335 1325/1325
f 1325/1325 1335/1335 1336/1336 1326/1326
f 1326/1326 1336/1336 1337/1337 1327/1327
f 1327/1327 1337/1337 1338/1338 1328/1328
f 1329/1329 1339/1339 1340/1340 1330/1330
f 1330/1330 1340/1340 1341/1341 1331/1331
f 1331/1331 1341/1341 1342/1342 1332/1332
f 1332/1332 1342/1342 1343/1343 1333/1333
f 1333/1333 1343/1343 1344/1344 1334/1334
f 1334/1334 1344/1344 1345/1345 1335/1335
f 1335/1335 1345/1345 1346/1346 1336/1336
f 1336/1336 1346/1346 1347/1347 1337/1337
f 1337/1337 1347/1347 1348/1348 1338/1338
f 1339/1339 1349/1349 1350/1350 1340/1340
f 1340/1340 1350/1350 1351/1351 1341/1341
f 1341/1341 1351/1351 1352/1352 1342/1342
f 1342/1342 1352/1352 1353/1353 1343/1343
f 1343/1343 1353/1353 1354/1354 1344/1344
f 1344/1344 1354/1354 1355/1355 1345/1345
f 1345/1345 1355/1355 1356/1356 1346/1346
f 1346/1346 1356/1356 1357/1357 1347/1347
f 1347/1347 1357/1357 1358/1358 1348/1348
f 1349/1349 1359/1359 1360/1360 1350/1350
f 1350/1350 1360/1360 1361/1361 1351/1351
f 1351/1351 1361/1361 1362/1362 1352/1352
f 1352/1352 1362/1362 1363/1363 1353/1353
f 1353/1353 1363/1363 1364/1364 1354/1354
f 1354/1354 1364/1364 1365/1365 1355/1355
f 1355/1355 1365/1365 1366/1366 1356/1356
f 1356/1356 1366/1366 1367/1367 1357/1357
f 1357/1357 1367/1367 1368/1368 1358/1358
f 1359/1359 1369/1369 1370/1370 1360/1360
f 1360/1360 1370/1370 1371/1371 1361/1361
f 1361/1361 1371/1371 1372/1372 1362/1362
f 1362/1362 1372/1372 1373/1373 1363/1363
f 1363/1363 1373/1373 1374/1374 1364/1364
f 1364/1364 1374/1374 1375/1375 1365/1365
f 1365/1365 1375/1375 1376/1376 1366/1366
f 1366/1366 1376/1376 1377/1377 1367/1367
f 1367/1367 1377/1377 1378/1378 1368/1368
f 1369/1369 1379/1379 1380/1380 1370/1370
f 1370/1370 1380/1380 1381/1381 1371/1371
f 1371/1371 1381/1381 1382/1382 1372/1372
f 1372/1372 1382/1382 1383/1383 1373/1373
f 1373/1373 1383/1383 1384/1384 1374/1374
f 1374/1374 1384/1384 1385/1385 1375/1375
f 1375/1375 1385/1385 1386/1386 1376/1376
f 1376/1376 1386/1386 1387/1387 1377/1377
f 1377/1377 1387/1387 1388/1388 1378/1378
f 1379/1379 1389/1389 1390/1390 1380/1380
f 1380/1380 1390/1390 1391/1391 1381/1381
f 1381/1381 1391/1391 1392/1392 1382/1382
f 1382/1382 1392/1392 1393/1393 1383/1383
f 1383/1383 1393/1393 1394/1394 1384/1384
f 1384/1384 1394/1394 1395/1395 1385/1385
f 1385/1385 1395/1395 1396/1396 1386/1386
f 1386/1386 1396/1396 1397/1397 1387/1387
f 1387/1387 1397/1397 1398/1398 1388/1388
f 1389/1389 1399/1399 1400/1400 1390/1390
f 1390/1390 1400/1400 1401/1401 1391/1391
f 1391/1391 1401/1401 1402/1402 1392/1392
f 1392/1392 1402/1402 1403/1403 1393/1393
f 1393/1393 1403/1403 1404/1404 1394/1394
f 1394/1394 1404/1404 1405/1405 1395/1395
f 1395/1395 1405/1405 1406/1406 1396/1396
f 1396/1396 1406/1406 1407/1407 1397/1397
f 1397/1397 1407/1407 1408/1408 1398/1398
f 1399/1399 1409/1409 1410/1410 1400/1400
f 1400/1400 1410/1410 1411/1411 1401/1401
f 1401/1401 1411/1411 1412/1412 1402/1402
f 1402/1402 1412/1412 1413/1413 1403/1403
f 1403/1403 1413/1413 1414/1414 1404/1404
f 1404/1404 1414/1414 1415/1415 1405/1405
f 1405/1405 1415/1415 1416/1416 1406/1406
f 1406/1406 1416/1416 1417/1417 1407/1407
f 1407/1407 1417/1417 1418/1418 1408/1408
f 1409/1409 1419/1419 1420/1420 1410/1410
f 1410/1410 1420/1420 1421/1421 1411/1411
f 1411/1411 1421/1421 1422/1422 1412/1412
f 1412/1412 1422/1422 1423/1423 1413/1413
f 1413/1413 1423/1423 1424/1424 1414/1414
f 1414/1414 1424/1424 1425/1425 1415/1415
f 1415/1415 1425/1425 1426/1426 1416/1416
f 1416/1416 1426/1426 1427/1427 1417/1417
f 1417/1417 1427/1427 1428/1428 1418/1418
f 1419/1419 1429/1429 1430/1430 1420/1420
f 1420/1420 1430/1430 1431/1431 1421/1421
f 1421/1421 1431/1431 1432/1432 1422/1422
f 1422/1422 1432/1432 1433/1433 1423/1423
f 1423/1423 1433/1433 1434/1434 1424/1424
f 1424/1424 1434/1434 1435/1435 1425/1425
f 1425/1425 1435/1435 1436/1436 1426/1426
f 1426/1426 1436/1436 1437/1437 1427/1427
f 1427/1427 1437/1437 1438/1438 1428/1428
f 1429/1429 1439/1439 1440/1440 1430/1430
f 1430/1430 1440/1440 1441/1441 1431/1431
f 1431/1431 1441/1441 1442/1442 1432/1432
f 1432/1432 1442/1442 1443/1443 1433/1433
f 1433/1433 1443/1443 1444/1444 1434/1434
f 1434/1434 1444/1444 1445/1445 1435/1435
f 1435/1435 1445/1445 1446/1446 1436/1436
f 1436/1436 1446/1446 1447/1447 1437/1437
f 1437/1437 1447/1447 1448/1448 1438/1438
f 1439/1439 1449/1449 1450/1450 1440/1440
f 1440/1440 1450/1450 1451/1451 1441/1441
f 1441/1441 1451/1451 1452/1452 1442/1442
f 1442/1442 1452/1452 1453/1453 1443/1443
f 1443/1443 1453/1453 1454/1454 1444/1444
f 1444/1444 1454/1454 1455/1455 1445/1445
f 1445/1445 1455/1455 1456/1456 1446/1446
f 1446/1446 1456/1456 1457/1457 1447/1447
f 1447/1447 1457/1457 1458/1458 1448/1448
f 1449/1449 1459/1459 1460/1460 1450/1450
f 1450/1450 1460/1460 1461/1461 1451/1451
f 1451/1451 1461/1461 1462/1462 1452/1452
f 1452/1452 1462/1462 1463/1463 1453/1453
f 1453/1453 1463/1463 1464/1464 1454/1454
f 1454/1454 1464/1464 1465/1465 1455/1455
f 1455/1455 1465/1465 1466/1466 1456/1456
f 1456/1456 1466/1466 1467/1467 1457/1457
f 1457/1457 1467/1467 1468/1468 1458/1458
f 1459/1459 1469/1469 1470/1470 1460/1460
f 1460/1460 1470/1470 1471/1471 1461/1461
f 1461/1461 1471/1471 1472/1472 1462/1462
f 1462/1462 1472/1472 1473/1473 1463/1463
f 1463/1463 1473/1473 1474/1474 1464/1464
f 1464/1464 1474/1474 1475/1475 1465/1465
f 1465/1465 1475/1475 1476/1476 1466/1466
f 1466/1466 1476/1476 1477/1477 1467/1467
f 1467/1467 1477/1477 1478/1478 1468/1468
f 1469/1469 1479/1479 1480/1480 1470/1470
f 1470/1470 1480/1480 1481/1481 1471/1471
f 1471/1471 1481/1481 1482/1482 1472/1472
f 1472/1472 1482/1482 1483/1483 1473/1473
f 1473/1473 1483/1483 1484/1484 1474/1474
f 1474/1474 1484/1484 1485/1485 1475/1475
f 1475/1475 1485/1485 1486/1486 1476/1476
f 1476/1476 1486/1486 1487/1487 1477/1477
f 1477/1477 1487/1487 1488/1488 1478/1478
f 1479/1479 1489/1489 1490/1490 1480/1480
f 1480/1480 1490/1490 1491/1491 1481/1481
f 1481/1481 1491/1491 1492/1492 1482/1482
f 1482/1482 1492/1492 1493/1493 1483/1483
f 1483/1483 1493/1493 1494/1494 1484/1484
f 1484/1484 1494/1494 1495/1495 1485/1485
f 1485/1485 1495/1495 1496/1496 1486/1486
f 1486/1486 1496/1496 1497/1497 1487/1487
f 1487/1487 1497/1497 1498/1498 1488/1488
f 1489/1489 1499/1499 1500/1500 1490/1490
f 1490/1490 1500/1500 1501/1501 1491/1491
f 1491/1491 1501/1501 1502/1502 1492/1492
f 1492/1492 1502/1502 1503/1503 1493/1493
f 1493/1493 1503/1503 1504/1504 1494/1494
f 1494/1494 1504/1504 1505/1505 1495/1495
f 1495/1495 1505/1505 1506/1506 1496/1496
f 1496/1496 1506/1506 1507/1507 1497/1497
f 1497/1497 1507/1507 1508/1508 1498/1498
f 1499/1499 1509/1509 1510/1510 1500/1500
f 1500/1500 1510/1510 1511/1511 1501/1501
f 1501/1501 1511/1511 1512/1512 1502/1502
f 1502/1502 1512/1512 1513/1513 1503/1503
f 1503/1503 1513/1513 1514/1514 1504/1504
f 1504/1504 1514/1514 1515/1515 1505/1505
f 1505/1505 1515/1515 1516/1516 1506/1506
f 1506/1506 1516/1516 1517/1517 1507/1507
f 1507/1507 1517/1517 1518/1518 1508/1508
f 1509/1509 1519/1519 1520/1520 1510/1510
f 1510/1510 1520/1520 1521/1521 1511/1511
f 1511/1511 1521/1521 1522/1522 1512/1512
f 1512/1512 1522/1522 1523/1523 1513/1513
f 1513/1513 1523/1523 1524/1524 1514/1514
f 1514/1514 1524/1524 1525/1525 1515/1515
f 1515/1515 1525/1525 1526/1526 1516/1516
f 1516/1516 1526/1526 1527/1527 1517/1517
f 1517/1517 1527/1527 1528/1528 1518/1518
f 1519/1519 1529/1529 1530/1530 1520/1520
f 1520/1520 1530/1530 1531/1531 1521/1521
f 1521/1521 1531/1531 1532/1532 1522/1522
f 1522/1522 1532/1532 1533/1533 1523/1523
f 1523/1523 1533/1533 1534/1534 1524/1524
f 1524/1524 1534/1534 1535/1535 1525/1525
f 1525/1525 1535/1535 1536/1536 1526/1526
f 1526/1526 1536/1536 1537/1537 1527/1527
f 1527/1527 1537/1537 1538/1538 1528/1528
f 1529/1529 1539/1539 1540/1540 1530/1530
f 1530/1530 1540/1540 1541/1541 1531/1531
f 1531/1531 1541/1541 1542/1542 1532/1532
f 1532/1532 1542/1542 1543/1543 1533/1533
f 1533/1533 1543/1543 1544/1544 1534/1534
f 1534/1534 1544/1544 1545/1545 1535/1535
f 1535/1535 1545/1545 1546/1546 1536/1536
f 1536/1536 1546/1546 1547/1547 1537/1537
f 1537/1537 1547/1547 1548/1548 1538/1538
f 1549/1549 1551/1551 1552/1552 1550/1550
f 1551/1551 1553/1553 1554/1554 1552/1552
f 1553/1553 1555/1555 1556/1556 1554/1554
f 1555/1555 1557/1557 1558/1558 1556/1556
f 1557/1557 1559/1559 1560/1560 1558/1558
f 1559/1559 1561/1561 1562/1562 1560/1560
f 1561/1561 1563/1563 1564/1564 1562/1562
f 1563/1563 1565/1565 1566/1566 1564/1564
f 1565/1565 1567/1567 1568/1568 1566/1566
f 1567/1567 1569/1569 1570/1570 1568/1568
f 1569/1569 1571/1571 1572/1572 1570/1570
f 1571/1571 1573/1573 1574/1574 1572/1572
f 1573/1573 1575/1575 1576/1576 1574/1574
f 1575/1575 1577/1577 1578/1578 1576/1576
f 1579/1579 1551/1551 1549/1549
f 1579/1579 1553/1553 1551/1551
f 1579/1579 1555/1555 1553/1553
f 1579/1579 1557/1557 1555/1555
f 1579/1579 1559/1559 1557/1557
f 1579/1579 1561/1561 1559/1559
f 1579/1579 1563/1563 1561/1561
f 1579/1579 1565/1565 1563/1563
f 1579/1579 1567/1567 1565/1565
f 1579/1579 1569/1569 1567/1567
f 1579/1579 1571/1571 1569/1569
f 1579/1579 1573/1573 1571/1571
f 1579/1579 1575/1575 1573/1573
f 1579/1579 1577/1577 1575/1575
